2026-08-08 16:06:01,664 - [Supervisor] - INFO - === Supervisor v1.0 启动 ===
2026-08-08 16:06:01,665 - [Supervisor] - INFO - BASE=/root/loyanbot
2026-08-08 16:06:01,665 - [Supervisor] - INFO - WORKSPACE=/workspace
2026-08-08 16:06:01,665 - [Supervisor] - INFO - 启动 http_server...
2026-08-08 16:06:01,670 - [Supervisor] - INFO - http_server 已启动 PID=4093
2026-08-08 16:06:31,673 - [Supervisor] - INFO - 检查周期 #1
2026-08-08 16:06:31,675 - [Supervisor] - INFO - http_server (PID=4093) 已死亡，重启...
2026-08-08 16:06:31,676 - [Supervisor] - INFO - 启动 http_server...
2026-08-08 16:06:31,678 - [Supervisor] - INFO - http_server 已启动 PID=4166
2026-08-08 16:06:31,679 - [Supervisor] - INFO - bot (PID=3772) 已死亡，重启...
2026-08-08 16:06:31,679 - [Supervisor] - INFO - 启动 bot...
2026-08-08 16:06:31,681 - [Supervisor] - INFO - bot 已启动 PID=4167
2026-08-08 16:06:31,682 - [Supervisor] - INFO - keeper_external (PID=3773) 已死亡，重启...
2026-08-08 16:06:31,682 - [Supervisor] - INFO - 启动 keeper_external...
2026-08-08 16:06:31,691 - [Supervisor] - INFO - keeper_external 已启动 PID=4168
2026-08-08 16:06:31,691 - [Supervisor] - INFO - keeper_system (PID=3774) 已死亡，重启...
2026-08-08 16:06:31,691 - [Supervisor] - INFO - 启动 keeper_system...
2026-08-08 16:06:31,702 - [Supervisor] - INFO - keeper_system 已启动 PID=4169
2026-08-08 16:07:03,556 - [Supervisor] - INFO - 检查周期 #2
2026-08-08 16:07:03,559 - [Supervisor] - INFO - keeper_external (PID=4178) 已死亡，重启...
2026-08-08 16:07:03,559 - [Supervisor] - INFO - 启动 keeper_external...
2026-08-08 16:07:03,562 - [Supervisor] - INFO - keeper_external 已启动 PID=4264
2026-08-08 16:07:35,277 - [Supervisor] - INFO - 检查周期 #3
2026-08-08 16:07:42,838 - [Supervisor] - INFO - === Supervisor v1.1 启动 ===
2026-08-08 16:07:42,838 - [Supervisor] - INFO - BASE=/root/loyanbot
2026-08-08 16:07:42,838 - [Supervisor] - INFO - WORKSPACE=/workspace
2026-08-08 16:08:02,839 - [Supervisor] - INFO - 检查周期 #1
2026-08-08 16:08:24,242 - [Supervisor] - INFO - 检查周期 #2
2026-08-08 16:08:30,689 - [Supervisor] - INFO - === Supervisor v1.1 启动 ===
2026-08-08 16:08:30,690 - [Supervisor] - INFO - BASE=/root/loyanbot
2026-08-08 16:08:30,690 - [Supervisor] - INFO - WORKSPACE=/workspace
2026-08-08 16:08:30,690 - [Supervisor] - INFO - 清理僵尸 PID 文件: http_server.pid (PID=4166)
2026-08-08 16:08:30,690 - [Supervisor] - INFO - 清理僵尸 PID 文件: bot.pid (PID=4167)
2026-08-08 16:08:30,690 - [Supervisor] - INFO - 清理僵尸 PID 文件: keeper_external.pid (PID=4264)
2026-08-08 16:08:30,691 - [Supervisor] - INFO - 清理僵尸 PID 文件: keeper_system.pid (PID=4169)
2026-08-08 16:08:30,691 - [Supervisor] - INFO - 启动 http_server...
2026-08-08 16:08:30,694 - [Supervisor] - INFO - http_server 已启动 PID=4393
2026-08-08 16:08:30,694 - [Supervisor] - INFO - 启动 bot...
2026-08-08 16:08:30,699 - [Supervisor] - INFO - bot 已启动 PID=4394
2026-08-08 16:08:30,699 - [Supervisor] - INFO - 启动 keeper_external...
2026-08-08 16:08:30,708 - [Supervisor] - INFO - keeper_external 已启动 PID=4395
2026-08-08 16:08:30,708 - [Supervisor] - INFO - 启动 keeper_system...
2026-08-08 16:08:30,748 - [Supervisor] - INFO - keeper_system 已启动 PID=4396
2026-08-08 16:08:50,753 - [Supervisor] - INFO - 检查周期 #1
2026-08-08 16:08:50,755 - [Supervisor] - INFO - http_server (PID=4393) 已死亡，重启...
2026-08-08 16:08:50,755 - [Supervisor] - INFO - 启动 http_server...
2026-08-08 16:08:50,760 - [Supervisor] - INFO - http_server 已启动 PID=4443
2026-08-08 16:09:12,222 - [Supervisor] - INFO - 检查周期 #2
2026-08-08 16:09:12,226 - [Supervisor] - INFO - http_server (PID=4443) 已死亡，重启...
2026-08-08 16:09:12,226 - [Supervisor] - INFO - 启动 http_server...
2026-08-08 16:09:12,232 - [Supervisor] - INFO - http_server 已启动 PID=4479
2026-08-08 16:09:32,197 - [Supervisor] - INFO - === Supervisor v1.1 启动 ===
2026-08-08 16:09:32,197 - [Supervisor] - INFO - BASE=/root/loyanbot
2026-08-08 16:09:32,197 - [Supervisor] - INFO - WORKSPACE=/workspace
2026-08-08 16:09:32,197 - [Supervisor] - INFO - 清理僵尸 PID 文件: http_server.pid (PID=4479)
2026-08-08 16:09:32,197 - [Supervisor] - INFO - 清理僵尸 PID 文件: bot.pid (PID=4394)
2026-08-08 16:09:32,198 - [Supervisor] - INFO - 清理僵尸 PID 文件: keeper_external.pid (PID=4395)
2026-08-08 16:09:32,198 - [Supervisor] - INFO - 清理僵尸 PID 文件: keeper_system.pid (PID=4396)
2026-08-08 16:09:32,198 - [Supervisor] - INFO - 启动 http_server...
2026-08-08 16:09:32,199 - [Supervisor] - INFO - http_server 已启动 PID=4535
2026-08-08 16:09:32,199 - [Supervisor] - INFO - 启动 bot...
2026-08-08 16:09:32,210 - [Supervisor] - INFO - bot 已启动 PID=4536
2026-08-08 16:09:32,211 - [Supervisor] - INFO - 启动 keeper_external...
2026-08-08 16:09:32,214 - [Supervisor] - INFO - keeper_external 已启动 PID=4537
2026-08-08 16:09:32,214 - [Supervisor] - INFO - 启动 keeper_system...
2026-08-08 16:09:32,226 - [Supervisor] - INFO - keeper_system 已启动 PID=4538
2026-08-08 16:09:52,240 - [Supervisor] - INFO - 检查周期 #1
2026-08-08 16:10:13,840 - [Supervisor] - INFO - 检查周期 #2
2026-08-08 16:10:37,468 - [Supervisor] - INFO - 检查周期 #3
2026-08-08 16:10:58,848 - [Supervisor] - INFO - 检查周期 #4
2026-08-08 16:11:20,302 - [Supervisor] - INFO - 检查周期 #5
2026-08-08 16:11:42,060 - [Supervisor] - INFO - 检查周期 #6
2026-08-08 16:12:03,597 - [Supervisor] - INFO - 检查周期 #7
2026-08-08 16:12:26,019 - [Supervisor] - INFO - 检查周期 #8
2026-08-08 16:12:48,413 - [Supervisor] - INFO - 检查周期 #9
2026-08-08 16:13:11,416 - [Supervisor] - INFO - 检查周期 #10
2026-08-08 16:13:32,972 - [Supervisor] - INFO - 检查周期 #11
2026-08-08 16:13:54,656 - [Supervisor] - INFO - 检查周期 #12
2026-08-08 16:14:16,765 - [Supervisor] - INFO - 检查周期 #13
2026-08-08 16:14:38,699 - [Supervisor] - INFO - 检查周期 #14
2026-08-08 16:15:00,052 - [Supervisor] - INFO - 检查周期 #15
2026-08-08 16:15:21,506 - [Supervisor] - INFO - 检查周期 #16
2026-08-08 16:15:42,762 - [Supervisor] - INFO - 检查周期 #17
2026-08-08 16:16:04,141 - [Supervisor] - INFO - 检查周期 #18
2026-08-08 16:16:25,881 - [Supervisor] - INFO - 检查周期 #19
2026-08-08 16:16:47,168 - [Supervisor] - INFO - 检查周期 #20
2026-08-08 16:17:08,355 - [Supervisor] - INFO - 检查周期 #21
2026-08-08 16:17:29,934 - [Supervisor] - INFO - 检查周期 #22
2026-08-08 16:17:52,223 - [Supervisor] - INFO - 检查周期 #23
2026-08-08 16:18:14,604 - [Supervisor] - INFO - 检查周期 #24
2026-08-08 16:18:35,902 - [Supervisor] - INFO - 检查周期 #25
2026-08-08 16:18:57,645 - [Supervisor] - INFO - 检查周期 #26
2026-08-08 16:19:19,047 - [Supervisor] - INFO - 检查周期 #27
2026-08-08 16:19:40,528 - [Supervisor] - INFO - 检查周期 #28
2026-08-08 16:20:01,848 - [Supervisor] - INFO - 检查周期 #29
2026-08-08 16:20:23,192 - [Supervisor] - INFO - 检查周期 #30
2026-08-08 16:20:45,594 - [Supervisor] - INFO - 检查周期 #31
2026-08-08 16:21:06,862 - [Supervisor] - INFO - 检查周期 #32
2026-08-08 16:21:28,139 - [Supervisor] - INFO - 检查周期 #33
2026-08-08 16:21:49,416 - [Supervisor] - INFO - 检查周期 #34
2026-08-08 16:22:11,671 - [Supervisor] - INFO - 检查周期 #35
2026-08-08 16:22:33,346 - [Supervisor] - INFO - 检查周期 #36
2026-08-08 16:22:54,519 - [Supervisor] - INFO - 检查周期 #37
2026-08-08 16:23:17,874 - [Supervisor] - INFO - 检查周期 #38
2026-08-08 16:23:39,293 - [Supervisor] - INFO - 检查周期 #39
2026-08-08 16:24:01,000 - [Supervisor] - INFO - 检查周期 #40
2026-08-08 16:24:22,261 - [Supervisor] - INFO - 检查周期 #41
2026-08-08 16:24:44,593 - [Supervisor] - INFO - 检查周期 #42
2026-08-08 16:25:05,852 - [Supervisor] - INFO - 检查周期 #43
2026-08-08 16:25:27,165 - [Supervisor] - INFO - 检查周期 #44
2026-08-08 16:25:49,954 - [Supervisor] - INFO - 检查周期 #45
2026-08-08 16:26:11,170 - [Supervisor] - INFO - 检查周期 #46
2026-08-08 16:26:32,469 - [Supervisor] - INFO - 检查周期 #47
2026-08-08 16:26:53,707 - [Supervisor] - INFO - 检查周期 #48
2026-08-08 16:27:15,012 - [Supervisor] - INFO - 检查周期 #49
2026-08-08 16:27:36,764 - [Supervisor] - INFO - 检查周期 #50
2026-08-08 16:27:58,055 - [Supervisor] - INFO - 检查周期 #51
2026-08-08 16:28:19,386 - [Supervisor] - INFO - 检查周期 #52
2026-08-08 16:28:40,694 - [Supervisor] - INFO - 检查周期 #53
2026-08-08 16:29:01,931 - [Supervisor] - INFO - 检查周期 #54
2026-08-08 16:29:23,583 - [Supervisor] - INFO - 检查周期 #55
2026-08-08 16:29:44,883 - [Supervisor] - INFO - 检查周期 #56
2026-08-08 16:30:06,125 - [Supervisor] - INFO - 检查周期 #57
2026-08-08 16:30:27,334 - [Supervisor] - INFO - 检查周期 #58
2026-08-08 16:30:48,710 - [Supervisor] - INFO - 检查周期 #59
2026-08-08 16:31:09,938 - [Supervisor] - INFO - 检查周期 #60
2026-08-08 16:31:31,230 - [Supervisor] - INFO - 检查周期 #61
2026-08-08 16:31:52,776 - [Supervisor] - INFO - 检查周期 #62
2026-08-08 16:32:14,028 - [Supervisor] - INFO - 检查周期 #63
2026-08-08 16:32:35,256 - [Supervisor] - INFO - 检查周期 #64
2026-08-08 16:32:56,422 - [Supervisor] - INFO - 检查周期 #65
2026-08-08 16:33:17,706 - [Supervisor] - INFO - 检查周期 #66
2026-08-08 16:33:38,976 - [Supervisor] - INFO - 检查周期 #67
2026-08-08 16:34:00,142 - [Supervisor] - INFO - 检查周期 #68
2026-08-08 16:34:21,323 - [Supervisor] - INFO - 检查周期 #69
2026-08-08 16:34:42,503 - [Supervisor] - INFO - 检查周期 #70
2026-08-08 16:35:03,718 - [Supervisor] - INFO - 检查周期 #71
2026-08-08 16:35:24,905 - [Supervisor] - INFO - 检查周期 #72
2026-08-08 16:35:46,099 - [Supervisor] - INFO - 检查周期 #73
2026-08-08 16:36:07,508 - [Supervisor] - INFO - 检查周期 #74
2026-08-08 16:36:28,713 - [Supervisor] - INFO - 检查周期 #75
2026-08-08 16:36:49,920 - [Supervisor] - INFO - 检查周期 #76
2026-08-08 16:37:11,313 - [Supervisor] - INFO - 检查周期 #77
2026-08-08 16:37:32,519 - [Supervisor] - INFO - 检查周期 #78
2026-08-08 16:37:53,896 - [Supervisor] - INFO - 检查周期 #79
2026-08-08 16:38:15,083 - [Supervisor] - INFO - 检查周期 #80
2026-08-08 16:38:36,361 - [Supervisor] - INFO - 检查周期 #81
2026-08-08 16:38:57,624 - [Supervisor] - INFO - 检查周期 #82
2026-08-08 16:39:18,878 - [Supervisor] - INFO - 检查周期 #83
2026-08-08 16:39:40,295 - [Supervisor] - INFO - 检查周期 #84
2026-08-08 16:40:01,533 - [Supervisor] - INFO - 检查周期 #85
2026-08-08 16:40:22,761 - [Supervisor] - INFO - 检查周期 #86
2026-08-08 16:40:43,921 - [Supervisor] - INFO - 检查周期 #87
2026-08-08 16:41:05,288 - [Supervisor] - INFO - 检查周期 #88
2026-08-08 16:41:26,663 - [Supervisor] - INFO - 检查周期 #89
2026-08-08 16:41:48,355 - [Supervisor] - INFO - 检查周期 #90
2026-08-08 16:42:09,655 - [Supervisor] - INFO - 检查周期 #91
2026-08-08 16:42:30,962 - [Supervisor] - INFO - 检查周期 #92
2026-08-08 16:42:52,196 - [Supervisor] - INFO - 检查周期 #93
2026-08-08 16:43:13,467 - [Supervisor] - INFO - 检查周期 #94
2026-08-08 16:43:34,677 - [Supervisor] - INFO - 检查周期 #95
2026-08-08 16:43:56,099 - [Supervisor] - INFO - 检查周期 #96
2026-08-08 16:44:17,524 - [Supervisor] - INFO - 检查周期 #97
2026-08-08 16:44:38,860 - [Supervisor] - INFO - 检查周期 #98
2026-08-08 16:45:00,094 - [Supervisor] - INFO - 检查周期 #99
2026-08-08 16:45:21,511 - [Supervisor] - INFO - 检查周期 #100
2026-08-08 16:45:42,829 - [Supervisor] - INFO - 检查周期 #101
2026-08-08 16:46:05,331 - [Supervisor] - INFO - 检查周期 #102
2026-08-08 16:46:26,567 - [Supervisor] - INFO - 检查周期 #103
2026-08-08 16:46:48,929 - [Supervisor] - INFO - 检查周期 #104
2026-08-08 16:46:48,932 - [Supervisor] - INFO - http_server (PID=4535) 已死亡，重启...
2026-08-08 16:46:48,933 - [Supervisor] - INFO - 启动 http_server...
2026-08-08 16:46:48,934 - [Supervisor] - INFO - http_server 已启动 PID=6741
2026-08-08 16:47:10,214 - [Supervisor] - INFO - 检查周期 #105
2026-08-08 16:47:10,217 - [Supervisor] - INFO - http_server (PID=6741) 已死亡，重启...
2026-08-08 16:47:10,217 - [Supervisor] - INFO - 启动 http_server...
2026-08-08 16:47:10,218 - [Supervisor] - INFO - http_server 已启动 PID=6770
2026-08-08 16:47:31,420 - [Supervisor] - INFO - 检查周期 #106
2026-08-08 16:47:31,424 - [Supervisor] - INFO - http_server (PID=6770) 已死亡，重启...
2026-08-08 16:47:31,425 - [Supervisor] - INFO - 启动 http_server...
2026-08-08 16:47:31,426 - [Supervisor] - INFO - http_server 已启动 PID=6777
2026-08-08 16:47:52,725 - [Supervisor] - INFO - 检查周期 #107
2026-08-08 16:48:13,985 - [Supervisor] - INFO - 检查周期 #108
2026-08-08 16:48:35,695 - [Supervisor] - INFO - 检查周期 #109
2026-08-08 16:48:56,967 - [Supervisor] - INFO - 检查周期 #110
2026-08-08 16:49:18,237 - [Supervisor] - INFO - 检查周期 #111
2026-08-08 16:49:39,914 - [Supervisor] - INFO - 检查周期 #112
2026-08-08 16:50:01,143 - [Supervisor] - INFO - 检查周期 #113
2026-08-08 16:50:22,453 - [Supervisor] - INFO - 检查周期 #114
2026-08-08 16:50:43,681 - [Supervisor] - INFO - 检查周期 #115
2026-08-08 16:51:04,874 - [Supervisor] - INFO - 检查周期 #116
2026-08-08 16:51:27,360 - [Supervisor] - INFO - 检查周期 #117
2026-08-08 16:51:48,661 - [Supervisor] - INFO - 检查周期 #118
2026-08-08 16:52:10,078 - [Supervisor] - INFO - 检查周期 #119
2026-08-08 16:52:31,394 - [Supervisor] - INFO - 检查周期 #120
2026-08-08 16:52:52,563 - [Supervisor] - INFO - 检查周期 #121
2026-08-08 16:53:13,824 - [Supervisor] - INFO - 检查周期 #122
2026-08-08 16:53:35,165 - [Supervisor] - INFO - 检查周期 #123
2026-08-08 16:53:56,437 - [Supervisor] - INFO - 检查周期 #124
2026-08-08 16:54:17,686 - [Supervisor] - INFO - 检查周期 #125
2026-08-08 16:54:38,871 - [Supervisor] - INFO - 检查周期 #126
2026-08-08 16:55:01,075 - [Supervisor] - INFO - 检查周期 #127
2026-08-08 16:55:22,307 - [Supervisor] - INFO - 检查周期 #128
2026-08-08 16:55:43,555 - [Supervisor] - INFO - 检查周期 #129
2026-08-08 16:56:04,798 - [Supervisor] - INFO - 检查周期 #130
2026-08-08 16:56:26,227 - [Supervisor] - INFO - 检查周期 #131
2026-08-08 16:56:47,491 - [Supervisor] - INFO - 检查周期 #132
2026-08-08 16:57:08,682 - [Supervisor] - INFO - 检查周期 #133
2026-08-08 16:57:29,892 - [Supervisor] - INFO - 检查周期 #134
2026-08-08 16:57:51,166 - [Supervisor] - INFO - 检查周期 #135
2026-08-08 16:58:12,399 - [Supervisor] - INFO - 检查周期 #136
2026-08-08 16:58:33,638 - [Supervisor] - INFO - 检查周期 #137
2026-08-08 16:58:54,848 - [Supervisor] - INFO - 检查周期 #138
2026-08-08 16:59:16,097 - [Supervisor] - INFO - 检查周期 #139
2026-08-08 16:59:37,316 - [Supervisor] - INFO - 检查周期 #140
2026-08-08 16:59:58,737 - [Supervisor] - INFO - 检查周期 #141
2026-08-08 17:00:19,990 - [Supervisor] - INFO - 检查周期 #142
2026-08-08 17:00:41,217 - [Supervisor] - INFO - 检查周期 #143
2026-08-08 17:01:02,811 - [Supervisor] - INFO - 检查周期 #144
2026-08-08 17:01:24,020 - [Supervisor] - INFO - 检查周期 #145
2026-08-08 17:01:45,212 - [Supervisor] - INFO - 检查周期 #146
2026-08-08 17:02:06,442 - [Supervisor] - INFO - 检查周期 #147
2026-08-08 17:02:27,666 - [Supervisor] - INFO - 检查周期 #148
2026-08-08 17:02:48,834 - [Supervisor] - INFO - 检查周期 #149
2026-08-08 17:03:10,050 - [Supervisor] - INFO - 检查周期 #150
2026-08-08 17:03:31,282 - [Supervisor] - INFO - 检查周期 #151
2026-08-08 17:03:52,549 - [Supervisor] - INFO - 检查周期 #152
2026-08-08 17:04:13,756 - [Supervisor] - INFO - 检查周期 #153
2026-08-08 17:04:34,974 - [Supervisor] - INFO - 检查周期 #154
2026-08-08 17:04:56,223 - [Supervisor] - INFO - 检查周期 #155
2026-08-08 17:05:17,554 - [Supervisor] - INFO - 检查周期 #156
2026-08-08 17:05:38,736 - [Supervisor] - INFO - 检查周期 #157
2026-08-08 17:06:00,297 - [Supervisor] - INFO - 检查周期 #158
2026-08-08 17:06:21,518 - [Supervisor] - INFO - 检查周期 #159
2026-08-08 17:06:42,757 - [Supervisor] - INFO - 检查周期 #160
2026-08-08 17:07:03,932 - [Supervisor] - INFO - 检查周期 #161
2026-08-08 17:07:25,239 - [Supervisor] - INFO - 检查周期 #162
2026-08-08 17:07:46,739 - [Supervisor] - INFO - 检查周期 #163
2026-08-08 17:08:08,245 - [Supervisor] - INFO - 检查周期 #164
2026-08-08 17:08:29,511 - [Supervisor] - INFO - 检查周期 #165
2026-08-08 17:08:50,727 - [Supervisor] - INFO - 检查周期 #166
2026-08-08 17:09:11,995 - [Supervisor] - INFO - 检查周期 #167
2026-08-08 17:09:33,164 - [Supervisor] - INFO - 检查周期 #168
2026-08-08 17:09:54,378 - [Supervisor] - INFO - 检查周期 #169
2026-08-08 17:10:15,542 - [Supervisor] - INFO - 检查周期 #170
2026-08-08 17:10:36,723 - [Supervisor] - INFO - 检查周期 #171
2026-08-08 17:10:57,920 - [Supervisor] - INFO - 检查周期 #172
2026-08-08 17:11:19,128 - [Supervisor] - INFO - 检查周期 #173
2026-08-08 17:11:40,497 - [Supervisor] - INFO - 检查周期 #174
2026-08-08 17:12:01,709 - [Supervisor] - INFO - 检查周期 #175
2026-08-08 17:12:22,890 - [Supervisor] - INFO - 检查周期 #176
2026-08-08 17:12:44,166 - [Supervisor] - INFO - 检查周期 #177
2026-08-08 17:13:05,484 - [Supervisor] - INFO - 检查周期 #178
2026-08-08 17:13:26,752 - [Supervisor] - INFO - 检查周期 #179
2026-08-08 17:13:47,987 - [Supervisor] - INFO - 检查周期 #180
2026-08-08 17:14:09,578 - [Supervisor] - INFO - 检查周期 #181
2026-08-08 17:14:30,833 - [Supervisor] - INFO - 检查周期 #182
2026-08-08 17:14:52,126 - [Supervisor] - INFO - 检查周期 #183
2026-08-08 17:15:13,508 - [Supervisor] - INFO - 检查周期 #184
2026-08-08 17:15:34,735 - [Supervisor] - INFO - 检查周期 #185
2026-08-08 17:15:55,990 - [Supervisor] - INFO - 检查周期 #186
2026-08-08 17:16:17,216 - [Supervisor] - INFO - 检查周期 #187
2026-08-08 17:16:38,442 - [Supervisor] - INFO - 检查周期 #188
2026-08-08 17:16:59,694 - [Supervisor] - INFO - 检查周期 #189
2026-08-08 17:17:20,903 - [Supervisor] - INFO - 检查周期 #190
2026-08-08 17:17:42,116 - [Supervisor] - INFO - 检查周期 #191
2026-08-08 17:18:03,289 - [Supervisor] - INFO - 检查周期 #192
2026-08-08 17:18:24,468 - [Supervisor] - INFO - 检查周期 #193
2026-08-08 17:18:45,681 - [Supervisor] - INFO - 检查周期 #194
2026-08-08 17:19:06,928 - [Supervisor] - INFO - 检查周期 #195
2026-08-08 17:19:28,160 - [Supervisor] - INFO - 检查周期 #196
2026-08-08 17:19:49,429 - [Supervisor] - INFO - 检查周期 #197
2026-08-08 17:20:10,684 - [Supervisor] - INFO - 检查周期 #198
2026-08-08 17:20:31,918 - [Supervisor] - INFO - 检查周期 #199
2026-08-08 17:20:53,214 - [Supervisor] - INFO - 检查周期 #200
2026-08-08 17:21:14,444 - [Supervisor] - INFO - 检查周期 #201
2026-08-08 17:21:35,679 - [Supervisor] - INFO - 检查周期 #202
2026-08-08 17:21:56,926 - [Supervisor] - INFO - 检查周期 #203
2026-08-08 17:22:18,121 - [Supervisor] - INFO - 检查周期 #204
2026-08-08 17:22:39,347 - [Supervisor] - INFO - 检查周期 #205
2026-08-08 17:23:00,600 - [Supervisor] - INFO - 检查周期 #206
2026-08-08 17:23:21,906 - [Supervisor] - INFO - 检查周期 #207
2026-08-08 17:23:43,179 - [Supervisor] - INFO - 检查周期 #208
2026-08-08 17:24:04,794 - [Supervisor] - INFO - 检查周期 #209
2026-08-08 17:24:26,071 - [Supervisor] - INFO - 检查周期 #210
2026-08-08 17:24:47,245 - [Supervisor] - INFO - 检查周期 #211
2026-08-08 17:25:08,450 - [Supervisor] - INFO - 检查周期 #212
2026-08-08 17:25:29,632 - [Supervisor] - INFO - 检查周期 #213
2026-08-08 17:25:50,963 - [Supervisor] - INFO - 检查周期 #214
2026-08-08 17:26:12,146 - [Supervisor] - INFO - 检查周期 #215
2026-08-08 17:26:33,380 - [Supervisor] - INFO - 检查周期 #216
2026-08-08 17:26:54,629 - [Supervisor] - INFO - 检查周期 #217
2026-08-08 17:27:15,862 - [Supervisor] - INFO - 检查周期 #218
2026-08-08 17:27:37,136 - [Supervisor] - INFO - 检查周期 #219
2026-08-08 17:27:58,357 - [Supervisor] - INFO - 检查周期 #220
2026-08-08 17:28:19,566 - [Supervisor] - INFO - 检查周期 #221
2026-08-08 17:28:40,837 - [Supervisor] - INFO - 检查周期 #222
2026-08-08 17:29:02,061 - [Supervisor] - INFO - 检查周期 #223
2026-08-08 17:29:23,370 - [Supervisor] - INFO - 检查周期 #224
2026-08-08 17:29:44,631 - [Supervisor] - INFO - 检查周期 #225
2026-08-08 17:30:05,870 - [Supervisor] - INFO - 检查周期 #226
2026-08-08 17:30:27,038 - [Supervisor] - INFO - 检查周期 #227
2026-08-08 17:30:48,223 - [Supervisor] - INFO - 检查周期 #228
2026-08-08 17:31:09,425 - [Supervisor] - INFO - 检查周期 #229
2026-08-08 17:31:30,631 - [Supervisor] - INFO - 检查周期 #230
2026-08-08 17:31:51,874 - [Supervisor] - INFO - 检查周期 #231
2026-08-08 17:32:13,157 - [Supervisor] - INFO - 检查周期 #232
2026-08-08 17:32:34,340 - [Supervisor] - INFO - 检查周期 #233
2026-08-08 17:32:55,495 - [Supervisor] - INFO - 检查周期 #234
2026-08-08 17:33:16,679 - [Supervisor] - INFO - 检查周期 #235
2026-08-08 17:33:37,921 - [Supervisor] - INFO - 检查周期 #236
2026-08-08 17:33:58,730 - [Supervisor] - INFO - 检查周期 #237
2026-08-08 17:34:19,897 - [Supervisor] - INFO - 检查周期 #238
2026-08-08 17:34:41,422 - [Supervisor] - INFO - 检查周期 #239
2026-08-08 17:35:02,761 - [Supervisor] - INFO - 检查周期 #240
2026-08-08 17:35:23,931 - [Supervisor] - INFO - 检查周期 #241
2026-08-08 17:35:45,256 - [Supervisor] - INFO - 检查周期 #242
2026-08-08 17:36:06,395 - [Supervisor] - INFO - 检查周期 #243
2026-08-08 17:36:27,339 - [Supervisor] - INFO - 检查周期 #244
2026-08-08 17:36:48,562 - [Supervisor] - INFO - 检查周期 #245
2026-08-08 17:37:09,843 - [Supervisor] - INFO - 检查周期 #246
2026-08-08 17:37:31,203 - [Supervisor] - INFO - 检查周期 #247
2026-08-08 17:37:52,383 - [Supervisor] - INFO - 检查周期 #248
2026-08-08 17:38:13,604 - [Supervisor] - INFO - 检查周期 #249
2026-08-08 17:38:34,766 - [Supervisor] - INFO - 检查周期 #250
2026-08-08 17:38:55,969 - [Supervisor] - INFO - 检查周期 #251
2026-08-08 17:39:17,150 - [Supervisor] - INFO - 检查周期 #252
2026-08-08 17:39:38,316 - [Supervisor] - INFO - 检查周期 #253
2026-08-08 17:39:59,471 - [Supervisor] - INFO - 检查周期 #254
2026-08-08 17:40:20,776 - [Supervisor] - INFO - 检查周期 #255
2026-08-08 17:40:42,040 - [Supervisor] - INFO - 检查周期 #256
2026-08-08 17:41:03,242 - [Supervisor] - INFO - 检查周期 #257
2026-08-08 17:41:24,428 - [Supervisor] - INFO - 检查周期 #258
2026-08-08 17:41:45,686 - [Supervisor] - INFO - 检查周期 #259
2026-08-08 17:42:06,910 - [Supervisor] - INFO - 检查周期 #260
2026-08-08 17:42:28,088 - [Supervisor] - INFO - 检查周期 #261
2026-08-08 17:42:49,248 - [Supervisor] - INFO - 检查周期 #262
2026-08-08 17:43:10,445 - [Supervisor] - INFO - 检查周期 #263
2026-08-08 17:43:31,617 - [Supervisor] - INFO - 检查周期 #264
2026-08-08 17:43:52,818 - [Supervisor] - INFO - 检查周期 #265
2026-08-08 17:44:14,064 - [Supervisor] - INFO - 检查周期 #266
2026-08-08 17:44:35,198 - [Supervisor] - INFO - 检查周期 #267
2026-08-08 17:44:56,385 - [Supervisor] - INFO - 检查周期 #268
2026-08-08 17:45:17,591 - [Supervisor] - INFO - 检查周期 #269
2026-08-08 17:45:38,791 - [Supervisor] - INFO - 检查周期 #270
2026-08-08 17:46:00,005 - [Supervisor] - INFO - 检查周期 #271
2026-08-08 17:46:21,236 - [Supervisor] - INFO - 检查周期 #272
2026-08-08 17:46:42,430 - [Supervisor] - INFO - 检查周期 #273
2026-08-08 17:47:03,589 - [Supervisor] - INFO - 检查周期 #274
2026-08-08 17:47:24,771 - [Supervisor] - INFO - 检查周期 #275
2026-08-08 17:47:45,573 - [Supervisor] - INFO - 检查周期 #276
2026-08-08 17:48:06,741 - [Supervisor] - INFO - 检查周期 #277
2026-08-08 17:48:27,958 - [Supervisor] - INFO - 检查周期 #278
2026-08-08 17:48:49,093 - [Supervisor] - INFO - 检查周期 #279
2026-08-08 17:49:10,245 - [Supervisor] - INFO - 检查周期 #280
2026-08-08 17:49:31,405 - [Supervisor] - INFO - 检查周期 #281
2026-08-08 17:49:52,715 - [Supervisor] - INFO - 检查周期 #282
2026-08-08 17:50:13,867 - [Supervisor] - INFO - 检查周期 #283
2026-08-08 17:50:35,132 - [Supervisor] - INFO - 检查周期 #284
2026-08-08 17:50:56,317 - [Supervisor] - INFO - 检查周期 #285
2026-08-08 17:51:17,518 - [Supervisor] - INFO - 检查周期 #286
2026-08-08 17:51:38,705 - [Supervisor] - INFO - 检查周期 #287
2026-08-08 17:51:59,856 - [Supervisor] - INFO - 检查周期 #288
2026-08-08 17:52:21,188 - [Supervisor] - INFO - 检查周期 #289
2026-08-08 17:52:42,358 - [Supervisor] - INFO - 检查周期 #290
2026-08-08 17:53:03,552 - [Supervisor] - INFO - 检查周期 #291
2026-08-08 17:53:24,883 - [Supervisor] - INFO - 检查周期 #292
2026-08-08 17:53:46,038 - [Supervisor] - INFO - 检查周期 #293
2026-08-09 01:09:33,045 - [Supervisor] - INFO - 检查周期 #294
2026-08-09 01:09:54,257 - [Supervisor] - INFO - 检查周期 #295
2026-08-09 01:10:15,457 - [Supervisor] - INFO - 检查周期 #296
2026-08-09 01:10:36,634 - [Supervisor] - INFO - 检查周期 #297
2026-08-09 01:10:57,920 - [Supervisor] - INFO - 检查周期 #298
2026-08-09 01:11:19,139 - [Supervisor] - INFO - 检查周期 #299
2026-08-09 01:11:39,937 - [Supervisor] - INFO - 检查周期 #300
2026-08-09 01:12:01,169 - [Supervisor] - INFO - 检查周期 #301
2026-08-09 01:12:22,498 - [Supervisor] - INFO - 检查周期 #302
2026-08-09 01:12:43,790 - [Supervisor] - INFO - 检查周期 #303
2026-08-09 01:13:04,974 - [Supervisor] - INFO - 检查周期 #304
2026-08-09 01:13:26,390 - [Supervisor] - INFO - 检查周期 #305
2026-08-09 01:13:47,818 - [Supervisor] - INFO - 检查周期 #306
2026-08-09 01:14:09,033 - [Supervisor] - INFO - 检查周期 #307
2026-08-09 01:14:30,779 - [Supervisor] - INFO - 检查周期 #308
2026-08-09 01:14:51,989 - [Supervisor] - INFO - 检查周期 #309
2026-08-09 01:15:13,286 - [Supervisor] - INFO - 检查周期 #310
2026-08-09 01:15:34,552 - [Supervisor] - INFO - 检查周期 #311
2026-08-09 01:15:55,744 - [Supervisor] - INFO - 检查周期 #312
2026-08-09 01:16:16,775 - [Supervisor] - INFO - 检查周期 #313
2026-08-09 01:16:38,180 - [Supervisor] - INFO - 检查周期 #314
2026-08-09 01:16:59,581 - [Supervisor] - INFO - 检查周期 #315
2026-08-09 01:17:20,753 - [Supervisor] - INFO - 检查周期 #316
2026-08-09 01:17:42,376 - [Supervisor] - INFO - 检查周期 #317
2026-08-09 01:18:03,592 - [Supervisor] - INFO - 检查周期 #318
2026-08-09 01:18:24,815 - [Supervisor] - INFO - 检查周期 #319
2026-08-09 01:18:46,047 - [Supervisor] - INFO - 检查周期 #320
2026-08-09 01:19:07,298 - [Supervisor] - INFO - 检查周期 #321
2026-08-09 01:19:28,510 - [Supervisor] - INFO - 检查周期 #322
2026-08-09 01:19:49,675 - [Supervisor] - INFO - 检查周期 #323
2026-08-09 01:20:10,900 - [Supervisor] - INFO - 检查周期 #324
2026-08-09 01:20:32,095 - [Supervisor] - INFO - 检查周期 #325
2026-08-09 01:20:53,277 - [Supervisor] - INFO - 检查周期 #326
2026-08-09 01:21:14,536 - [Supervisor] - INFO - 检查周期 #327
2026-08-09 01:21:35,740 - [Supervisor] - INFO - 检查周期 #328
2026-08-09 01:21:56,898 - [Supervisor] - INFO - 检查周期 #329
2026-08-09 01:22:18,056 - [Supervisor] - INFO - 检查周期 #330
2026-08-09 01:22:39,261 - [Supervisor] - INFO - 检查周期 #331
2026-08-09 01:23:00,427 - [Supervisor] - INFO - 检查周期 #332
2026-08-09 01:23:21,667 - [Supervisor] - INFO - 检查周期 #333
2026-08-09 01:23:42,891 - [Supervisor] - INFO - 检查周期 #334
2026-08-09 01:24:04,310 - [Supervisor] - INFO - 检查周期 #335
2026-08-09 01:24:25,579 - [Supervisor] - INFO - 检查周期 #336
2026-08-09 01:24:46,886 - [Supervisor] - INFO - 检查周期 #337
2026-08-09 01:25:08,179 - [Supervisor] - INFO - 检查周期 #338
2026-08-09 01:25:29,613 - [Supervisor] - INFO - 检查周期 #339
2026-08-09 01:25:50,930 - [Supervisor] - INFO - 检查周期 #340
2026-08-09 01:26:12,185 - [Supervisor] - INFO - 检查周期 #341
2026-08-09 01:26:33,742 - [Supervisor] - INFO - 检查周期 #342
2026-08-09 01:26:54,993 - [Supervisor] - INFO - 检查周期 #343
2026-08-09 01:27:16,201 - [Supervisor] - INFO - 检查周期 #344
2026-08-09 01:27:37,370 - [Supervisor] - INFO - 检查周期 #345
2026-08-09 01:27:58,540 - [Supervisor] - INFO - 检查周期 #346
2026-08-09 01:28:19,750 - [Supervisor] - INFO - 检查周期 #347
2026-08-09 01:28:41,036 - [Supervisor] - INFO - 检查周期 #348
2026-08-09 01:29:02,344 - [Supervisor] - INFO - 检查周期 #349
2026-08-09 01:29:23,713 - [Supervisor] - INFO - 检查周期 #350
2026-08-09 01:29:44,895 - [Supervisor] - INFO - 检查周期 #351
2026-08-09 01:30:06,324 - [Supervisor] - INFO - 检查周期 #352
2026-08-09 01:30:27,511 - [Supervisor] - INFO - 检查周期 #353
2026-08-09 01:30:48,978 - [Supervisor] - INFO - 检查周期 #354
2026-08-09 01:31:10,229 - [Supervisor] - INFO - 检查周期 #355
2026-08-09 01:31:31,434 - [Supervisor] - INFO - 检查周期 #356
2026-08-09 01:31:52,668 - [Supervisor] - INFO - 检查周期 #357
2026-08-09 01:32:13,830 - [Supervisor] - INFO - 检查周期 #358
2026-08-09 01:32:34,639 - [Supervisor] - INFO - 检查周期 #359
2026-08-09 01:32:55,849 - [Supervisor] - INFO - 检查周期 #360
2026-08-09 01:33:17,048 - [Supervisor] - INFO - 检查周期 #361
2026-08-09 01:33:38,267 - [Supervisor] - INFO - 检查周期 #362
2026-08-09 01:33:59,453 - [Supervisor] - INFO - 检查周期 #363
2026-08-09 01:34:20,667 - [Supervisor] - INFO - 检查周期 #364
2026-08-09 01:34:41,808 - [Supervisor] - INFO - 检查周期 #365
2026-08-09 01:35:02,955 - [Supervisor] - INFO - 检查周期 #366
2026-08-09 01:35:24,166 - [Supervisor] - INFO - 检查周期 #367
2026-08-09 01:35:45,360 - [Supervisor] - INFO - 检查周期 #368
2026-08-09 01:36:06,569 - [Supervisor] - INFO - 检查周期 #369
2026-08-09 01:36:27,855 - [Supervisor] - INFO - 检查周期 #370
2026-08-09 01:36:37,504 - [Supervisor] - INFO - === Supervisor v1.1 启动 ===
2026-08-09 01:36:37,504 - [Supervisor] - INFO - BASE=/root/loyanbot
2026-08-09 01:36:37,504 - [Supervisor] - INFO - WORKSPACE=/workspace
2026-08-09 01:36:37,505 - [Supervisor] - INFO - 启动 keeper_platform...
2026-08-09 01:36:37,505 - [Supervisor] - INFO - keeper_platform 已启动 PID=14476
2026-08-09 01:36:37,505 - [Supervisor] - INFO - 启动 keeper_terminal...
2026-08-09 01:36:37,511 - [Supervisor] - INFO - keeper_terminal 已启动 PID=14477
2026-08-09 01:36:57,511 - [Supervisor] - INFO - 检查周期 #1
2026-08-09 01:37:18,908 - [Supervisor] - INFO - 检查周期 #2
2026-08-09 01:37:40,286 - [Supervisor] - INFO - 检查周期 #3
2026-08-09 01:38:01,750 - [Supervisor] - INFO - 检查周期 #4
2026-08-09 01:38:23,224 - [Supervisor] - INFO - 检查周期 #5
2026-08-09 01:38:44,626 - [Supervisor] - INFO - 检查周期 #6
2026-08-09 01:39:06,207 - [Supervisor] - INFO - 检查周期 #7
2026-08-09 01:39:27,662 - [Supervisor] - INFO - 检查周期 #8
2026-08-09 01:39:49,063 - [Supervisor] - INFO - 检查周期 #9
2026-08-09 01:39:49,068 - [Supervisor] - INFO - keeper_terminal (PID=14477) 已死亡，重启...
2026-08-09 01:39:49,069 - [Supervisor] - INFO - 启动 keeper_terminal...
2026-08-09 01:39:49,075 - [Supervisor] - INFO - keeper_terminal 已启动 PID=14707
2026-08-09 01:40:10,483 - [Supervisor] - INFO - 检查周期 #10
2026-08-09 01:40:10,485 - [Supervisor] - INFO - keeper_terminal (PID=14707) 已死亡，重启...
2026-08-09 01:40:10,485 - [Supervisor] - INFO - 启动 keeper_terminal...
2026-08-09 01:40:10,491 - [Supervisor] - INFO - keeper_terminal 已启动 PID=14709
2026-08-09 01:40:31,871 - [Supervisor] - INFO - 检查周期 #11
2026-08-09 01:40:31,873 - [Supervisor] - INFO - keeper_terminal (PID=14709) 已死亡，重启...
2026-08-09 01:40:31,873 - [Supervisor] - INFO - 启动 keeper_terminal...
2026-08-09 01:40:31,879 - [Supervisor] - INFO - keeper_terminal 已启动 PID=14723
2026-08-09 01:40:53,251 - [Supervisor] - INFO - 检查周期 #12
2026-08-09 01:40:53,253 - [Supervisor] - INFO - keeper_terminal (PID=14723) 已死亡，重启...
2026-08-09 01:40:53,253 - [Supervisor] - INFO - 启动 keeper_terminal...
2026-08-09 01:40:53,259 - [Supervisor] - INFO - keeper_terminal 已启动 PID=14726
2026-08-09 01:41:14,639 - [Supervisor] - INFO - 检查周期 #13
2026-08-09 01:41:14,642 - [Supervisor] - INFO - keeper_terminal (PID=14726) 已死亡，重启...
2026-08-09 01:41:14,642 - [Supervisor] - INFO - 启动 keeper_terminal...
2026-08-09 01:41:14,655 - [Supervisor] - INFO - keeper_terminal 已启动 PID=14729
2026-08-09 01:41:36,111 - [Supervisor] - INFO - 检查周期 #14
2026-08-09 01:41:36,112 - [Supervisor] - INFO - keeper_terminal (PID=14729) 已死亡，重启...
2026-08-09 01:41:36,113 - [Supervisor] - INFO - 启动 keeper_terminal...
2026-08-09 01:41:36,114 - [Supervisor] - INFO - keeper_terminal 已启动 PID=14742
2026-08-09 01:41:57,483 - [Supervisor] - INFO - 检查周期 #15
2026-08-09 01:41:57,485 - [Supervisor] - INFO - keeper_terminal (PID=14742) 已死亡，重启...
2026-08-09 01:41:57,485 - [Supervisor] - INFO - 启动 keeper_terminal...
2026-08-09 01:41:57,491 - [Supervisor] - INFO - keeper_terminal 已启动 PID=14761
2026-08-09 01:42:18,915 - [Supervisor] - INFO - 检查周期 #16
2026-08-09 01:42:18,916 - [Supervisor] - INFO - keeper_terminal (PID=14761) 已死亡，重启...
2026-08-09 01:42:18,916 - [Supervisor] - INFO - 启动 keeper_terminal...
2026-08-09 01:42:18,919 - [Supervisor] - INFO - keeper_terminal 已启动 PID=14776
2026-08-09 01:42:40,366 - [Supervisor] - INFO - 检查周期 #17
2026-08-09 01:42:40,367 - [Supervisor] - INFO - keeper_terminal (PID=14776) 已死亡，重启...
2026-08-09 01:42:40,367 - [Supervisor] - INFO - 启动 keeper_terminal...
2026-08-09 01:42:40,368 - [Supervisor] - INFO - keeper_terminal 已启动 PID=14804
2026-08-09 01:43:01,767 - [Supervisor] - INFO - 检查周期 #18
2026-08-09 01:43:01,768 - [Supervisor] - INFO - keeper_terminal (PID=14804) 已死亡，重启...
2026-08-09 01:43:01,768 - [Supervisor] - INFO - 启动 keeper_terminal...
2026-08-09 01:43:01,771 - [Supervisor] - INFO - keeper_terminal 已启动 PID=14842
2026-08-09 01:43:23,139 - [Supervisor] - INFO - 检查周期 #19
2026-08-09 01:43:44,502 - [Supervisor] - INFO - 检查周期 #20
2026-08-09 01:44:05,865 - [Supervisor] - INFO - 检查周期 #21
2026-08-09 01:44:27,430 - [Supervisor] - INFO - 检查周期 #22
2026-08-09 01:44:48,803 - [Supervisor] - INFO - 检查周期 #23
2026-08-09 01:45:10,222 - [Supervisor] - INFO - 检查周期 #24
2026-08-09 01:45:31,647 - [Supervisor] - INFO - 检查周期 #25
2026-08-09 01:45:53,014 - [Supervisor] - INFO - 检查周期 #26
2026-08-09 01:46:14,314 - [Supervisor] - INFO - 检查周期 #27
2026-08-09 01:46:35,615 - [Supervisor] - INFO - 检查周期 #28
2026-08-09 01:46:56,981 - [Supervisor] - INFO - 检查周期 #29
2026-08-09 01:47:18,275 - [Supervisor] - INFO - 检查周期 #30
2026-08-09 01:47:39,732 - [Supervisor] - INFO - 检查周期 #31
2026-08-09 01:48:01,086 - [Supervisor] - INFO - 检查周期 #32
2026-08-09 01:48:22,449 - [Supervisor] - INFO - 检查周期 #33
2026-08-09 01:48:43,828 - [Supervisor] - INFO - 检查周期 #34
2026-08-09 01:49:05,148 - [Supervisor] - INFO - 检查周期 #35
2026-08-09 01:49:26,538 - [Supervisor] - INFO - 检查周期 #36
2026-08-09 01:49:47,870 - [Supervisor] - INFO - 检查周期 #37
2026-08-09 01:50:09,229 - [Supervisor] - INFO - 检查周期 #38
2026-08-09 01:50:30,595 - [Supervisor] - INFO - 检查周期 #39
2026-08-09 01:50:51,918 - [Supervisor] - INFO - 检查周期 #40
2026-08-09 01:51:13,340 - [Supervisor] - INFO - 检查周期 #41
2026-08-09 01:51:34,679 - [Supervisor] - INFO - 检查周期 #42
2026-08-09 01:51:56,216 - [Supervisor] - INFO - 检查周期 #43
2026-08-09 01:52:17,576 - [Supervisor] - INFO - 检查周期 #44
2026-08-09 01:52:39,089 - [Supervisor] - INFO - 检查周期 #45
2026-08-09 01:53:00,488 - [Supervisor] - INFO - 检查周期 #46
2026-08-09 01:53:21,972 - [Supervisor] - INFO - 检查周期 #47
2026-08-09 01:53:43,278 - [Supervisor] - INFO - 检查周期 #48
2026-08-09 01:54:04,680 - [Supervisor] - INFO - 检查周期 #49
2026-08-09 01:54:25,972 - [Supervisor] - INFO - 检查周期 #50
2026-08-09 01:54:47,296 - [Supervisor] - INFO - 检查周期 #51
2026-08-09 01:55:08,584 - [Supervisor] - INFO - 检查周期 #52
2026-08-09 01:55:29,917 - [Supervisor] - INFO - 检查周期 #53
2026-08-09 01:55:51,246 - [Supervisor] - INFO - 检查周期 #54
2026-08-09 01:56:12,575 - [Supervisor] - INFO - 检查周期 #55
2026-08-09 01:56:34,230 - [Supervisor] - INFO - 检查周期 #56
2026-08-09 01:56:55,622 - [Supervisor] - INFO - 检查周期 #57
2026-08-09 01:57:16,951 - [Supervisor] - INFO - 检查周期 #58
2026-08-09 01:57:38,237 - [Supervisor] - INFO - 检查周期 #59
2026-08-09 01:57:59,525 - [Supervisor] - INFO - 检查周期 #60
2026-08-09 01:58:20,833 - [Supervisor] - INFO - 检查周期 #61
2026-08-09 01:58:42,206 - [Supervisor] - INFO - 检查周期 #62
2026-08-09 01:59:03,511 - [Supervisor] - INFO - 检查周期 #63
2026-08-09 01:59:24,954 - [Supervisor] - INFO - 检查周期 #64
2026-08-09 01:59:46,321 - [Supervisor] - INFO - 检查周期 #65
2026-08-09 02:00:07,711 - [Supervisor] - INFO - 检查周期 #66
2026-08-09 02:00:29,027 - [Supervisor] - INFO - 检查周期 #67
2026-08-09 02:00:50,403 - [Supervisor] - INFO - 检查周期 #68
2026-08-09 02:01:11,813 - [Supervisor] - INFO - 检查周期 #69
2026-08-09 02:01:33,183 - [Supervisor] - INFO - 检查周期 #70
2026-08-09 02:01:54,467 - [Supervisor] - INFO - 检查周期 #71
2026-08-09 02:02:16,058 - [Supervisor] - INFO - 检查周期 #72
2026-08-09 02:02:53,953 - [Supervisor] - INFO - 检查周期 #73
2026-08-09 02:03:15,392 - [Supervisor] - INFO - 检查周期 #74
2026-08-09 02:03:36,734 - [Supervisor] - INFO - 检查周期 #75
2026-08-09 02:03:58,048 - [Supervisor] - INFO - 检查周期 #76
2026-08-09 02:04:19,449 - [Supervisor] - INFO - 检查周期 #77
2026-08-09 02:04:40,734 - [Supervisor] - INFO - 检查周期 #78
2026-08-09 02:05:02,136 - [Supervisor] - INFO - 检查周期 #79
2026-08-09 02:05:23,640 - [Supervisor] - INFO - 检查周期 #80
2026-08-09 02:05:44,916 - [Supervisor] - INFO - 检查周期 #81
2026-08-09 02:06:06,230 - [Supervisor] - INFO - 检查周期 #82
2026-08-09 02:06:27,621 - [Supervisor] - INFO - 检查周期 #83
2026-08-09 02:06:48,944 - [Supervisor] - INFO - 检查周期 #84
2026-08-09 02:07:10,305 - [Supervisor] - INFO - 检查周期 #85
2026-08-09 02:07:31,635 - [Supervisor] - INFO - 检查周期 #86
2026-08-09 02:07:52,932 - [Supervisor] - INFO - 检查周期 #87
2026-08-09 02:08:14,259 - [Supervisor] - INFO - 检查周期 #88
2026-08-09 02:08:35,819 - [Supervisor] - INFO - 检查周期 #89
2026-08-09 02:08:57,170 - [Supervisor] - INFO - 检查周期 #90
2026-08-09 02:09:18,652 - [Supervisor] - INFO - 检查周期 #91
2026-08-09 02:09:40,009 - [Supervisor] - INFO - 检查周期 #92
2026-08-09 02:10:01,427 - [Supervisor] - INFO - 检查周期 #93
2026-08-09 02:10:22,754 - [Supervisor] - INFO - 检查周期 #94
2026-08-09 02:10:44,122 - [Supervisor] - INFO - 检查周期 #95
2026-08-09 02:11:05,441 - [Supervisor] - INFO - 检查周期 #96
2026-08-09 02:11:26,847 - [Supervisor] - INFO - 检查周期 #97
2026-08-09 02:11:48,237 - [Supervisor] - INFO - 检查周期 #98
2026-08-09 02:12:09,666 - [Supervisor] - INFO - 检查周期 #99
2026-08-09 02:12:31,006 - [Supervisor] - INFO - 检查周期 #100
2026-08-09 02:12:52,357 - [Supervisor] - INFO - 检查周期 #101
2026-08-09 02:13:13,818 - [Supervisor] - INFO - 检查周期 #102
2026-08-09 02:13:35,118 - [Supervisor] - INFO - 检查周期 #103
2026-08-09 02:13:56,387 - [Supervisor] - INFO - 检查周期 #104
2026-08-09 02:14:17,725 - [Supervisor] - INFO - 检查周期 #105
2026-08-09 02:14:39,085 - [Supervisor] - INFO - 检查周期 #106
2026-08-09 02:15:00,589 - [Supervisor] - INFO - 检查周期 #107
2026-08-09 02:15:21,941 - [Supervisor] - INFO - 检查周期 #108
2026-08-09 02:15:43,325 - [Supervisor] - INFO - 检查周期 #109
2026-08-09 02:16:04,652 - [Supervisor] - INFO - 检查周期 #110
2026-08-09 02:16:26,014 - [Supervisor] - INFO - 检查周期 #111
2026-08-09 02:16:47,306 - [Supervisor] - INFO - 检查周期 #112
2026-08-09 02:17:08,655 - [Supervisor] - INFO - 检查周期 #113
2026-08-09 02:17:30,014 - [Supervisor] - INFO - 检查周期 #114
2026-08-09 02:17:51,318 - [Supervisor] - INFO - 检查周期 #115
2026-08-09 02:18:12,664 - [Supervisor] - INFO - 检查周期 #116
2026-08-09 02:18:34,023 - [Supervisor] - INFO - 检查周期 #117
2026-08-09 02:59:34,695 - [Supervisor] - INFO - 检查周期 #118
2026-08-09 02:59:56,191 - [Supervisor] - INFO - 检查周期 #119
2026-08-09 03:00:17,579 - [Supervisor] - INFO - 检查周期 #120
2026-08-09 03:00:38,970 - [Supervisor] - INFO - 检查周期 #121
2026-08-09 03:01:00,383 - [Supervisor] - INFO - 检查周期 #122
2026-08-09 03:01:21,828 - [Supervisor] - INFO - 检查周期 #123
2026-08-09 03:01:43,244 - [Supervisor] - INFO - 检查周期 #124
2026-08-09 03:02:04,885 - [Supervisor] - INFO - 检查周期 #125
2026-08-09 03:02:26,339 - [Supervisor] - INFO - 检查周期 #126
2026-08-09 03:02:48,128 - [Supervisor] - INFO - 检查周期 #127
2026-08-09 03:03:09,561 - [Supervisor] - INFO - 检查周期 #128
2026-08-09 03:03:30,995 - [Supervisor] - INFO - 检查周期 #129
2026-08-09 03:03:52,344 - [Supervisor] - INFO - 检查周期 #130
2026-08-09 03:04:13,799 - [Supervisor] - INFO - 检查周期 #131
2026-08-09 03:04:35,131 - [Supervisor] - INFO - 检查周期 #132
2026-08-09 03:04:56,453 - [Supervisor] - INFO - 检查周期 #133
2026-08-09 03:05:17,836 - [Supervisor] - INFO - 检查周期 #134
2026-08-09 03:05:39,204 - [Supervisor] - INFO - 检查周期 #135
2026-08-09 03:06:00,578 - [Supervisor] - INFO - 检查周期 #136
2026-08-09 03:06:22,206 - [Supervisor] - INFO - 检查周期 #137
2026-08-09 03:06:43,475 - [Supervisor] - INFO - 检查周期 #138
2026-08-09 03:07:04,741 - [Supervisor] - INFO - 检查周期 #139
2026-08-09 03:07:26,092 - [Supervisor] - INFO - 检查周期 #140
2026-08-09 03:07:47,513 - [Supervisor] - INFO - 检查周期 #141
2026-08-09 03:08:10,554 - [Supervisor] - INFO - 检查周期 #142
2026-08-09 03:08:31,920 - [Supervisor] - INFO - 检查周期 #143
2026-08-09 03:08:53,325 - [Supervisor] - INFO - 检查周期 #144
2026-08-09 03:09:14,690 - [Supervisor] - INFO - 检查周期 #145
2026-08-09 03:09:36,050 - [Supervisor] - INFO - 检查周期 #146
2026-08-09 03:09:57,393 - [Supervisor] - INFO - 检查周期 #147
2026-08-09 03:10:18,711 - [Supervisor] - INFO - 检查周期 #148
2026-08-09 03:10:40,130 - [Supervisor] - INFO - 检查周期 #149
2026-08-09 03:11:01,552 - [Supervisor] - INFO - 检查周期 #150
2026-08-09 03:11:22,896 - [Supervisor] - INFO - 检查周期 #151
2026-08-09 03:11:44,210 - [Supervisor] - INFO - 检查周期 #152
2026-08-09 03:12:05,623 - [Supervisor] - INFO - 检查周期 #153
2026-08-09 03:12:27,227 - [Supervisor] - INFO - 检查周期 #154
2026-08-09 03:12:48,573 - [Supervisor] - INFO - 检查周期 #155
2026-08-09 03:13:09,956 - [Supervisor] - INFO - 检查周期 #156
2026-08-09 03:13:31,309 - [Supervisor] - INFO - 检查周期 #157
2026-08-09 03:13:52,657 - [Supervisor] - INFO - 检查周期 #158
2026-08-09 03:14:13,995 - [Supervisor] - INFO - 检查周期 #159
2026-08-09 03:14:35,385 - [Supervisor] - INFO - 检查周期 #160
2026-08-09 03:14:56,775 - [Supervisor] - INFO - 检查周期 #161
2026-08-09 03:15:18,217 - [Supervisor] - INFO - 检查周期 #162
2026-08-09 03:15:39,613 - [Supervisor] - INFO - 检查周期 #163
2026-08-09 03:16:00,947 - [Supervisor] - INFO - 检查周期 #164
2026-08-09 03:16:22,681 - [Supervisor] - INFO - 检查周期 #165
2026-08-09 03:16:44,032 - [Supervisor] - INFO - 检查周期 #166
2026-08-09 03:17:05,422 - [Supervisor] - INFO - 检查周期 #167
2026-08-09 03:17:26,720 - [Supervisor] - INFO - 检查周期 #168
2026-08-09 03:17:48,393 - [Supervisor] - INFO - 检查周期 #169
2026-08-09 03:18:10,389 - [Supervisor] - INFO - 检查周期 #170
2026-08-09 03:18:53,866 - [Supervisor] - INFO - 检查周期 #171
2026-08-09 03:19:19,143 - [Supervisor] - INFO - 检查周期 #172
2026-08-09 03:19:40,534 - [Supervisor] - INFO - 检查周期 #173
2026-08-09 03:20:02,050 - [Supervisor] - INFO - 检查周期 #174
2026-08-09 03:20:23,596 - [Supervisor] - INFO - 检查周期 #175
2026-08-09 03:20:45,820 - [Supervisor] - INFO - 检查周期 #176
2026-08-09 03:21:07,254 - [Supervisor] - INFO - 检查周期 #177
2026-08-09 03:21:28,575 - [Supervisor] - INFO - 检查周期 #178
2026-08-09 03:21:49,972 - [Supervisor] - INFO - 检查周期 #179
2026-08-09 03:22:11,446 - [Supervisor] - INFO - 检查周期 #180
2026-08-09 03:22:32,947 - [Supervisor] - INFO - 检查周期 #181
2026-08-09 03:22:54,335 - [Supervisor] - INFO - 检查周期 #182
2026-08-09 03:23:16,088 - [Supervisor] - INFO - 检查周期 #183
2026-08-09 03:23:37,509 - [Supervisor] - INFO - 检查周期 #184
2026-08-09 03:23:58,918 - [Supervisor] - INFO - 检查周期 #185
2026-08-09 03:24:20,235 - [Supervisor] - INFO - 检查周期 #186
2026-08-09 03:24:41,585 - [Supervisor] - INFO - 检查周期 #187
2026-08-09 03:25:03,106 - [Supervisor] - INFO - 检查周期 #188
2026-08-09 03:25:24,432 - [Supervisor] - INFO - 检查周期 #189
2026-08-09 03:25:45,746 - [Supervisor] - INFO - 检查周期 #190
2026-08-09 03:26:07,115 - [Supervisor] - INFO - 检查周期 #191
2026-08-09 03:26:28,545 - [Supervisor] - INFO - 检查周期 #192
2026-08-09 03:26:50,084 - [Supervisor] - INFO - 检查周期 #193
2026-08-09 03:27:11,525 - [Supervisor] - INFO - 检查周期 #194
2026-08-09 03:27:32,922 - [Supervisor] - INFO - 检查周期 #195
2026-08-09 03:27:54,305 - [Supervisor] - INFO - 检查周期 #196
2026-08-09 03:28:16,260 - [Supervisor] - INFO - 检查周期 #197
2026-08-09 03:28:37,617 - [Supervisor] - INFO - 检查周期 #198
2026-08-09 03:28:58,933 - [Supervisor] - INFO - 检查周期 #199
2026-08-09 03:29:20,276 - [Supervisor] - INFO - 检查周期 #200
2026-08-09 03:29:41,667 - [Supervisor] - INFO - 检查周期 #201
2026-08-09 03:30:03,091 - [Supervisor] - INFO - 检查周期 #202
2026-08-09 03:30:24,429 - [Supervisor] - INFO - 检查周期 #203
2026-08-09 03:30:45,779 - [Supervisor] - INFO - 检查周期 #204
2026-08-09 03:31:07,066 - [Supervisor] - INFO - 检查周期 #205
2026-08-09 03:31:28,411 - [Supervisor] - INFO - 检查周期 #206
2026-08-09 03:31:49,757 - [Supervisor] - INFO - 检查周期 #207
2026-08-09 03:32:11,118 - [Supervisor] - INFO - 检查周期 #208
2026-08-09 03:32:32,505 - [Supervisor] - INFO - 检查周期 #209
2026-08-09 03:32:53,887 - [Supervisor] - INFO - 检查周期 #210
2026-08-09 03:33:15,290 - [Supervisor] - INFO - 检查周期 #211
2026-08-09 03:33:36,650 - [Supervisor] - INFO - 检查周期 #212
2026-08-09 03:33:57,986 - [Supervisor] - INFO - 检查周期 #213
2026-08-09 03:34:19,465 - [Supervisor] - INFO - 检查周期 #214
2026-08-09 03:34:40,938 - [Supervisor] - INFO - 检查周期 #215
2026-08-09 03:35:02,374 - [Supervisor] - INFO - 检查周期 #216
2026-08-09 03:35:24,683 - [Supervisor] - INFO - 检查周期 #217
2026-08-09 03:35:46,050 - [Supervisor] - INFO - 检查周期 #218
2026-08-09 03:36:11,290 - [Supervisor] - INFO - 检查周期 #219
2026-08-09 03:36:32,710 - [Supervisor] - INFO - 检查周期 #220
2026-08-09 03:36:54,009 - [Supervisor] - INFO - 检查周期 #221
2026-08-09 03:37:15,404 - [Supervisor] - INFO - 检查周期 #222
2026-08-09 03:37:36,761 - [Supervisor] - INFO - 检查周期 #223
2026-08-09 03:37:58,168 - [Supervisor] - INFO - 检查周期 #224
2026-08-09 03:38:19,553 - [Supervisor] - INFO - 检查周期 #225
2026-08-09 03:38:40,882 - [Supervisor] - INFO - 检查周期 #226
2026-08-09 03:39:03,653 - [Supervisor] - INFO - 检查周期 #227
2026-08-09 03:39:25,082 - [Supervisor] - INFO - 检查周期 #228
2026-08-09 03:39:46,444 - [Supervisor] - INFO - 检查周期 #229
2026-08-09 03:40:07,753 - [Supervisor] - INFO - 检查周期 #230
2026-08-09 03:40:29,232 - [Supervisor] - INFO - 检查周期 #231
2026-08-09 03:40:50,685 - [Supervisor] - INFO - 检查周期 #232
2026-08-09 03:41:12,167 - [Supervisor] - INFO - 检查周期 #233
2026-08-09 03:41:33,505 - [Supervisor] - INFO - 检查周期 #234
2026-08-09 03:41:54,818 - [Supervisor] - INFO - 检查周期 #235
2026-08-09 03:42:16,240 - [Supervisor] - INFO - 检查周期 #236
2026-08-09 03:42:38,638 - [Supervisor] - INFO - 检查周期 #237
2026-08-09 03:43:14,769 - [Supervisor] - INFO - 检查周期 #238
2026-08-09 03:43:36,089 - [Supervisor] - INFO - 检查周期 #239
2026-08-09 03:43:57,479 - [Supervisor] - INFO - 检查周期 #240
2026-08-09 03:44:18,864 - [Supervisor] - INFO - 检查周期 #241
2026-08-09 03:44:53,795 - [Supervisor] - INFO - 检查周期 #242
2026-08-09 03:45:35,931 - [Supervisor] - INFO - 检查周期 #243
2026-08-09 03:45:57,665 - [Supervisor] - INFO - 检查周期 #244
2026-08-09 03:46:19,208 - [Supervisor] - INFO - 检查周期 #245
2026-08-09 03:46:40,674 - [Supervisor] - INFO - 检查周期 #246
2026-08-09 03:47:14,621 - [Supervisor] - INFO - 检查周期 #247
2026-08-09 03:47:36,282 - [Supervisor] - INFO - 检查周期 #248
2026-08-09 03:47:58,781 - [Supervisor] - INFO - 检查周期 #249
2026-08-09 03:48:34,674 - [Supervisor] - INFO - 检查周期 #250
2026-08-09 03:48:56,024 - [Supervisor] - INFO - 检查周期 #251
2026-08-09 03:49:17,438 - [Supervisor] - INFO - 检查周期 #252
2026-08-09 03:49:38,840 - [Supervisor] - INFO - 检查周期 #253
2026-08-09 03:50:00,148 - [Supervisor] - INFO - 检查周期 #254
2026-08-09 03:50:21,659 - [Supervisor] - INFO - 检查周期 #255
2026-08-09 03:50:43,067 - [Supervisor] - INFO - 检查周期 #256
2026-08-09 03:51:04,510 - [Supervisor] - INFO - 检查周期 #257
2026-08-09 03:51:25,829 - [Supervisor] - INFO - 检查周期 #258
2026-08-09 03:51:47,198 - [Supervisor] - INFO - 检查周期 #259
2026-08-09 03:52:08,605 - [Supervisor] - INFO - 检查周期 #260
2026-08-09 03:52:29,981 - [Supervisor] - INFO - 检查周期 #261
2026-08-09 03:52:51,339 - [Supervisor] - INFO - 检查周期 #262
2026-08-09 03:53:12,873 - [Supervisor] - INFO - 检查周期 #263
2026-08-09 03:53:34,234 - [Supervisor] - INFO - 检查周期 #264
2026-08-09 03:53:55,564 - [Supervisor] - INFO - 检查周期 #265
2026-08-09 03:54:16,992 - [Supervisor] - INFO - 检查周期 #266
2026-08-09 03:54:38,304 - [Supervisor] - INFO - 检查周期 #267
2026-08-09 03:54:59,831 - [Supervisor] - INFO - 检查周期 #268
2026-08-09 03:55:21,280 - [Supervisor] - INFO - 检查周期 #269
2026-08-09 03:55:42,701 - [Supervisor] - INFO - 检查周期 #270
2026-08-09 03:56:04,082 - [Supervisor] - INFO - 检查周期 #271
2026-08-09 03:56:25,463 - [Supervisor] - INFO - 检查周期 #272
2026-08-09 03:56:46,876 - [Supervisor] - INFO - 检查周期 #273
2026-08-09 03:57:08,279 - [Supervisor] - INFO - 检查周期 #274
2026-08-09 03:57:29,606 - [Supervisor] - INFO - 检查周期 #275
2026-08-09 03:57:50,938 - [Supervisor] - INFO - 检查周期 #276
2026-08-09 03:58:12,475 - [Supervisor] - INFO - 检查周期 #277
2026-08-09 03:58:33,825 - [Supervisor] - INFO - 检查周期 #278
2026-08-09 03:58:55,136 - [Supervisor] - INFO - 检查周期 #279
2026-08-09 03:59:16,592 - [Supervisor] - INFO - 检查周期 #280
2026-08-09 03:59:37,996 - [Supervisor] - INFO - 检查周期 #281
2026-08-09 03:59:59,307 - [Supervisor] - INFO - 检查周期 #282
2026-08-09 04:00:20,728 - [Supervisor] - INFO - 检查周期 #283
2026-08-09 04:00:42,111 - [Supervisor] - INFO - 检查周期 #284
2026-08-09 04:01:03,446 - [Supervisor] - INFO - 检查周期 #285
2026-08-09 04:01:24,780 - [Supervisor] - INFO - 检查周期 #286
2026-08-09 04:01:46,207 - [Supervisor] - INFO - 检查周期 #287
2026-08-09 04:02:07,548 - [Supervisor] - INFO - 检查周期 #288
2026-08-09 04:02:28,912 - [Supervisor] - INFO - 检查周期 #289
2026-08-09 04:02:50,271 - [Supervisor] - INFO - 检查周期 #290
2026-08-09 04:03:11,762 - [Supervisor] - INFO - 检查周期 #291
2026-08-09 04:03:33,326 - [Supervisor] - INFO - 检查周期 #292
2026-08-09 04:03:54,715 - [Supervisor] - INFO - 检查周期 #293
2026-08-09 04:04:16,061 - [Supervisor] - INFO - 检查周期 #294
2026-08-09 04:04:37,400 - [Supervisor] - INFO - 检查周期 #295
2026-08-09 04:04:59,114 - [Supervisor] - INFO - 检查周期 #296
2026-08-09 04:05:20,475 - [Supervisor] - INFO - 检查周期 #297
2026-08-09 04:05:41,833 - [Supervisor] - INFO - 检查周期 #298
2026-08-09 04:06:03,176 - [Supervisor] - INFO - 检查周期 #299
2026-08-09 04:06:24,542 - [Supervisor] - INFO - 检查周期 #300
2026-08-09 04:06:45,852 - [Supervisor] - INFO - 检查周期 #301
2026-08-09 04:07:07,230 - [Supervisor] - INFO - 检查周期 #302
2026-08-09 04:07:28,664 - [Supervisor] - INFO - 检查周期 #303
2026-08-09 04:07:50,007 - [Supervisor] - INFO - 检查周期 #304
2026-08-09 04:08:11,414 - [Supervisor] - INFO - 检查周期 #305
2026-08-09 04:08:32,775 - [Supervisor] - INFO - 检查周期 #306
2026-08-09 04:08:54,214 - [Supervisor] - INFO - 检查周期 #307
2026-08-09 04:09:15,555 - [Supervisor] - INFO - 检查周期 #308
2026-08-09 04:09:37,063 - [Supervisor] - INFO - 检查周期 #309
2026-08-09 04:09:58,353 - [Supervisor] - INFO - 检查周期 #310
2026-08-09 04:10:19,694 - [Supervisor] - INFO - 检查周期 #311
2026-08-09 04:10:40,998 - [Supervisor] - INFO - 检查周期 #312
2026-08-09 04:11:02,356 - [Supervisor] - INFO - 检查周期 #313
2026-08-09 04:11:23,692 - [Supervisor] - INFO - 检查周期 #314
2026-08-09 04:11:45,064 - [Supervisor] - INFO - 检查周期 #315
2026-08-09 04:12:06,501 - [Supervisor] - INFO - 检查周期 #316
2026-08-09 04:12:27,952 - [Supervisor] - INFO - 检查周期 #317
2026-08-09 04:12:49,320 - [Supervisor] - INFO - 检查周期 #318
2026-08-09 04:13:10,787 - [Supervisor] - INFO - 检查周期 #319
2026-08-09 04:13:32,189 - [Supervisor] - INFO - 检查周期 #320
2026-08-09 04:13:53,527 - [Supervisor] - INFO - 检查周期 #321
2026-08-09 04:14:14,953 - [Supervisor] - INFO - 检查周期 #322
2026-08-09 04:14:36,362 - [Supervisor] - INFO - 检查周期 #323
2026-08-09 04:14:57,710 - [Supervisor] - INFO - 检查周期 #324
2026-08-09 04:15:19,100 - [Supervisor] - INFO - 检查周期 #325
2026-08-09 04:15:40,479 - [Supervisor] - INFO - 检查周期 #326
2026-08-09 04:16:01,900 - [Supervisor] - INFO - 检查周期 #327
2026-08-09 04:16:23,276 - [Supervisor] - INFO - 检查周期 #328
2026-08-09 04:16:44,619 - [Supervisor] - INFO - 检查周期 #329
2026-08-09 04:17:05,991 - [Supervisor] - INFO - 检查周期 #330
2026-08-09 04:17:27,284 - [Supervisor] - INFO - 检查周期 #331
2026-08-09 04:17:48,703 - [Supervisor] - INFO - 检查周期 #332
2026-08-09 04:18:10,125 - [Supervisor] - INFO - 检查周期 #333
2026-08-09 04:18:31,433 - [Supervisor] - INFO - 检查周期 #334
2026-08-09 04:18:52,759 - [Supervisor] - INFO - 检查周期 #335
2026-08-09 04:19:14,105 - [Supervisor] - INFO - 检查周期 #336
2026-08-09 04:19:35,441 - [Supervisor] - INFO - 检查周期 #337
2026-08-09 04:19:56,807 - [Supervisor] - INFO - 检查周期 #338
2026-08-09 04:20:18,126 - [Supervisor] - INFO - 检查周期 #339
2026-08-09 04:20:39,456 - [Supervisor] - INFO - 检查周期 #340
2026-08-09 04:21:00,852 - [Supervisor] - INFO - 检查周期 #341
2026-08-09 04:21:22,210 - [Supervisor] - INFO - 检查周期 #342
2026-08-09 04:21:43,584 - [Supervisor] - INFO - 检查周期 #343
2026-08-09 04:22:04,871 - [Supervisor] - INFO - 检查周期 #344
2026-08-09 04:22:26,047 - [Supervisor] - INFO - 检查周期 #345
2026-08-09 04:22:47,600 - [Supervisor] - INFO - 检查周期 #346
2026-08-09 04:23:08,904 - [Supervisor] - INFO - 检查周期 #347
2026-08-09 04:23:30,213 - [Supervisor] - INFO - 检查周期 #348
2026-08-09 04:23:51,544 - [Supervisor] - INFO - 检查周期 #349
2026-08-09 04:24:12,904 - [Supervisor] - INFO - 检查周期 #350
2026-08-09 04:24:34,240 - [Supervisor] - INFO - 检查周期 #351
2026-08-09 04:24:55,815 - [Supervisor] - INFO - 检查周期 #352
2026-08-09 04:25:17,127 - [Supervisor] - INFO - 检查周期 #353
2026-08-09 04:25:38,463 - [Supervisor] - INFO - 检查周期 #354
2026-08-09 04:25:59,738 - [Supervisor] - INFO - 检查周期 #355
2026-08-09 04:26:21,237 - [Supervisor] - INFO - 检查周期 #356
2026-08-09 04:26:42,547 - [Supervisor] - INFO - 检查周期 #357
2026-08-09 04:27:03,860 - [Supervisor] - INFO - 检查周期 #358
2026-08-09 04:27:25,201 - [Supervisor] - INFO - 检查周期 #359
2026-08-09 04:27:51,417 - [Supervisor] - INFO - 检查周期 #360
2026-08-09 04:28:12,726 - [Supervisor] - INFO - 检查周期 #361
2026-08-09 04:28:34,032 - [Supervisor] - INFO - 检查周期 #362
2026-08-09 04:28:55,352 - [Supervisor] - INFO - 检查周期 #363
2026-08-09 04:29:16,745 - [Supervisor] - INFO - 检查周期 #364
2026-08-09 04:29:38,072 - [Supervisor] - INFO - 检查周期 #365
2026-08-09 04:29:59,391 - [Supervisor] - INFO - 检查周期 #366
2026-08-09 04:30:20,973 - [Supervisor] - INFO - 检查周期 #367
2026-08-09 04:30:42,263 - [Supervisor] - INFO - 检查周期 #368
2026-08-09 04:31:03,580 - [Supervisor] - INFO - 检查周期 #369
2026-08-09 04:31:24,957 - [Supervisor] - INFO - 检查周期 #370
2026-08-09 04:31:46,280 - [Supervisor] - INFO - 检查周期 #371
2026-08-09 04:32:07,752 - [Supervisor] - INFO - 检查周期 #372
2026-08-09 04:32:29,151 - [Supervisor] - INFO - 检查周期 #373
2026-08-09 04:32:50,477 - [Supervisor] - INFO - 检查周期 #374
2026-08-09 04:33:11,903 - [Supervisor] - INFO - 检查周期 #375
2026-08-09 04:33:33,285 - [Supervisor] - INFO - 检查周期 #376
2026-08-09 04:33:54,631 - [Supervisor] - INFO - 检查周期 #377
2026-08-09 04:34:15,983 - [Supervisor] - INFO - 检查周期 #378
2026-08-09 04:53:05,074 - [Supervisor] - INFO - 检查周期 #379
2026-08-09 04:53:26,493 - [Supervisor] - INFO - 检查周期 #380
2026-08-09 04:53:47,988 - [Supervisor] - INFO - 检查周期 #381
2026-08-09 04:54:09,339 - [Supervisor] - INFO - 检查周期 #382
2026-08-09 04:54:30,804 - [Supervisor] - INFO - 检查周期 #383
2026-08-09 04:54:52,155 - [Supervisor] - INFO - 检查周期 #384
2026-08-09 04:55:13,558 - [Supervisor] - INFO - 检查周期 #385
2026-08-09 04:55:34,902 - [Supervisor] - INFO - 检查周期 #386
2026-08-09 04:55:56,330 - [Supervisor] - INFO - 检查周期 #387
2026-08-09 04:56:17,698 - [Supervisor] - INFO - 检查周期 #388
2026-08-09 04:56:39,012 - [Supervisor] - INFO - 检查周期 #389
2026-08-09 04:57:00,385 - [Supervisor] - INFO - 检查周期 #390
2026-08-09 04:57:21,873 - [Supervisor] - INFO - 检查周期 #391
2026-08-09 04:57:43,235 - [Supervisor] - INFO - 检查周期 #392
2026-08-09 04:58:04,768 - [Supervisor] - INFO - 检查周期 #393
2026-08-09 04:58:26,196 - [Supervisor] - INFO - 检查周期 #394
2026-08-09 04:58:47,152 - [Supervisor] - INFO - 检查周期 #395
2026-08-09 04:59:08,590 - [Supervisor] - INFO - 检查周期 #396
2026-08-09 04:59:30,009 - [Supervisor] - INFO - 检查周期 #397
2026-08-09 04:59:51,461 - [Supervisor] - INFO - 检查周期 #398
2026-08-09 05:00:12,932 - [Supervisor] - INFO - 检查周期 #399
2026-08-09 05:00:34,367 - [Supervisor] - INFO - 检查周期 #400
2026-08-09 05:00:55,734 - [Supervisor] - INFO - 检查周期 #401
2026-08-09 05:01:17,349 - [Supervisor] - INFO - 检查周期 #402
2026-08-09 05:01:38,733 - [Supervisor] - INFO - 检查周期 #403
2026-08-09 05:02:00,099 - [Supervisor] - INFO - 检查周期 #404
2026-08-09 05:02:21,217 - [Supervisor] - INFO - 检查周期 #405
2026-08-09 05:02:42,722 - [Supervisor] - INFO - 检查周期 #406
2026-08-09 05:03:04,083 - [Supervisor] - INFO - 检查周期 #407
2026-08-09 05:03:25,414 - [Supervisor] - INFO - 检查周期 #408
2026-08-09 05:03:47,038 - [Supervisor] - INFO - 检查周期 #409
2026-08-09 05:04:08,395 - [Supervisor] - INFO - 检查周期 #410
2026-08-09 05:04:29,891 - [Supervisor] - INFO - 检查周期 #411
2026-08-09 05:04:51,201 - [Supervisor] - INFO - 检查周期 #412
2026-08-09 05:05:12,538 - [Supervisor] - INFO - 检查周期 #413
2026-08-09 05:05:33,920 - [Supervisor] - INFO - 检查周期 #414
2026-08-09 05:05:55,288 - [Supervisor] - INFO - 检查周期 #415
2026-08-09 05:06:16,630 - [Supervisor] - INFO - 检查周期 #416
2026-08-09 05:06:38,042 - [Supervisor] - INFO - 检查周期 #417
2026-08-09 05:06:59,425 - [Supervisor] - INFO - 检查周期 #418
2026-08-09 05:07:20,907 - [Supervisor] - INFO - 检查周期 #419
2026-08-09 05:07:42,295 - [Supervisor] - INFO - 检查周期 #420
2026-08-09 05:08:03,698 - [Supervisor] - INFO - 检查周期 #421
2026-08-09 05:08:25,101 - [Supervisor] - INFO - 检查周期 #422
2026-08-09 05:08:46,564 - [Supervisor] - INFO - 检查周期 #423
2026-08-09 05:09:07,912 - [Supervisor] - INFO - 检查周期 #424
2026-08-09 05:09:29,275 - [Supervisor] - INFO - 检查周期 #425
2026-08-09 05:09:50,889 - [Supervisor] - INFO - 检查周期 #426
2026-08-09 05:10:12,242 - [Supervisor] - INFO - 检查周期 #427
2026-08-09 05:10:33,716 - [Supervisor] - INFO - 检查周期 #428
2026-08-09 05:10:55,075 - [Supervisor] - INFO - 检查周期 #429
2026-08-09 05:11:16,456 - [Supervisor] - INFO - 检查周期 #430
2026-08-09 05:11:37,876 - [Supervisor] - INFO - 检查周期 #431
2026-08-09 05:11:59,253 - [Supervisor] - INFO - 检查周期 #432
2026-08-09 05:12:20,732 - [Supervisor] - INFO - 检查周期 #433
2026-08-09 05:12:42,184 - [Supervisor] - INFO - 检查周期 #434
2026-08-09 05:13:03,578 - [Supervisor] - INFO - 检查周期 #435
2026-08-09 05:13:24,945 - [Supervisor] - INFO - 检查周期 #436
2026-08-09 05:13:46,301 - [Supervisor] - INFO - 检查周期 #437
2026-08-09 05:14:07,646 - [Supervisor] - INFO - 检查周期 #438
2026-08-09 05:14:28,963 - [Supervisor] - INFO - 检查周期 #439
2026-08-09 05:14:50,277 - [Supervisor] - INFO - 检查周期 #440
2026-08-09 05:15:11,632 - [Supervisor] - INFO - 检查周期 #441
2026-08-09 05:15:32,999 - [Supervisor] - INFO - 检查周期 #442
2026-08-09 05:15:54,337 - [Supervisor] - INFO - 检查周期 #443
2026-08-09 05:16:15,726 - [Supervisor] - INFO - 检查周期 #444
2026-08-09 05:16:37,088 - [Supervisor] - INFO - 检查周期 #445
2026-08-09 05:16:59,092 - [Supervisor] - INFO - 检查周期 #446
2026-08-09 05:17:20,536 - [Supervisor] - INFO - 检查周期 #447
2026-08-09 05:17:41,955 - [Supervisor] - INFO - 检查周期 #448
2026-08-09 05:18:03,306 - [Supervisor] - INFO - 检查周期 #449
2026-08-09 05:18:24,626 - [Supervisor] - INFO - 检查周期 #450
2026-08-09 05:18:45,948 - [Supervisor] - INFO - 检查周期 #451
2026-08-09 05:19:07,347 - [Supervisor] - INFO - 检查周期 #452
2026-08-09 05:19:28,685 - [Supervisor] - INFO - 检查周期 #453
2026-08-09 05:19:50,052 - [Supervisor] - INFO - 检查周期 #454
2026-08-09 05:20:11,589 - [Supervisor] - INFO - 检查周期 #455
2026-08-09 05:20:33,230 - [Supervisor] - INFO - 检查周期 #456
2026-08-09 05:20:54,652 - [Supervisor] - INFO - 检查周期 #457
2026-08-09 05:21:16,113 - [Supervisor] - INFO - 检查周期 #458
2026-08-09 05:21:37,628 - [Supervisor] - INFO - 检查周期 #459
2026-08-09 05:21:59,007 - [Supervisor] - INFO - 检查周期 #460
2026-08-09 05:22:20,325 - [Supervisor] - INFO - 检查周期 #461
2026-08-09 05:22:41,665 - [Supervisor] - INFO - 检查周期 #462
2026-08-09 05:23:03,094 - [Supervisor] - INFO - 检查周期 #463
2026-08-09 05:23:24,667 - [Supervisor] - INFO - 检查周期 #464
2026-08-09 05:23:46,022 - [Supervisor] - INFO - 检查周期 #465
2026-08-09 05:24:07,434 - [Supervisor] - INFO - 检查周期 #466
2026-08-09 05:24:28,871 - [Supervisor] - INFO - 检查周期 #467
2026-08-09 05:24:50,199 - [Supervisor] - INFO - 检查周期 #468
2026-08-09 05:25:11,526 - [Supervisor] - INFO - 检查周期 #469
2026-08-09 05:25:32,921 - [Supervisor] - INFO - 检查周期 #470
2026-08-09 05:25:54,201 - [Supervisor] - INFO - 检查周期 #471
2026-08-09 05:26:15,584 - [Supervisor] - INFO - 检查周期 #472
2026-08-09 05:26:37,038 - [Supervisor] - INFO - 检查周期 #473
2026-08-09 05:26:58,384 - [Supervisor] - INFO - 检查周期 #474
2026-08-09 05:27:19,737 - [Supervisor] - INFO - 检查周期 #475
2026-08-09 05:27:41,163 - [Supervisor] - INFO - 检查周期 #476
2026-08-09 05:28:02,504 - [Supervisor] - INFO - 检查周期 #477
2026-08-09 05:28:02,505 - [Supervisor] - INFO - bot (PID=4536) 已死亡，重启...
2026-08-09 05:28:02,505 - [Supervisor] - INFO - 启动 bot...
2026-08-09 05:28:02,509 - [Supervisor] - INFO - bot 已启动 PID=31317
2026-08-09 05:28:23,909 - [Supervisor] - INFO - 检查周期 #478
2026-08-09 05:28:45,257 - [Supervisor] - INFO - 检查周期 #479
2026-08-09 05:29:06,543 - [Supervisor] - INFO - 检查周期 #480
2026-08-09 05:29:27,918 - [Supervisor] - INFO - 检查周期 #481
2026-08-09 05:29:49,283 - [Supervisor] - INFO - 检查周期 #482
2026-08-09 05:30:10,632 - [Supervisor] - INFO - 检查周期 #483
2026-08-09 05:30:31,982 - [Supervisor] - INFO - 检查周期 #484
2026-08-09 05:30:53,311 - [Supervisor] - INFO - 检查周期 #485
2026-08-09 05:31:14,679 - [Supervisor] - INFO - 检查周期 #486
2026-08-09 05:31:36,082 - [Supervisor] - INFO - 检查周期 #487
2026-08-09 05:31:57,505 - [Supervisor] - INFO - 检查周期 #488
2026-08-09 05:32:18,831 - [Supervisor] - INFO - 检查周期 #489
2026-08-09 05:32:40,194 - [Supervisor] - INFO - 检查周期 #490
2026-08-09 05:33:01,554 - [Supervisor] - INFO - 检查周期 #491
2026-08-09 05:33:22,882 - [Supervisor] - INFO - 检查周期 #492
2026-08-09 05:33:44,238 - [Supervisor] - INFO - 检查周期 #493
2026-08-09 05:34:05,923 - [Supervisor] - INFO - 检查周期 #494
2026-08-09 05:34:31,724 - [Supervisor] - INFO - 检查周期 #495
2026-08-09 05:35:01,786 - [Supervisor] - INFO - 检查周期 #496
2026-08-09 05:35:23,156 - [Supervisor] - INFO - 检查周期 #497
2026-08-09 05:35:44,485 - [Supervisor] - INFO - 检查周期 #498
2026-08-09 05:36:05,801 - [Supervisor] - INFO - 检查周期 #499
2026-08-09 05:36:27,130 - [Supervisor] - INFO - 检查周期 #500
2026-08-09 05:36:48,464 - [Supervisor] - INFO - 检查周期 #501
2026-08-09 05:37:09,781 - [Supervisor] - INFO - 检查周期 #502
2026-08-09 05:37:31,080 - [Supervisor] - INFO - 检查周期 #503
2026-08-09 05:37:52,420 - [Supervisor] - INFO - 检查周期 #504
2026-08-09 05:38:13,863 - [Supervisor] - INFO - 检查周期 #505
2026-08-09 05:38:35,184 - [Supervisor] - INFO - 检查周期 #506
2026-08-09 05:38:56,535 - [Supervisor] - INFO - 检查周期 #507
2026-08-09 05:39:18,173 - [Supervisor] - INFO - 检查周期 #508
2026-08-09 05:39:39,734 - [Supervisor] - INFO - 检查周期 #509
2026-08-09 05:40:01,024 - [Supervisor] - INFO - 检查周期 #510
2026-08-09 05:40:22,390 - [Supervisor] - INFO - 检查周期 #511
2026-08-09 05:40:43,819 - [Supervisor] - INFO - 检查周期 #512
2026-08-09 05:41:05,113 - [Supervisor] - INFO - 检查周期 #513
2026-08-09 05:41:26,433 - [Supervisor] - INFO - 检查周期 #514
2026-08-09 05:41:47,708 - [Supervisor] - INFO - 检查周期 #515
2026-08-09 05:42:09,034 - [Supervisor] - INFO - 检查周期 #516
2026-08-09 05:42:30,389 - [Supervisor] - INFO - 检查周期 #517
2026-08-09 05:42:51,719 - [Supervisor] - INFO - 检查周期 #518
2026-08-09 05:43:13,067 - [Supervisor] - INFO - 检查周期 #519
2026-08-09 05:43:34,361 - [Supervisor] - INFO - 检查周期 #520
2026-08-09 05:43:55,730 - [Supervisor] - INFO - 检查周期 #521
2026-08-09 05:44:17,095 - [Supervisor] - INFO - 检查周期 #522
2026-08-09 05:44:38,492 - [Supervisor] - INFO - 检查周期 #523
2026-08-09 05:44:59,875 - [Supervisor] - INFO - 检查周期 #524
2026-08-09 05:45:21,185 - [Supervisor] - INFO - 检查周期 #525
2026-08-09 05:45:42,465 - [Supervisor] - INFO - 检查周期 #526
2026-08-09 05:46:03,890 - [Supervisor] - INFO - 检查周期 #527
2026-08-09 05:46:25,277 - [Supervisor] - INFO - 检查周期 #528
2026-08-09 05:46:46,606 - [Supervisor] - INFO - 检查周期 #529
2026-08-09 05:47:07,950 - [Supervisor] - INFO - 检查周期 #530
2026-08-09 05:47:29,276 - [Supervisor] - INFO - 检查周期 #531
2026-08-09 05:47:50,769 - [Supervisor] - INFO - 检查周期 #532
2026-08-09 05:48:12,127 - [Supervisor] - INFO - 检查周期 #533
2026-08-09 05:48:33,558 - [Supervisor] - INFO - 检查周期 #534
2026-08-09 05:48:54,916 - [Supervisor] - INFO - 检查周期 #535
2026-08-09 05:49:16,512 - [Supervisor] - INFO - 检查周期 #536
2026-08-09 05:49:37,938 - [Supervisor] - INFO - 检查周期 #537
2026-08-09 05:49:59,235 - [Supervisor] - INFO - 检查周期 #538
2026-08-09 05:50:20,557 - [Supervisor] - INFO - 检查周期 #539
2026-08-09 05:50:41,998 - [Supervisor] - INFO - 检查周期 #540
2026-08-09 05:51:03,470 - [Supervisor] - INFO - 检查周期 #541
2026-08-09 05:51:24,941 - [Supervisor] - INFO - 检查周期 #542
2026-08-09 05:51:46,258 - [Supervisor] - INFO - 检查周期 #543
2026-08-09 05:52:07,656 - [Supervisor] - INFO - 检查周期 #544
2026-08-09 05:52:29,020 - [Supervisor] - INFO - 检查周期 #545
2026-08-09 05:52:50,436 - [Supervisor] - INFO - 检查周期 #546
2026-08-09 05:53:11,784 - [Supervisor] - INFO - 检查周期 #547
2026-08-09 05:53:33,084 - [Supervisor] - INFO - 检查周期 #548
2026-08-09 05:53:54,460 - [Supervisor] - INFO - 检查周期 #549
2026-08-09 05:54:15,771 - [Supervisor] - INFO - 检查周期 #550
2026-08-09 05:54:37,189 - [Supervisor] - INFO - 检查周期 #551
2026-08-09 05:54:58,467 - [Supervisor] - INFO - 检查周期 #552
2026-08-09 05:55:20,080 - [Supervisor] - INFO - 检查周期 #553
2026-08-09 05:55:41,397 - [Supervisor] - INFO - 检查周期 #554
2026-08-09 05:56:02,725 - [Supervisor] - INFO - 检查周期 #555
2026-08-09 05:56:24,407 - [Supervisor] - INFO - 检查周期 #556
2026-08-09 05:56:45,755 - [Supervisor] - INFO - 检查周期 #557
2026-08-09 05:57:07,109 - [Supervisor] - INFO - 检查周期 #558
2026-08-09 05:57:28,483 - [Supervisor] - INFO - 检查周期 #559
2026-08-09 05:57:49,999 - [Supervisor] - INFO - 检查周期 #560
2026-08-09 05:58:11,443 - [Supervisor] - INFO - 检查周期 #561
2026-08-09 05:58:32,831 - [Supervisor] - INFO - 检查周期 #562
2026-08-09 05:58:54,264 - [Supervisor] - INFO - 检查周期 #563
2026-08-09 05:59:15,647 - [Supervisor] - INFO - 检查周期 #564
2026-08-09 05:59:38,118 - [Supervisor] - INFO - 检查周期 #565
2026-08-09 05:59:59,851 - [Supervisor] - INFO - 检查周期 #566
2026-08-09 06:00:22,224 - [Supervisor] - INFO - 检查周期 #567
2026-08-09 06:00:43,653 - [Supervisor] - INFO - 检查周期 #568
2026-08-09 06:01:05,053 - [Supervisor] - INFO - 检查周期 #569
2026-08-09 06:01:26,454 - [Supervisor] - INFO - 检查周期 #570
2026-08-09 06:01:47,906 - [Supervisor] - INFO - 检查周期 #571
2026-08-09 06:02:26,631 - [Supervisor] - INFO - 检查周期 #572
2026-08-09 06:02:49,023 - [Supervisor] - INFO - 检查周期 #573
2026-08-09 06:03:10,616 - [Supervisor] - INFO - 检查周期 #574
2026-08-09 06:03:31,970 - [Supervisor] - INFO - 检查周期 #575
2026-08-09 06:03:53,369 - [Supervisor] - INFO - 检查周期 #576
2026-08-09 06:04:14,730 - [Supervisor] - INFO - 检查周期 #577
2026-08-09 06:04:36,060 - [Supervisor] - INFO - 检查周期 #578
2026-08-09 06:04:57,426 - [Supervisor] - INFO - 检查周期 #579
2026-08-09 06:05:18,830 - [Supervisor] - INFO - 检查周期 #580
2026-08-09 06:05:40,168 - [Supervisor] - INFO - 检查周期 #581
2026-08-09 06:06:01,499 - [Supervisor] - INFO - 检查周期 #582
2026-08-09 06:06:22,981 - [Supervisor] - INFO - 检查周期 #583
2026-08-09 06:06:44,451 - [Supervisor] - INFO - 检查周期 #584
2026-08-09 06:07:05,943 - [Supervisor] - INFO - 检查周期 #585
2026-08-09 06:07:27,327 - [Supervisor] - INFO - 检查周期 #586
2026-08-09 06:07:48,868 - [Supervisor] - INFO - 检查周期 #587
2026-08-09 06:08:10,228 - [Supervisor] - INFO - 检查周期 #588
2026-08-09 06:08:31,549 - [Supervisor] - INFO - 检查周期 #589
2026-08-09 06:08:52,891 - [Supervisor] - INFO - 检查周期 #590
2026-08-09 06:09:14,234 - [Supervisor] - INFO - 检查周期 #591
2026-08-09 06:09:35,630 - [Supervisor] - INFO - 检查周期 #592
2026-08-09 06:09:57,394 - [Supervisor] - INFO - 检查周期 #593
2026-08-09 06:10:18,982 - [Supervisor] - INFO - 检查周期 #594
2026-08-09 06:10:40,366 - [Supervisor] - INFO - 检查周期 #595
2026-08-09 06:11:01,759 - [Supervisor] - INFO - 检查周期 #596
2026-08-09 06:11:23,004 - [Supervisor] - INFO - 检查周期 #597
2026-08-09 06:11:44,415 - [Supervisor] - INFO - 检查周期 #598
2026-08-09 06:12:05,787 - [Supervisor] - INFO - 检查周期 #599
2026-08-09 06:12:27,169 - [Supervisor] - INFO - 检查周期 #600
2026-08-09 06:12:48,568 - [Supervisor] - INFO - 检查周期 #601
2026-08-09 06:13:09,889 - [Supervisor] - INFO - 检查周期 #602
2026-08-09 06:13:31,263 - [Supervisor] - INFO - 检查周期 #603
2026-08-09 06:13:52,746 - [Supervisor] - INFO - 检查周期 #604
2026-08-09 06:14:14,168 - [Supervisor] - INFO - 检查周期 #605
2026-08-09 06:14:35,603 - [Supervisor] - INFO - 检查周期 #606
2026-08-09 06:14:57,001 - [Supervisor] - INFO - 检查周期 #607
2026-08-09 06:15:18,451 - [Supervisor] - INFO - 检查周期 #608
2026-08-09 06:15:39,832 - [Supervisor] - INFO - 检查周期 #609
2026-08-09 06:16:01,278 - [Supervisor] - INFO - 检查周期 #610
2026-08-09 06:16:22,785 - [Supervisor] - INFO - 检查周期 #611
2026-08-09 06:16:44,194 - [Supervisor] - INFO - 检查周期 #612
2026-08-09 06:17:05,636 - [Supervisor] - INFO - 检查周期 #613
2026-08-09 06:17:27,048 - [Supervisor] - INFO - 检查周期 #614
2026-08-09 06:17:48,542 - [Supervisor] - INFO - 检查周期 #615
2026-08-09 06:18:09,929 - [Supervisor] - INFO - 检查周期 #616
2026-08-09 06:18:31,280 - [Supervisor] - INFO - 检查周期 #617
2026-08-09 06:18:52,626 - [Supervisor] - INFO - 检查周期 #618
2026-08-09 06:19:13,986 - [Supervisor] - INFO - 检查周期 #619
2026-08-09 06:19:35,284 - [Supervisor] - INFO - 检查周期 #620
2026-08-09 06:19:56,658 - [Supervisor] - INFO - 检查周期 #621
2026-08-09 06:20:18,072 - [Supervisor] - INFO - 检查周期 #622
2026-08-09 06:20:39,448 - [Supervisor] - INFO - 检查周期 #623
2026-08-09 06:21:00,787 - [Supervisor] - INFO - 检查周期 #624
2026-08-09 06:21:22,174 - [Supervisor] - INFO - 检查周期 #625
2026-08-09 06:21:43,616 - [Supervisor] - INFO - 检查周期 #626
2026-08-09 06:22:04,968 - [Supervisor] - INFO - 检查周期 #627
2026-08-09 06:22:26,328 - [Supervisor] - INFO - 检查周期 #628
2026-08-09 06:22:47,674 - [Supervisor] - INFO - 检查周期 #629
2026-08-09 06:23:08,972 - [Supervisor] - INFO - 检查周期 #630
2026-08-09 06:23:30,310 - [Supervisor] - INFO - 检查周期 #631
2026-08-09 06:23:51,652 - [Supervisor] - INFO - 检查周期 #632
2026-08-09 06:24:13,193 - [Supervisor] - INFO - 检查周期 #633
2026-08-09 06:24:34,508 - [Supervisor] - INFO - 检查周期 #634
2026-08-09 06:24:55,896 - [Supervisor] - INFO - 检查周期 #635
2026-08-09 06:25:17,305 - [Supervisor] - INFO - 检查周期 #636
2026-08-09 06:25:38,642 - [Supervisor] - INFO - 检查周期 #637
2026-08-09 06:26:00,101 - [Supervisor] - INFO - 检查周期 #638
2026-08-09 06:26:21,534 - [Supervisor] - INFO - 检查周期 #639
2026-08-09 06:26:43,017 - [Supervisor] - INFO - 检查周期 #640
2026-08-09 06:27:04,776 - [Supervisor] - INFO - 检查周期 #641
2026-08-09 06:27:26,942 - [Supervisor] - INFO - 检查周期 #642
2026-08-09 06:27:48,316 - [Supervisor] - INFO - 检查周期 #643
2026-08-09 06:28:09,793 - [Supervisor] - INFO - 检查周期 #644
2026-08-09 06:28:31,202 - [Supervisor] - INFO - 检查周期 #645
2026-08-09 06:28:52,631 - [Supervisor] - INFO - 检查周期 #646
2026-08-09 06:29:14,069 - [Supervisor] - INFO - 检查周期 #647
2026-08-09 06:29:35,453 - [Supervisor] - INFO - 检查周期 #648
2026-08-09 06:29:56,786 - [Supervisor] - INFO - 检查周期 #649
2026-08-09 06:30:18,258 - [Supervisor] - INFO - 检查周期 #650
2026-08-09 06:30:40,041 - [Supervisor] - INFO - 检查周期 #651
2026-08-09 06:31:01,679 - [Supervisor] - INFO - 检查周期 #652
2026-08-09 06:31:23,025 - [Supervisor] - INFO - 检查周期 #653
2026-08-09 06:31:44,569 - [Supervisor] - INFO - 检查周期 #654
2026-08-09 06:32:05,893 - [Supervisor] - INFO - 检查周期 #655
2026-08-09 06:32:27,278 - [Supervisor] - INFO - 检查周期 #656
2026-08-09 06:32:48,649 - [Supervisor] - INFO - 检查周期 #657
2026-08-09 06:33:10,089 - [Supervisor] - INFO - 检查周期 #658
2026-08-09 06:33:31,430 - [Supervisor] - INFO - 检查周期 #659
2026-08-09 06:33:53,004 - [Supervisor] - INFO - 检查周期 #660
2026-08-09 06:34:14,558 - [Supervisor] - INFO - 检查周期 #661
2026-08-09 06:34:35,919 - [Supervisor] - INFO - 检查周期 #662
2026-08-09 06:34:57,332 - [Supervisor] - INFO - 检查周期 #663
2026-08-09 06:35:18,815 - [Supervisor] - INFO - 检查周期 #664
2026-08-09 06:35:45,033 - [Supervisor] - INFO - 检查周期 #665
2026-08-09 06:36:06,411 - [Supervisor] - INFO - 检查周期 #666
2026-08-09 06:36:27,825 - [Supervisor] - INFO - 检查周期 #667
2026-08-09 06:36:49,162 - [Supervisor] - INFO - 检查周期 #668
2026-08-09 06:37:10,676 - [Supervisor] - INFO - 检查周期 #669
2026-08-09 06:37:32,013 - [Supervisor] - INFO - 检查周期 #670
2026-08-09 06:37:53,583 - [Supervisor] - INFO - 检查周期 #671
2026-08-09 06:38:14,930 - [Supervisor] - INFO - 检查周期 #672
2026-08-09 06:38:36,322 - [Supervisor] - INFO - 检查周期 #673
2026-08-09 06:38:57,686 - [Supervisor] - INFO - 检查周期 #674
2026-08-09 06:39:19,189 - [Supervisor] - INFO - 检查周期 #675
2026-08-09 06:39:40,561 - [Supervisor] - INFO - 检查周期 #676
2026-08-09 06:40:01,930 - [Supervisor] - INFO - 检查周期 #677
2026-08-09 06:40:23,344 - [Supervisor] - INFO - 检查周期 #678
2026-08-09 06:40:44,705 - [Supervisor] - INFO - 检查周期 #679
2026-08-09 06:41:06,149 - [Supervisor] - INFO - 检查周期 #680
2026-08-09 06:41:27,692 - [Supervisor] - INFO - 检查周期 #681
2026-08-09 06:41:48,992 - [Supervisor] - INFO - 检查周期 #682
2026-08-09 06:42:10,313 - [Supervisor] - INFO - 检查周期 #683
2026-08-09 06:42:31,629 - [Supervisor] - INFO - 检查周期 #684
2026-08-09 06:42:53,011 - [Supervisor] - INFO - 检查周期 #685
2026-08-09 06:43:15,570 - [Supervisor] - INFO - 检查周期 #686
2026-08-09 06:43:36,957 - [Supervisor] - INFO - 检查周期 #687
2026-08-09 06:43:58,320 - [Supervisor] - INFO - 检查周期 #688
2026-08-09 06:44:19,708 - [Supervisor] - INFO - 检查周期 #689
2026-08-09 06:44:41,086 - [Supervisor] - INFO - 检查周期 #690
2026-08-09 06:45:02,444 - [Supervisor] - INFO - 检查周期 #691
2026-08-09 06:45:23,934 - [Supervisor] - INFO - 检查周期 #692
2026-08-09 06:45:45,328 - [Supervisor] - INFO - 检查周期 #693
2026-08-09 06:46:06,671 - [Supervisor] - INFO - 检查周期 #694
2026-08-09 06:46:28,009 - [Supervisor] - INFO - 检查周期 #695
2026-08-09 06:46:49,697 - [Supervisor] - INFO - 检查周期 #696
2026-08-09 06:47:11,068 - [Supervisor] - INFO - 检查周期 #697
2026-08-09 06:47:32,463 - [Supervisor] - INFO - 检查周期 #698
2026-08-09 06:47:53,825 - [Supervisor] - INFO - 检查周期 #699
2026-08-09 06:48:15,271 - [Supervisor] - INFO - 检查周期 #700
2026-08-09 06:48:36,654 - [Supervisor] - INFO - 检查周期 #701
2026-08-09 06:48:58,060 - [Supervisor] - INFO - 检查周期 #702
2026-08-09 06:49:19,940 - [Supervisor] - INFO - 检查周期 #703
2026-08-09 06:49:41,469 - [Supervisor] - INFO - 检查周期 #704
2026-08-09 06:50:02,795 - [Supervisor] - INFO - 检查周期 #705
2026-08-09 06:50:24,374 - [Supervisor] - INFO - 检查周期 #706
2026-08-09 06:50:46,038 - [Supervisor] - INFO - 检查周期 #707
2026-08-09 06:51:07,338 - [Supervisor] - INFO - 检查周期 #708
2026-08-09 06:51:28,757 - [Supervisor] - INFO - 检查周期 #709
2026-08-09 06:51:50,113 - [Supervisor] - INFO - 检查周期 #710
2026-08-09 06:52:11,461 - [Supervisor] - INFO - 检查周期 #711
2026-08-09 06:52:32,900 - [Supervisor] - INFO - 检查周期 #712
2026-08-09 06:52:54,281 - [Supervisor] - INFO - 检查周期 #713
2026-08-09 06:53:15,687 - [Supervisor] - INFO - 检查周期 #714
2026-08-09 06:53:37,047 - [Supervisor] - INFO - 检查周期 #715
2026-08-09 06:53:58,437 - [Supervisor] - INFO - 检查周期 #716
2026-08-09 06:54:19,444 - [Supervisor] - INFO - 检查周期 #717
2026-08-09 06:54:40,813 - [Supervisor] - INFO - 检查周期 #718
2026-08-09 06:55:02,340 - [Supervisor] - INFO - 检查周期 #719
2026-08-09 06:55:23,698 - [Supervisor] - INFO - 检查周期 #720
2026-08-09 06:55:45,023 - [Supervisor] - INFO - 检查周期 #721
2026-08-09 06:56:06,404 - [Supervisor] - INFO - 检查周期 #722
2026-08-09 06:56:27,755 - [Supervisor] - INFO - 检查周期 #723
2026-08-09 06:56:49,252 - [Supervisor] - INFO - 检查周期 #724
2026-08-09 06:57:10,692 - [Supervisor] - INFO - 检查周期 #725
2026-08-09 06:57:32,032 - [Supervisor] - INFO - 检查周期 #726
2026-08-09 06:57:53,404 - [Supervisor] - INFO - 检查周期 #727
2026-08-09 06:58:14,764 - [Supervisor] - INFO - 检查周期 #728
2026-08-09 06:58:36,200 - [Supervisor] - INFO - 检查周期 #729
2026-08-09 06:58:57,621 - [Supervisor] - INFO - 检查周期 #730
2026-08-09 06:59:19,033 - [Supervisor] - INFO - 检查周期 #731
2026-08-09 06:59:40,378 - [Supervisor] - INFO - 检查周期 #732
2026-08-09 07:00:01,685 - [Supervisor] - INFO - 检查周期 #733
2026-08-09 07:00:23,091 - [Supervisor] - INFO - 检查周期 #734
2026-08-09 07:00:44,389 - [Supervisor] - INFO - 检查周期 #735
2026-08-09 07:01:05,773 - [Supervisor] - INFO - 检查周期 #736
2026-08-09 07:01:27,185 - [Supervisor] - INFO - 检查周期 #737
2026-08-09 07:01:48,625 - [Supervisor] - INFO - 检查周期 #738
2026-08-09 07:02:09,934 - [Supervisor] - INFO - 检查周期 #739
2026-08-09 07:02:31,335 - [Supervisor] - INFO - 检查周期 #740
2026-08-09 07:02:52,854 - [Supervisor] - INFO - 检查周期 #741
2026-08-09 07:03:14,175 - [Supervisor] - INFO - 检查周期 #742
2026-08-09 07:03:35,530 - [Supervisor] - INFO - 检查周期 #743
2026-08-09 07:03:56,915 - [Supervisor] - INFO - 检查周期 #744
2026-08-09 07:04:18,367 - [Supervisor] - INFO - 检查周期 #745
2026-08-09 07:04:40,280 - [Supervisor] - INFO - 检查周期 #746
2026-08-09 07:05:02,070 - [Supervisor] - INFO - 检查周期 #747
2026-08-09 07:05:23,472 - [Supervisor] - INFO - 检查周期 #748
2026-08-09 07:05:44,992 - [Supervisor] - INFO - 检查周期 #749
2026-08-09 07:06:06,463 - [Supervisor] - INFO - 检查周期 #750
2026-08-09 07:06:27,743 - [Supervisor] - INFO - 检查周期 #751
2026-08-09 07:06:49,024 - [Supervisor] - INFO - 检查周期 #752
2026-08-09 07:07:10,339 - [Supervisor] - INFO - 检查周期 #753
2026-08-09 07:07:31,672 - [Supervisor] - INFO - 检查周期 #754
2026-08-09 07:07:53,011 - [Supervisor] - INFO - 检查周期 #755
2026-08-09 07:08:14,695 - [Supervisor] - INFO - 检查周期 #756
2026-08-09 07:08:36,236 - [Supervisor] - INFO - 检查周期 #757
2026-08-09 07:08:57,550 - [Supervisor] - INFO - 检查周期 #758
2026-08-09 07:09:18,894 - [Supervisor] - INFO - 检查周期 #759
2026-08-09 07:09:40,293 - [Supervisor] - INFO - 检查周期 #760
2026-08-09 07:10:02,031 - [Supervisor] - INFO - 检查周期 #761
2026-08-09 07:10:23,394 - [Supervisor] - INFO - 检查周期 #762
2026-08-09 07:10:44,731 - [Supervisor] - INFO - 检查周期 #763
2026-08-09 07:11:06,136 - [Supervisor] - INFO - 检查周期 #764
2026-08-09 07:11:27,511 - [Supervisor] - INFO - 检查周期 #765
2026-08-09 07:11:48,845 - [Supervisor] - INFO - 检查周期 #766
2026-08-09 07:12:10,281 - [Supervisor] - INFO - 检查周期 #767
2026-08-09 07:12:31,597 - [Supervisor] - INFO - 检查周期 #768
2026-08-09 07:12:52,949 - [Supervisor] - INFO - 检查周期 #769
2026-08-09 07:13:14,312 - [Supervisor] - INFO - 检查周期 #770
2026-08-09 07:13:35,691 - [Supervisor] - INFO - 检查周期 #771
2026-08-09 07:13:57,086 - [Supervisor] - INFO - 检查周期 #772
2026-08-09 07:14:18,420 - [Supervisor] - INFO - 检查周期 #773
2026-08-09 07:14:39,761 - [Supervisor] - INFO - 检查周期 #774
2026-08-09 07:15:01,123 - [Supervisor] - INFO - 检查周期 #775
2026-08-09 07:15:22,543 - [Supervisor] - INFO - 检查周期 #776
2026-08-09 07:15:43,968 - [Supervisor] - INFO - 检查周期 #777
2026-08-09 07:16:05,364 - [Supervisor] - INFO - 检查周期 #778
2026-08-09 07:16:26,750 - [Supervisor] - INFO - 检查周期 #779
2026-08-09 07:16:48,345 - [Supervisor] - INFO - 检查周期 #780
2026-08-09 07:17:09,834 - [Supervisor] - INFO - 检查周期 #781
2026-08-09 07:17:31,157 - [Supervisor] - INFO - 检查周期 #782
2026-08-09 07:17:52,578 - [Supervisor] - INFO - 检查周期 #783
2026-08-09 07:18:14,106 - [Supervisor] - INFO - 检查周期 #784
2026-08-09 07:18:35,520 - [Supervisor] - INFO - 检查周期 #785
2026-08-09 07:18:56,841 - [Supervisor] - INFO - 检查周期 #786
2026-08-09 07:19:19,467 - [Supervisor] - INFO - 检查周期 #787
2026-08-09 07:19:45,812 - [Supervisor] - INFO - 检查周期 #788
2026-08-09 07:20:07,259 - [Supervisor] - INFO - 检查周期 #789
2026-08-09 07:20:29,231 - [Supervisor] - INFO - 检查周期 #790
2026-08-09 07:20:50,639 - [Supervisor] - INFO - 检查周期 #791
2026-08-09 07:21:11,955 - [Supervisor] - INFO - 检查周期 #792
2026-08-09 07:21:33,276 - [Supervisor] - INFO - 检查周期 #793
2026-08-09 07:21:54,632 - [Supervisor] - INFO - 检查周期 #794
2026-08-09 07:22:16,045 - [Supervisor] - INFO - 检查周期 #795
2026-08-09 07:22:37,492 - [Supervisor] - INFO - 检查周期 #796
2026-08-09 07:22:58,831 - [Supervisor] - INFO - 检查周期 #797
2026-08-09 07:23:20,173 - [Supervisor] - INFO - 检查周期 #798
2026-08-09 07:23:41,509 - [Supervisor] - INFO - 检查周期 #799
2026-08-09 07:24:02,831 - [Supervisor] - INFO - 检查周期 #800
2026-08-09 07:24:24,241 - [Supervisor] - INFO - 检查周期 #801
2026-08-09 07:24:45,594 - [Supervisor] - INFO - 检查周期 #802
2026-08-09 07:25:07,038 - [Supervisor] - INFO - 检查周期 #803
2026-08-09 07:25:28,487 - [Supervisor] - INFO - 检查周期 #804
2026-08-09 07:25:49,811 - [Supervisor] - INFO - 检查周期 #805
2026-08-09 07:26:11,156 - [Supervisor] - INFO - 检查周期 #806
2026-08-09 07:26:32,562 - [Supervisor] - INFO - 检查周期 #807
2026-08-09 07:26:53,899 - [Supervisor] - INFO - 检查周期 #808
2026-08-09 07:27:15,331 - [Supervisor] - INFO - 检查周期 #809
2026-08-09 07:27:36,696 - [Supervisor] - INFO - 检查周期 #810
2026-08-09 07:27:58,002 - [Supervisor] - INFO - 检查周期 #811
2026-08-09 07:28:19,323 - [Supervisor] - INFO - 检查周期 #812
2026-08-09 07:28:40,666 - [Supervisor] - INFO - 检查周期 #813
2026-08-09 07:29:02,063 - [Supervisor] - INFO - 检查周期 #814
2026-08-09 07:29:23,503 - [Supervisor] - INFO - 检查周期 #815
2026-08-09 07:29:44,849 - [Supervisor] - INFO - 检查周期 #816
2026-08-09 07:30:06,302 - [Supervisor] - INFO - 检查周期 #817
2026-08-09 07:30:27,631 - [Supervisor] - INFO - 检查周期 #818
2026-08-09 07:30:48,930 - [Supervisor] - INFO - 检查周期 #819
2026-08-09 07:31:10,389 - [Supervisor] - INFO - 检查周期 #820
2026-08-09 07:31:31,711 - [Supervisor] - INFO - 检查周期 #821
2026-08-09 07:31:53,048 - [Supervisor] - INFO - 检查周期 #822
2026-08-09 07:32:14,350 - [Supervisor] - INFO - 检查周期 #823
2026-08-09 07:32:35,769 - [Supervisor] - INFO - 检查周期 #824
2026-08-09 07:32:57,141 - [Supervisor] - INFO - 检查周期 #825
2026-08-09 07:33:18,529 - [Supervisor] - INFO - 检查周期 #826
2026-08-09 07:33:39,969 - [Supervisor] - INFO - 检查周期 #827
2026-08-09 07:34:01,356 - [Supervisor] - INFO - 检查周期 #828
2026-08-09 07:34:22,849 - [Supervisor] - INFO - 检查周期 #829
2026-08-09 07:34:44,448 - [Supervisor] - INFO - 检查周期 #830
2026-08-09 07:35:06,011 - [Supervisor] - INFO - 检查周期 #831
2026-08-09 07:35:27,333 - [Supervisor] - INFO - 检查周期 #832
2026-08-09 07:35:48,757 - [Supervisor] - INFO - 检查周期 #833
2026-08-09 07:36:10,121 - [Supervisor] - INFO - 检查周期 #834
2026-08-09 07:36:31,509 - [Supervisor] - INFO - 检查周期 #835
2026-08-09 07:36:52,934 - [Supervisor] - INFO - 检查周期 #836
2026-08-09 07:37:14,532 - [Supervisor] - INFO - 检查周期 #837
2026-08-09 07:37:35,941 - [Supervisor] - INFO - 检查周期 #838
2026-08-09 07:37:57,446 - [Supervisor] - INFO - 检查周期 #839
2026-08-09 07:38:18,830 - [Supervisor] - INFO - 检查周期 #840
2026-08-09 07:38:40,291 - [Supervisor] - INFO - 检查周期 #841
2026-08-09 07:39:01,967 - [Supervisor] - INFO - 检查周期 #842
2026-08-09 07:39:23,401 - [Supervisor] - INFO - 检查周期 #843
2026-08-09 07:39:44,846 - [Supervisor] - INFO - 检查周期 #844
2026-08-09 07:40:06,205 - [Supervisor] - INFO - 检查周期 #845
2026-08-09 07:40:27,533 - [Supervisor] - INFO - 检查周期 #846
2026-08-09 07:40:49,332 - [Supervisor] - INFO - 检查周期 #847
2026-08-09 07:41:10,717 - [Supervisor] - INFO - 检查周期 #848
2026-08-09 07:41:32,212 - [Supervisor] - INFO - 检查周期 #849
2026-08-09 07:41:53,565 - [Supervisor] - INFO - 检查周期 #850
2026-08-09 07:42:14,907 - [Supervisor] - INFO - 检查周期 #851
2026-08-09 07:42:36,447 - [Supervisor] - INFO - 检查周期 #852
2026-08-09 07:42:57,832 - [Supervisor] - INFO - 检查周期 #853
2026-08-09 07:43:19,175 - [Supervisor] - INFO - 检查周期 #854
2026-08-09 07:43:40,750 - [Supervisor] - INFO - 检查周期 #855
2026-08-09 07:44:02,042 - [Supervisor] - INFO - 检查周期 #856
2026-08-09 07:44:23,402 - [Supervisor] - INFO - 检查周期 #857
2026-08-09 07:44:44,714 - [Supervisor] - INFO - 检查周期 #858
2026-08-09 07:45:06,039 - [Supervisor] - INFO - 检查周期 #859
2026-08-09 07:45:27,493 - [Supervisor] - INFO - 检查周期 #860
2026-08-09 07:45:48,980 - [Supervisor] - INFO - 检查周期 #861
2026-08-09 07:46:10,866 - [Supervisor] - INFO - 检查周期 #862
2026-08-09 07:46:32,404 - [Supervisor] - INFO - 检查周期 #863
2026-08-09 07:46:53,786 - [Supervisor] - INFO - 检查周期 #864
2026-08-09 07:47:15,467 - [Supervisor] - INFO - 检查周期 #865
2026-08-09 07:47:36,791 - [Supervisor] - INFO - 检查周期 #866
2026-08-09 07:47:58,116 - [Supervisor] - INFO - 检查周期 #867
2026-08-09 07:48:19,589 - [Supervisor] - INFO - 检查周期 #868
2026-08-09 07:48:40,946 - [Supervisor] - INFO - 检查周期 #869
2026-08-09 07:49:02,384 - [Supervisor] - INFO - 检查周期 #870
2026-08-09 07:49:23,847 - [Supervisor] - INFO - 检查周期 #871
2026-08-09 07:49:45,320 - [Supervisor] - INFO - 检查周期 #872
2026-08-09 07:50:06,849 - [Supervisor] - INFO - 检查周期 #873
2026-08-09 07:50:28,203 - [Supervisor] - INFO - 检查周期 #874
2026-08-09 07:50:49,592 - [Supervisor] - INFO - 检查周期 #875
2026-08-09 07:51:10,972 - [Supervisor] - INFO - 检查周期 #876
2026-08-09 07:51:32,481 - [Supervisor] - INFO - 检查周期 #877
2026-08-09 07:51:54,140 - [Supervisor] - INFO - 检查周期 #878
2026-08-09 07:52:15,571 - [Supervisor] - INFO - 检查周期 #879
2026-08-09 07:52:36,963 - [Supervisor] - INFO - 检查周期 #880
2026-08-09 07:52:58,336 - [Supervisor] - INFO - 检查周期 #881
2026-08-09 07:53:19,735 - [Supervisor] - INFO - 检查周期 #882
2026-08-09 07:53:41,129 - [Supervisor] - INFO - 检查周期 #883
2026-08-09 07:54:02,482 - [Supervisor] - INFO - 检查周期 #884
2026-08-09 07:54:23,926 - [Supervisor] - INFO - 检查周期 #885
2026-08-09 07:54:45,364 - [Supervisor] - INFO - 检查周期 #886
2026-08-09 07:55:07,771 - [Supervisor] - INFO - 检查周期 #887
2026-08-09 07:55:29,337 - [Supervisor] - INFO - 检查周期 #888
2026-08-09 07:55:50,920 - [Supervisor] - INFO - 检查周期 #889
2026-08-09 07:56:12,482 - [Supervisor] - INFO - 检查周期 #890
2026-08-09 07:56:33,910 - [Supervisor] - INFO - 检查周期 #891
2026-08-09 07:56:55,291 - [Supervisor] - INFO - 检查周期 #892
2026-08-09 07:57:16,656 - [Supervisor] - INFO - 检查周期 #893
2026-08-09 07:57:38,169 - [Supervisor] - INFO - 检查周期 #894
2026-08-09 07:57:59,628 - [Supervisor] - INFO - 检查周期 #895
2026-08-09 07:58:21,000 - [Supervisor] - INFO - 检查周期 #896
2026-08-09 07:58:42,435 - [Supervisor] - INFO - 检查周期 #897
2026-08-09 07:59:03,799 - [Supervisor] - INFO - 检查周期 #898
2026-08-09 07:59:25,463 - [Supervisor] - INFO - 检查周期 #899
2026-08-09 07:59:46,900 - [Supervisor] - INFO - 检查周期 #900
2026-08-09 08:00:08,273 - [Supervisor] - INFO - 检查周期 #901
2026-08-09 08:00:29,755 - [Supervisor] - INFO - 检查周期 #902
2026-08-09 08:00:51,205 - [Supervisor] - INFO - 检查周期 #903
2026-08-09 08:01:12,618 - [Supervisor] - INFO - 检查周期 #904
2026-08-09 08:01:34,057 - [Supervisor] - INFO - 检查周期 #905
2026-08-09 08:01:55,502 - [Supervisor] - INFO - 检查周期 #906
2026-08-09 08:02:16,900 - [Supervisor] - INFO - 检查周期 #907
2026-08-09 08:02:38,343 - [Supervisor] - INFO - 检查周期 #908
2026-08-09 08:02:59,763 - [Supervisor] - INFO - 检查周期 #909
2026-08-09 08:03:21,241 - [Supervisor] - INFO - 检查周期 #910
2026-08-09 08:03:42,667 - [Supervisor] - INFO - 检查周期 #911
2026-08-09 08:04:04,020 - [Supervisor] - INFO - 检查周期 #912
2026-08-09 08:04:25,397 - [Supervisor] - INFO - 检查周期 #913
2026-08-09 08:04:46,855 - [Supervisor] - INFO - 检查周期 #914
2026-08-09 08:05:09,060 - [Supervisor] - INFO - 检查周期 #915
2026-08-09 08:05:30,393 - [Supervisor] - INFO - 检查周期 #916
2026-08-09 08:05:52,000 - [Supervisor] - INFO - 检查周期 #917
2026-08-09 08:06:13,381 - [Supervisor] - INFO - 检查周期 #918
2026-08-09 08:06:34,754 - [Supervisor] - INFO - 检查周期 #919
2026-08-09 08:06:56,288 - [Supervisor] - INFO - 检查周期 #920
2026-08-09 08:07:17,706 - [Supervisor] - INFO - 检查周期 #921
2026-08-09 08:07:39,148 - [Supervisor] - INFO - 检查周期 #922
2026-08-09 08:08:00,553 - [Supervisor] - INFO - 检查周期 #923
2026-08-09 08:08:21,974 - [Supervisor] - INFO - 检查周期 #924
2026-08-09 08:08:43,352 - [Supervisor] - INFO - 检查周期 #925
2026-08-09 08:09:04,688 - [Supervisor] - INFO - 检查周期 #926
2026-08-09 08:09:26,012 - [Supervisor] - INFO - 检查周期 #927
2026-08-09 08:09:47,379 - [Supervisor] - INFO - 检查周期 #928
2026-08-09 08:10:08,816 - [Supervisor] - INFO - 检查周期 #929
2026-08-09 08:10:30,255 - [Supervisor] - INFO - 检查周期 #930
2026-08-09 08:10:51,603 - [Supervisor] - INFO - 检查周期 #931
2026-08-09 08:11:17,844 - [Supervisor] - INFO - 检查周期 #932
2026-08-09 08:11:39,156 - [Supervisor] - INFO - 检查周期 #933
2026-08-09 08:12:00,506 - [Supervisor] - INFO - 检查周期 #934
2026-08-09 08:12:21,899 - [Supervisor] - INFO - 检查周期 #935
2026-08-09 08:12:43,221 - [Supervisor] - INFO - 检查周期 #936
2026-08-09 08:13:04,955 - [Supervisor] - INFO - 检查周期 #937
2026-08-09 08:13:26,384 - [Supervisor] - INFO - 检查周期 #938
2026-08-09 08:13:48,044 - [Supervisor] - INFO - 检查周期 #939
2026-08-09 08:14:09,429 - [Supervisor] - INFO - 检查周期 #940
2026-08-09 08:14:30,836 - [Supervisor] - INFO - 检查周期 #941
2026-08-09 08:14:52,181 - [Supervisor] - INFO - 检查周期 #942
2026-08-09 08:15:13,505 - [Supervisor] - INFO - 检查周期 #943
2026-08-09 08:15:34,787 - [Supervisor] - INFO - 检查周期 #944
2026-08-09 08:15:56,183 - [Supervisor] - INFO - 检查周期 #945
2026-08-09 08:16:17,564 - [Supervisor] - INFO - 检查周期 #946
2026-08-09 08:16:39,169 - [Supervisor] - INFO - 检查周期 #947
2026-08-09 08:17:00,518 - [Supervisor] - INFO - 检查周期 #948
2026-08-09 08:17:21,882 - [Supervisor] - INFO - 检查周期 #949
2026-08-09 08:17:43,283 - [Supervisor] - INFO - 检查周期 #950
2026-08-09 08:18:04,644 - [Supervisor] - INFO - 检查周期 #951
2026-08-09 08:18:25,707 - [Supervisor] - INFO - 检查周期 #952
2026-08-09 08:18:47,025 - [Supervisor] - INFO - 检查周期 #953
2026-08-09 08:19:08,397 - [Supervisor] - INFO - 检查周期 #954
2026-08-09 08:19:29,686 - [Supervisor] - INFO - 检查周期 #955
2026-08-09 08:19:51,035 - [Supervisor] - INFO - 检查周期 #956
2026-08-09 08:20:12,367 - [Supervisor] - INFO - 检查周期 #957
2026-08-09 08:20:33,698 - [Supervisor] - INFO - 检查周期 #958
2026-08-09 08:20:55,174 - [Supervisor] - INFO - 检查周期 #959
2026-08-09 08:21:16,513 - [Supervisor] - INFO - 检查周期 #960
2026-08-09 08:21:37,871 - [Supervisor] - INFO - 检查周期 #961
2026-08-09 08:21:59,310 - [Supervisor] - INFO - 检查周期 #962
2026-08-09 08:22:20,650 - [Supervisor] - INFO - 检查周期 #963
2026-08-09 08:22:41,998 - [Supervisor] - INFO - 检查周期 #964
2026-08-09 08:23:04,035 - [Supervisor] - INFO - 检查周期 #965
2026-08-09 08:23:25,458 - [Supervisor] - INFO - 检查周期 #966
2026-08-09 08:23:46,905 - [Supervisor] - INFO - 检查周期 #967
2026-08-09 08:24:08,481 - [Supervisor] - INFO - 检查周期 #968
2026-08-09 08:24:30,070 - [Supervisor] - INFO - 检查周期 #969
2026-08-09 08:24:51,707 - [Supervisor] - INFO - 检查周期 #970
2026-08-09 08:25:13,128 - [Supervisor] - INFO - 检查周期 #971
2026-08-09 08:25:34,625 - [Supervisor] - INFO - 检查周期 #972
2026-08-09 08:25:56,017 - [Supervisor] - INFO - 检查周期 #973
2026-08-09 08:26:17,589 - [Supervisor] - INFO - 检查周期 #974
2026-08-09 08:26:39,086 - [Supervisor] - INFO - 检查周期 #975
2026-08-09 08:26:59,836 - [Supervisor] - INFO - 检查周期 #976
2026-08-09 08:27:20,556 - [Supervisor] - INFO - 检查周期 #977
2026-08-09 08:27:41,253 - [Supervisor] - INFO - 检查周期 #978
2026-08-09 08:28:02,680 - [Supervisor] - INFO - 检查周期 #979
2026-08-09 08:28:24,057 - [Supervisor] - INFO - 检查周期 #980
2026-08-09 08:28:45,429 - [Supervisor] - INFO - 检查周期 #981
2026-08-09 08:29:06,137 - [Supervisor] - INFO - 检查周期 #982
2026-08-09 08:29:26,830 - [Supervisor] - INFO - 检查周期 #983
2026-08-09 08:29:48,641 - [Supervisor] - INFO - 检查周期 #984
2026-08-09 08:30:29,100 - [Supervisor] - INFO - 检查周期 #985
2026-08-09 08:31:09,623 - [Supervisor] - INFO - 检查周期 #986
2026-08-09 08:31:49,981 - [Supervisor] - INFO - 检查周期 #987
2026-08-09 08:32:30,428 - [Supervisor] - INFO - 检查周期 #988
2026-08-09 08:33:10,787 - [Supervisor] - INFO - 检查周期 #989
2026-08-09 08:33:51,688 - [Supervisor] - INFO - 检查周期 #990
2026-08-09 08:34:32,080 - [Supervisor] - INFO - 检查周期 #991
2026-08-09 08:35:12,455 - [Supervisor] - INFO - 检查周期 #992
2026-08-09 08:35:52,874 - [Supervisor] - INFO - 检查周期 #993
2026-08-09 08:36:33,226 - [Supervisor] - INFO - 检查周期 #994
2026-08-09 08:37:13,663 - [Supervisor] - INFO - 检查周期 #995
2026-08-09 08:37:54,023 - [Supervisor] - INFO - 检查周期 #996
2026-08-09 08:38:34,361 - [Supervisor] - INFO - 检查周期 #997
2026-08-09 08:39:14,795 - [Supervisor] - INFO - 检查周期 #998
2026-08-09 08:39:55,203 - [Supervisor] - INFO - 检查周期 #999
2026-08-09 08:40:35,686 - [Supervisor] - INFO - 检查周期 #1000
2026-08-09 08:41:16,046 - [Supervisor] - INFO - 检查周期 #1001
2026-08-09 08:41:56,429 - [Supervisor] - INFO - 检查周期 #1002
2026-08-09 08:42:36,730 - [Supervisor] - INFO - 检查周期 #1003
2026-08-09 08:43:17,105 - [Supervisor] - INFO - 检查周期 #1004
2026-08-09 08:43:57,441 - [Supervisor] - INFO - 检查周期 #1005
2026-08-09 08:44:37,818 - [Supervisor] - INFO - 检查周期 #1006
2026-08-09 08:45:18,228 - [Supervisor] - INFO - 检查周期 #1007
2026-08-09 08:45:58,668 - [Supervisor] - INFO - 检查周期 #1008
2026-08-09 08:46:38,997 - [Supervisor] - INFO - 检查周期 #1009
2026-08-09 08:47:19,434 - [Supervisor] - INFO - 检查周期 #1010
2026-08-09 08:47:59,778 - [Supervisor] - INFO - 检查周期 #1011
2026-08-09 08:48:40,139 - [Supervisor] - INFO - 检查周期 #1012
2026-08-09 08:49:20,692 - [Supervisor] - INFO - 检查周期 #1013
2026-08-09 08:50:01,049 - [Supervisor] - INFO - 检查周期 #1014
2026-08-09 08:50:41,409 - [Supervisor] - INFO - 检查周期 #1015
2026-08-09 08:51:22,143 - [Supervisor] - INFO - 检查周期 #1016
2026-08-09 08:52:02,543 - [Supervisor] - INFO - 检查周期 #1017
2026-08-09 08:52:42,863 - [Supervisor] - INFO - 检查周期 #1018
2026-08-09 08:53:23,228 - [Supervisor] - INFO - 检查周期 #1019
2026-08-09 08:54:03,574 - [Supervisor] - INFO - 检查周期 #1020
2026-08-09 08:54:43,962 - [Supervisor] - INFO - 检查周期 #1021
2026-08-09 08:55:24,392 - [Supervisor] - INFO - 检查周期 #1022
2026-08-09 08:56:04,753 - [Supervisor] - INFO - 检查周期 #1023
2026-08-09 08:56:49,634 - [Supervisor] - INFO - 检查周期 #1024
2026-08-09 08:57:30,517 - [Supervisor] - INFO - 检查周期 #1025
2026-08-09 08:58:10,968 - [Supervisor] - INFO - 检查周期 #1026
2026-08-09 08:58:51,368 - [Supervisor] - INFO - 检查周期 #1027
2026-08-09 08:59:31,858 - [Supervisor] - INFO - 检查周期 #1028
2026-08-09 09:00:12,246 - [Supervisor] - INFO - 检查周期 #1029
2026-08-09 09:00:52,716 - [Supervisor] - INFO - 检查周期 #1030
2026-08-09 09:01:33,176 - [Supervisor] - INFO - 检查周期 #1031
2026-08-09 09:02:13,576 - [Supervisor] - INFO - 检查周期 #1032
2026-08-09 09:02:53,933 - [Supervisor] - INFO - 检查周期 #1033
2026-08-09 09:03:34,394 - [Supervisor] - INFO - 检查周期 #1034
2026-08-09 09:04:14,763 - [Supervisor] - INFO - 检查周期 #1035
2026-08-09 09:04:55,203 - [Supervisor] - INFO - 检查周期 #1036
2026-08-09 09:05:35,670 - [Supervisor] - INFO - 检查周期 #1037
2026-08-09 09:06:16,067 - [Supervisor] - INFO - 检查周期 #1038
2026-08-09 09:06:56,654 - [Supervisor] - INFO - 检查周期 #1039
2026-08-09 09:07:37,090 - [Supervisor] - INFO - 检查周期 #1040
2026-08-09 09:08:17,411 - [Supervisor] - INFO - 检查周期 #1041
2026-08-09 09:08:57,834 - [Supervisor] - INFO - 检查周期 #1042
2026-08-09 09:09:38,159 - [Supervisor] - INFO - 检查周期 #1043
2026-08-09 09:10:18,604 - [Supervisor] - INFO - 检查周期 #1044
2026-08-09 09:10:59,126 - [Supervisor] - INFO - 检查周期 #1045
2026-08-09 09:11:39,574 - [Supervisor] - INFO - 检查周期 #1046
2026-08-09 09:12:19,959 - [Supervisor] - INFO - 检查周期 #1047
2026-08-09 09:13:00,385 - [Supervisor] - INFO - 检查周期 #1048
2026-08-09 09:13:40,789 - [Supervisor] - INFO - 检查周期 #1049
2026-08-09 09:14:21,211 - [Supervisor] - INFO - 检查周期 #1050
2026-08-09 09:15:01,628 - [Supervisor] - INFO - 检查周期 #1051
2026-08-09 09:15:42,081 - [Supervisor] - INFO - 检查周期 #1052
2026-08-09 09:16:22,516 - [Supervisor] - INFO - 检查周期 #1053
2026-08-09 09:17:02,910 - [Supervisor] - INFO - 检查周期 #1054
2026-08-09 09:17:43,289 - [Supervisor] - INFO - 检查周期 #1055
2026-08-09 09:18:23,765 - [Supervisor] - INFO - 检查周期 #1056
2026-08-09 09:19:04,171 - [Supervisor] - INFO - 检查周期 #1057
2026-08-09 09:19:44,532 - [Supervisor] - INFO - 检查周期 #1058
2026-08-09 09:20:24,930 - [Supervisor] - INFO - 检查周期 #1059
2026-08-09 09:21:05,376 - [Supervisor] - INFO - 检查周期 #1060
2026-08-09 09:21:45,810 - [Supervisor] - INFO - 检查周期 #1061
2026-08-09 09:22:26,205 - [Supervisor] - INFO - 检查周期 #1062
2026-08-09 09:23:06,666 - [Supervisor] - INFO - 检查周期 #1063
2026-08-09 09:23:47,238 - [Supervisor] - INFO - 检查周期 #1064
2026-08-09 09:24:27,703 - [Supervisor] - INFO - 检查周期 #1065
2026-08-09 09:25:08,146 - [Supervisor] - INFO - 检查周期 #1066
2026-08-09 09:25:48,578 - [Supervisor] - INFO - 检查周期 #1067
2026-08-09 09:26:28,969 - [Supervisor] - INFO - 检查周期 #1068
2026-08-09 09:27:09,307 - [Supervisor] - INFO - 检查周期 #1069
2026-08-09 09:27:49,722 - [Supervisor] - INFO - 检查周期 #1070
2026-08-09 09:28:30,116 - [Supervisor] - INFO - 检查周期 #1071
2026-08-09 09:29:10,542 - [Supervisor] - INFO - 检查周期 #1072
2026-08-09 09:29:51,125 - [Supervisor] - INFO - 检查周期 #1073
2026-08-09 09:30:31,523 - [Supervisor] - INFO - 检查周期 #1074
2026-08-09 09:31:11,906 - [Supervisor] - INFO - 检查周期 #1075
2026-08-09 09:31:52,348 - [Supervisor] - INFO - 检查周期 #1076
2026-08-09 09:32:32,773 - [Supervisor] - INFO - 检查周期 #1077
2026-08-09 09:33:13,158 - [Supervisor] - INFO - 检查周期 #1078
2026-08-09 09:33:53,611 - [Supervisor] - INFO - 检查周期 #1079
2026-08-09 09:34:34,073 - [Supervisor] - INFO - 检查周期 #1080
2026-08-09 09:35:14,731 - [Supervisor] - INFO - 检查周期 #1081
2026-08-09 09:35:55,109 - [Supervisor] - INFO - 检查周期 #1082
2026-08-09 09:36:35,627 - [Supervisor] - INFO - 检查周期 #1083
2026-08-09 09:37:16,170 - [Supervisor] - INFO - 检查周期 #1084
2026-08-09 09:37:56,548 - [Supervisor] - INFO - 检查周期 #1085
2026-08-09 09:38:37,092 - [Supervisor] - INFO - 检查周期 #1086
2026-08-09 09:39:17,646 - [Supervisor] - INFO - 检查周期 #1087
2026-08-09 09:39:57,988 - [Supervisor] - INFO - 检查周期 #1088
2026-08-09 09:40:38,609 - [Supervisor] - INFO - 检查周期 #1089
2026-08-09 09:41:19,133 - [Supervisor] - INFO - 检查周期 #1090
2026-08-09 09:41:59,789 - [Supervisor] - INFO - 检查周期 #1091
2026-08-09 09:42:40,249 - [Supervisor] - INFO - 检查周期 #1092
2026-08-09 09:43:20,796 - [Supervisor] - INFO - 检查周期 #1093
2026-08-09 09:44:01,322 - [Supervisor] - INFO - 检查周期 #1094
2026-08-09 09:44:41,913 - [Supervisor] - INFO - 检查周期 #1095
2026-08-09 09:45:22,354 - [Supervisor] - INFO - 检查周期 #1096
2026-08-09 09:46:02,926 - [Supervisor] - INFO - 检查周期 #1097
2026-08-09 09:46:43,380 - [Supervisor] - INFO - 检查周期 #1098
2026-08-09 09:47:12,379 - [Supervisor] - INFO - 检查周期 #1099
2026-08-09 09:47:33,947 - [Supervisor] - INFO - 检查周期 #1100
2026-08-09 09:47:55,439 - [Supervisor] - INFO - 检查周期 #1101
2026-08-09 09:48:17,004 - [Supervisor] - INFO - 检查周期 #1102
2026-08-09 09:48:38,604 - [Supervisor] - INFO - 检查周期 #1103
2026-08-09 09:49:00,163 - [Supervisor] - INFO - 检查周期 #1104
2026-08-09 09:49:21,645 - [Supervisor] - INFO - 检查周期 #1105
2026-08-09 09:49:42,713 - [Supervisor] - INFO - 检查周期 #1106
2026-08-09 09:50:04,123 - [Supervisor] - INFO - 检查周期 #1107
2026-08-09 09:50:25,503 - [Supervisor] - INFO - 检查周期 #1108
2026-08-09 09:50:47,227 - [Supervisor] - INFO - 检查周期 #1109
2026-08-09 09:51:08,689 - [Supervisor] - INFO - 检查周期 #1110
2026-08-09 09:51:30,180 - [Supervisor] - INFO - 检查周期 #1111
2026-08-09 09:51:51,604 - [Supervisor] - INFO - 检查周期 #1112
2026-08-09 09:52:13,119 - [Supervisor] - INFO - 检查周期 #1113
2026-08-09 09:52:34,552 - [Supervisor] - INFO - 检查周期 #1114
2026-08-09 09:52:56,320 - [Supervisor] - INFO - 检查周期 #1115
2026-08-09 09:53:17,695 - [Supervisor] - INFO - 检查周期 #1116
2026-08-09 09:53:39,180 - [Supervisor] - INFO - 检查周期 #1117
2026-08-09 09:54:00,579 - [Supervisor] - INFO - 检查周期 #1118
2026-08-09 09:54:21,997 - [Supervisor] - INFO - 检查周期 #1119
2026-08-09 09:54:43,369 - [Supervisor] - INFO - 检查周期 #1120
2026-08-09 09:55:05,142 - [Supervisor] - INFO - 检查周期 #1121
2026-08-09 09:55:26,491 - [Supervisor] - INFO - 检查周期 #1122
2026-08-09 09:55:47,805 - [Supervisor] - INFO - 检查周期 #1123
2026-08-09 09:56:09,159 - [Supervisor] - INFO - 检查周期 #1124
2026-08-09 09:56:30,562 - [Supervisor] - INFO - 检查周期 #1125
2026-08-09 09:56:51,929 - [Supervisor] - INFO - 检查周期 #1126
2026-08-09 09:57:13,398 - [Supervisor] - INFO - 检查周期 #1127
2026-08-09 09:57:34,762 - [Supervisor] - INFO - 检查周期 #1128
2026-08-09 09:57:56,266 - [Supervisor] - INFO - 检查周期 #1129
2026-08-09 09:58:17,868 - [Supervisor] - INFO - 检查周期 #1130
2026-08-09 09:58:39,252 - [Supervisor] - INFO - 检查周期 #1131
2026-08-09 09:59:00,684 - [Supervisor] - INFO - 检查周期 #1132
2026-08-09 09:59:22,166 - [Supervisor] - INFO - 检查周期 #1133
2026-08-09 09:59:43,541 - [Supervisor] - INFO - 检查周期 #1134
2026-08-09 10:00:05,041 - [Supervisor] - INFO - 检查周期 #1135
2026-08-09 10:00:26,397 - [Supervisor] - INFO - 检查周期 #1136
2026-08-09 10:00:47,733 - [Supervisor] - INFO - 检查周期 #1137
2026-08-09 10:01:08,734 - [Supervisor] - INFO - 检查周期 #1138
2026-08-09 10:01:30,092 - [Supervisor] - INFO - 检查周期 #1139
2026-08-09 10:01:51,530 - [Supervisor] - INFO - 检查周期 #1140
2026-08-09 10:02:12,965 - [Supervisor] - INFO - 检查周期 #1141
2026-08-09 10:02:34,444 - [Supervisor] - INFO - 检查周期 #1142
2026-08-09 10:02:55,886 - [Supervisor] - INFO - 检查周期 #1143
2026-08-09 10:03:17,630 - [Supervisor] - INFO - 检查周期 #1144
2026-08-09 10:03:39,185 - [Supervisor] - INFO - 检查周期 #1145
2026-08-09 10:04:00,533 - [Supervisor] - INFO - 检查周期 #1146
2026-08-09 10:04:21,893 - [Supervisor] - INFO - 检查周期 #1147
2026-08-09 10:04:43,336 - [Supervisor] - INFO - 检查周期 #1148
2026-08-09 10:05:04,806 - [Supervisor] - INFO - 检查周期 #1149
2026-08-09 10:05:27,215 - [Supervisor] - INFO - 检查周期 #1150
2026-08-09 10:05:48,562 - [Supervisor] - INFO - 检查周期 #1151
2026-08-09 10:06:09,897 - [Supervisor] - INFO - 检查周期 #1152
2026-08-09 10:06:31,290 - [Supervisor] - INFO - 检查周期 #1153
2026-08-09 10:06:52,665 - [Supervisor] - INFO - 检查周期 #1154
2026-08-09 10:07:14,114 - [Supervisor] - INFO - 检查周期 #1155
2026-08-09 10:07:35,531 - [Supervisor] - INFO - 检查周期 #1156
2026-08-09 10:07:57,206 - [Supervisor] - INFO - 检查周期 #1157
2026-08-09 10:08:18,634 - [Supervisor] - INFO - 检查周期 #1158
2026-08-09 10:08:40,061 - [Supervisor] - INFO - 检查周期 #1159
2026-08-09 10:09:01,566 - [Supervisor] - INFO - 检查周期 #1160
2026-08-09 10:09:22,927 - [Supervisor] - INFO - 检查周期 #1161
2026-08-09 10:09:44,344 - [Supervisor] - INFO - 检查周期 #1162
2026-08-09 10:10:05,767 - [Supervisor] - INFO - 检查周期 #1163
2026-08-09 10:10:27,099 - [Supervisor] - INFO - 检查周期 #1164
2026-08-09 10:10:48,445 - [Supervisor] - INFO - 检查周期 #1165
2026-08-09 10:11:09,789 - [Supervisor] - INFO - 检查周期 #1166
2026-08-09 10:11:31,165 - [Supervisor] - INFO - 检查周期 #1167
2026-08-09 10:11:52,574 - [Supervisor] - INFO - 检查周期 #1168
2026-08-09 10:12:14,087 - [Supervisor] - INFO - 检查周期 #1169
2026-08-09 10:12:35,488 - [Supervisor] - INFO - 检查周期 #1170
2026-08-09 10:12:57,191 - [Supervisor] - INFO - 检查周期 #1171
2026-08-09 10:13:18,498 - [Supervisor] - INFO - 检查周期 #1172
2026-08-09 10:13:39,887 - [Supervisor] - INFO - 检查周期 #1173
2026-08-09 10:14:01,246 - [Supervisor] - INFO - 检查周期 #1174
2026-08-09 10:14:22,659 - [Supervisor] - INFO - 检查周期 #1175
2026-08-09 10:14:44,037 - [Supervisor] - INFO - 检查周期 #1176
2026-08-09 10:15:05,503 - [Supervisor] - INFO - 检查周期 #1177
2026-08-09 10:15:26,983 - [Supervisor] - INFO - 检查周期 #1178
2026-08-09 10:15:47,990 - [Supervisor] - INFO - 检查周期 #1179
2026-08-09 10:16:09,327 - [Supervisor] - INFO - 检查周期 #1180
2026-08-09 10:16:30,694 - [Supervisor] - INFO - 检查周期 #1181
2026-08-09 10:16:52,150 - [Supervisor] - INFO - 检查周期 #1182
2026-08-09 10:17:13,574 - [Supervisor] - INFO - 检查周期 #1183
2026-08-09 10:17:35,080 - [Supervisor] - INFO - 检查周期 #1184
2026-08-09 10:17:56,487 - [Supervisor] - INFO - 检查周期 #1185
2026-08-09 10:18:17,982 - [Supervisor] - INFO - 检查周期 #1186
2026-08-09 10:18:39,662 - [Supervisor] - INFO - 检查周期 #1187
2026-08-09 10:19:01,079 - [Supervisor] - INFO - 检查周期 #1188
2026-08-09 10:19:22,619 - [Supervisor] - INFO - 检查周期 #1189
2026-08-09 10:19:44,057 - [Supervisor] - INFO - 检查周期 #1190
2026-08-09 10:20:05,455 - [Supervisor] - INFO - 检查周期 #1191
2026-08-09 10:20:26,815 - [Supervisor] - INFO - 检查周期 #1192
2026-08-09 10:20:48,347 - [Supervisor] - INFO - 检查周期 #1193
2026-08-09 10:21:10,188 - [Supervisor] - INFO - 检查周期 #1194
2026-08-09 10:21:31,790 - [Supervisor] - INFO - 检查周期 #1195
2026-08-09 10:21:53,305 - [Supervisor] - INFO - 检查周期 #1196
2026-08-09 10:22:14,828 - [Supervisor] - INFO - 检查周期 #1197
2026-08-09 10:22:36,266 - [Supervisor] - INFO - 检查周期 #1198
2026-08-09 10:22:57,657 - [Supervisor] - INFO - 检查周期 #1199
2026-08-09 10:23:19,100 - [Supervisor] - INFO - 检查周期 #1200
2026-08-09 10:23:40,583 - [Supervisor] - INFO - 检查周期 #1201
2026-08-09 10:24:01,956 - [Supervisor] - INFO - 检查周期 #1202
2026-08-09 10:24:23,292 - [Supervisor] - INFO - 检查周期 #1203
2026-08-09 10:24:44,693 - [Supervisor] - INFO - 检查周期 #1204
2026-08-09 10:25:06,350 - [Supervisor] - INFO - 检查周期 #1205
2026-08-09 10:25:27,709 - [Supervisor] - INFO - 检查周期 #1206
2026-08-09 10:25:49,028 - [Supervisor] - INFO - 检查周期 #1207
2026-08-09 10:26:10,366 - [Supervisor] - INFO - 检查周期 #1208
2026-08-09 10:26:31,731 - [Supervisor] - INFO - 检查周期 #1209
2026-08-09 10:26:53,105 - [Supervisor] - INFO - 检查周期 #1210
2026-08-09 10:27:14,436 - [Supervisor] - INFO - 检查周期 #1211
2026-08-09 10:27:35,786 - [Supervisor] - INFO - 检查周期 #1212
2026-08-09 10:27:57,067 - [Supervisor] - INFO - 检查周期 #1213
2026-08-09 10:28:18,401 - [Supervisor] - INFO - 检查周期 #1214
2026-08-09 10:28:39,752 - [Supervisor] - INFO - 检查周期 #1215
2026-08-09 10:29:01,065 - [Supervisor] - INFO - 检查周期 #1216
2026-08-09 10:29:22,601 - [Supervisor] - INFO - 检查周期 #1217
2026-08-09 10:29:43,731 - [Supervisor] - INFO - 检查周期 #1218
2026-08-09 10:30:05,018 - [Supervisor] - INFO - 检查周期 #1219
2026-08-09 10:30:26,345 - [Supervisor] - INFO - 检查周期 #1220
2026-08-09 10:30:47,934 - [Supervisor] - INFO - 检查周期 #1221
2026-08-09 10:31:09,626 - [Supervisor] - INFO - 检查周期 #1222
2026-08-09 10:31:30,976 - [Supervisor] - INFO - 检查周期 #1223
2026-08-09 10:31:52,366 - [Supervisor] - INFO - 检查周期 #1224
2026-08-09 10:32:13,669 - [Supervisor] - INFO - 检查周期 #1225
2026-08-09 10:32:34,999 - [Supervisor] - INFO - 检查周期 #1226
2026-08-09 10:32:56,432 - [Supervisor] - INFO - 检查周期 #1227
2026-08-09 10:33:17,770 - [Supervisor] - INFO - 检查周期 #1228
2026-08-09 10:33:39,108 - [Supervisor] - INFO - 检查周期 #1229
2026-08-09 10:34:00,422 - [Supervisor] - INFO - 检查周期 #1230
2026-08-09 10:34:21,797 - [Supervisor] - INFO - 检查周期 #1231
2026-08-09 10:34:43,192 - [Supervisor] - INFO - 检查周期 #1232
2026-08-09 10:35:04,175 - [Supervisor] - INFO - 检查周期 #1233
2026-08-09 10:35:25,558 - [Supervisor] - INFO - 检查周期 #1234
2026-08-09 10:35:46,913 - [Supervisor] - INFO - 检查周期 #1235
2026-08-09 10:36:08,255 - [Supervisor] - INFO - 检查周期 #1236
2026-08-09 10:36:29,580 - [Supervisor] - INFO - 检查周期 #1237
2026-08-09 10:36:50,933 - [Supervisor] - INFO - 检查周期 #1238
2026-08-09 10:37:12,261 - [Supervisor] - INFO - 检查周期 #1239
2026-08-09 10:37:33,651 - [Supervisor] - INFO - 检查周期 #1240
2026-08-09 10:37:55,002 - [Supervisor] - INFO - 检查周期 #1241
2026-08-09 10:38:16,313 - [Supervisor] - INFO - 检查周期 #1242
2026-08-09 10:38:37,729 - [Supervisor] - INFO - 检查周期 #1243
2026-08-09 10:38:59,249 - [Supervisor] - INFO - 检查周期 #1244
2026-08-09 10:39:20,613 - [Supervisor] - INFO - 检查周期 #1245
2026-08-09 10:39:42,093 - [Supervisor] - INFO - 检查周期 #1246
2026-08-09 10:40:03,305 - [Supervisor] - INFO - 检查周期 #1247
2026-08-09 10:40:24,680 - [Supervisor] - INFO - 检查周期 #1248
2026-08-09 10:40:45,970 - [Supervisor] - INFO - 检查周期 #1249
2026-08-09 10:41:07,373 - [Supervisor] - INFO - 检查周期 #1250
2026-08-09 10:41:28,728 - [Supervisor] - INFO - 检查周期 #1251
2026-08-09 10:41:50,057 - [Supervisor] - INFO - 检查周期 #1252
2026-08-09 10:42:11,474 - [Supervisor] - INFO - 检查周期 #1253
2026-08-09 10:42:32,870 - [Supervisor] - INFO - 检查周期 #1254
2026-08-09 10:42:54,258 - [Supervisor] - INFO - 检查周期 #1255
2026-08-09 10:43:15,688 - [Supervisor] - INFO - 检查周期 #1256
2026-08-09 10:43:37,124 - [Supervisor] - INFO - 检查周期 #1257
2026-08-09 10:43:58,553 - [Supervisor] - INFO - 检查周期 #1258
2026-08-09 10:44:19,960 - [Supervisor] - INFO - 检查周期 #1259
2026-08-09 10:44:41,324 - [Supervisor] - INFO - 检查周期 #1260
2026-08-09 10:45:02,682 - [Supervisor] - INFO - 检查周期 #1261
2026-08-09 10:45:24,041 - [Supervisor] - INFO - 检查周期 #1262
2026-08-09 10:45:45,370 - [Supervisor] - INFO - 检查周期 #1263
2026-08-09 10:46:06,708 - [Supervisor] - INFO - 检查周期 #1264
2026-08-09 10:46:28,020 - [Supervisor] - INFO - 检查周期 #1265
2026-08-09 10:46:49,450 - [Supervisor] - INFO - 检查周期 #1266
2026-08-09 10:47:11,155 - [Supervisor] - INFO - 检查周期 #1267
2026-08-09 10:47:32,426 - [Supervisor] - INFO - 检查周期 #1268
2026-08-09 10:47:53,778 - [Supervisor] - INFO - 检查周期 #1269
2026-08-09 10:48:15,181 - [Supervisor] - INFO - 检查周期 #1270
2026-08-09 10:48:36,575 - [Supervisor] - INFO - 检查周期 #1271
2026-08-09 10:48:57,966 - [Supervisor] - INFO - 检查周期 #1272
2026-08-09 10:49:19,403 - [Supervisor] - INFO - 检查周期 #1273
2026-08-09 10:49:40,730 - [Supervisor] - INFO - 检查周期 #1274
2026-08-09 10:50:02,042 - [Supervisor] - INFO - 检查周期 #1275
2026-08-09 10:50:23,534 - [Supervisor] - INFO - 检查周期 #1276
2026-08-09 10:50:45,140 - [Supervisor] - INFO - 检查周期 #1277
2026-08-09 10:51:06,530 - [Supervisor] - INFO - 检查周期 #1278
2026-08-09 10:51:27,867 - [Supervisor] - INFO - 检查周期 #1279
2026-08-09 10:51:49,274 - [Supervisor] - INFO - 检查周期 #1280
2026-08-09 10:52:10,761 - [Supervisor] - INFO - 检查周期 #1281
2026-08-09 10:52:31,981 - [Supervisor] - INFO - 检查周期 #1282
2026-08-09 10:52:53,302 - [Supervisor] - INFO - 检查周期 #1283
2026-08-09 10:53:14,644 - [Supervisor] - INFO - 检查周期 #1284
2026-08-09 10:53:35,997 - [Supervisor] - INFO - 检查周期 #1285
2026-08-09 10:53:57,414 - [Supervisor] - INFO - 检查周期 #1286
2026-08-09 10:54:18,771 - [Supervisor] - INFO - 检查周期 #1287
2026-08-09 10:54:40,179 - [Supervisor] - INFO - 检查周期 #1288
2026-08-09 10:55:01,608 - [Supervisor] - INFO - 检查周期 #1289
2026-08-09 10:55:22,947 - [Supervisor] - INFO - 检查周期 #1290
2026-08-09 10:55:44,383 - [Supervisor] - INFO - 检查周期 #1291
2026-08-09 10:56:05,814 - [Supervisor] - INFO - 检查周期 #1292
2026-08-09 10:56:27,246 - [Supervisor] - INFO - 检查周期 #1293
2026-08-09 10:56:48,573 - [Supervisor] - INFO - 检查周期 #1294
2026-08-09 10:57:09,971 - [Supervisor] - INFO - 检查周期 #1295
2026-08-09 10:57:31,566 - [Supervisor] - INFO - 检查周期 #1296
2026-08-09 10:57:53,330 - [Supervisor] - INFO - 检查周期 #1297
2026-08-09 10:58:14,695 - [Supervisor] - INFO - 检查周期 #1298
2026-08-09 10:58:36,004 - [Supervisor] - INFO - 检查周期 #1299
2026-08-09 10:58:57,363 - [Supervisor] - INFO - 检查周期 #1300
2026-08-09 10:59:18,657 - [Supervisor] - INFO - 检查周期 #1301
2026-08-09 10:59:40,011 - [Supervisor] - INFO - 检查周期 #1302
2026-08-09 11:00:01,318 - [Supervisor] - INFO - 检查周期 #1303
2026-08-09 11:00:22,648 - [Supervisor] - INFO - 检查周期 #1304
2026-08-09 11:00:43,937 - [Supervisor] - INFO - 检查周期 #1305
2026-08-09 11:01:05,305 - [Supervisor] - INFO - 检查周期 #1306
2026-08-09 11:01:26,713 - [Supervisor] - INFO - 检查周期 #1307
2026-08-09 11:01:48,148 - [Supervisor] - INFO - 检查周期 #1308
2026-08-09 11:02:09,484 - [Supervisor] - INFO - 检查周期 #1309
2026-08-09 11:02:30,753 - [Supervisor] - INFO - 检查周期 #1310
2026-08-09 11:02:52,195 - [Supervisor] - INFO - 检查周期 #1311
2026-08-09 11:03:13,571 - [Supervisor] - INFO - 检查周期 #1312
2026-08-09 11:03:34,895 - [Supervisor] - INFO - 检查周期 #1313
2026-08-09 11:03:56,250 - [Supervisor] - INFO - 检查周期 #1314
2026-08-09 11:04:17,646 - [Supervisor] - INFO - 检查周期 #1315
2026-08-09 11:04:39,009 - [Supervisor] - INFO - 检查周期 #1316
2026-08-09 11:05:00,310 - [Supervisor] - INFO - 检查周期 #1317
2026-08-09 11:05:21,875 - [Supervisor] - INFO - 检查周期 #1318
2026-08-09 11:05:43,202 - [Supervisor] - INFO - 检查周期 #1319
2026-08-09 11:06:04,415 - [Supervisor] - INFO - 检查周期 #1320
2026-08-09 11:06:25,717 - [Supervisor] - INFO - 检查周期 #1321
2026-08-09 11:06:47,082 - [Supervisor] - INFO - 检查周期 #1322
2026-08-09 11:07:08,496 - [Supervisor] - INFO - 检查周期 #1323
2026-08-09 11:07:29,883 - [Supervisor] - INFO - 检查周期 #1324
2026-08-09 11:07:51,265 - [Supervisor] - INFO - 检查周期 #1325
2026-08-09 11:08:12,583 - [Supervisor] - INFO - 检查周期 #1326
2026-08-09 11:08:33,971 - [Supervisor] - INFO - 检查周期 #1327
2026-08-09 11:08:55,339 - [Supervisor] - INFO - 检查周期 #1328
2026-08-09 11:09:16,659 - [Supervisor] - INFO - 检查周期 #1329
2026-08-09 11:09:38,043 - [Supervisor] - INFO - 检查周期 #1330
2026-08-09 11:09:59,374 - [Supervisor] - INFO - 检查周期 #1331
2026-08-09 11:10:21,212 - [Supervisor] - INFO - 检查周期 #1332
2026-08-09 11:10:42,578 - [Supervisor] - INFO - 检查周期 #1333
2026-08-09 11:11:03,906 - [Supervisor] - INFO - 检查周期 #1334
2026-08-09 11:11:24,771 - [Supervisor] - INFO - 检查周期 #1335
2026-08-09 11:11:46,177 - [Supervisor] - INFO - 检查周期 #1336
2026-08-09 11:12:07,530 - [Supervisor] - INFO - 检查周期 #1337
2026-08-09 11:12:28,941 - [Supervisor] - INFO - 检查周期 #1338
2026-08-09 11:12:50,351 - [Supervisor] - INFO - 检查周期 #1339
2026-08-09 11:13:11,809 - [Supervisor] - INFO - 检查周期 #1340
2026-08-09 11:13:33,246 - [Supervisor] - INFO - 检查周期 #1341
2026-08-09 11:13:54,754 - [Supervisor] - INFO - 检查周期 #1342
2026-08-09 11:14:16,137 - [Supervisor] - INFO - 检查周期 #1343
2026-08-09 11:14:37,516 - [Supervisor] - INFO - 检查周期 #1344
2026-08-09 11:14:58,987 - [Supervisor] - INFO - 检查周期 #1345
2026-08-09 11:15:20,329 - [Supervisor] - INFO - 检查周期 #1346
2026-08-09 11:15:41,666 - [Supervisor] - INFO - 检查周期 #1347
2026-08-09 11:16:03,020 - [Supervisor] - INFO - 检查周期 #1348
2026-08-09 11:16:24,378 - [Supervisor] - INFO - 检查周期 #1349
2026-08-09 11:16:45,808 - [Supervisor] - INFO - 检查周期 #1350
2026-08-09 11:17:07,330 - [Supervisor] - INFO - 检查周期 #1351
2026-08-09 11:17:28,818 - [Supervisor] - INFO - 检查周期 #1352
2026-08-09 11:17:50,219 - [Supervisor] - INFO - 检查周期 #1353
2026-08-09 11:18:11,589 - [Supervisor] - INFO - 检查周期 #1354
2026-08-09 11:18:33,552 - [Supervisor] - INFO - 检查周期 #1355
2026-08-09 11:18:54,970 - [Supervisor] - INFO - 检查周期 #1356
2026-08-09 11:19:16,390 - [Supervisor] - INFO - 检查周期 #1357
2026-08-09 11:19:37,830 - [Supervisor] - INFO - 检查周期 #1358
2026-08-09 11:19:59,188 - [Supervisor] - INFO - 检查周期 #1359
2026-08-09 11:20:20,768 - [Supervisor] - INFO - 检查周期 #1360
2026-08-09 11:20:42,160 - [Supervisor] - INFO - 检查周期 #1361
2026-08-09 11:21:03,569 - [Supervisor] - INFO - 检查周期 #1362
2026-08-09 11:21:25,021 - [Supervisor] - INFO - 检查周期 #1363
2026-08-09 11:21:46,374 - [Supervisor] - INFO - 检查周期 #1364
2026-08-09 11:22:07,832 - [Supervisor] - INFO - 检查周期 #1365
2026-08-09 11:22:29,250 - [Supervisor] - INFO - 检查周期 #1366
2026-08-09 11:22:50,779 - [Supervisor] - INFO - 检查周期 #1367
2026-08-09 11:23:12,137 - [Supervisor] - INFO - 检查周期 #1368
2026-08-09 11:23:33,919 - [Supervisor] - INFO - 检查周期 #1369
2026-08-09 11:23:55,318 - [Supervisor] - INFO - 检查周期 #1370
2026-08-09 11:24:16,692 - [Supervisor] - INFO - 检查周期 #1371
2026-08-09 11:24:38,103 - [Supervisor] - INFO - 检查周期 #1372
2026-08-09 11:24:59,655 - [Supervisor] - INFO - 检查周期 #1373
2026-08-09 11:25:21,214 - [Supervisor] - INFO - 检查周期 #1374
2026-08-09 11:25:42,845 - [Supervisor] - INFO - 检查周期 #1375
2026-08-09 11:26:04,241 - [Supervisor] - INFO - 检查周期 #1376
2026-08-09 11:26:25,694 - [Supervisor] - INFO - 检查周期 #1377
2026-08-09 11:26:47,193 - [Supervisor] - INFO - 检查周期 #1378
2026-08-09 11:27:08,649 - [Supervisor] - INFO - 检查周期 #1379
2026-08-09 11:27:30,094 - [Supervisor] - INFO - 检查周期 #1380
2026-08-09 11:27:51,428 - [Supervisor] - INFO - 检查周期 #1381
2026-08-09 11:28:12,916 - [Supervisor] - INFO - 检查周期 #1382
2026-08-09 11:28:34,337 - [Supervisor] - INFO - 检查周期 #1383
2026-08-09 11:28:55,731 - [Supervisor] - INFO - 检查周期 #1384
2026-08-09 11:29:17,110 - [Supervisor] - INFO - 检查周期 #1385
2026-08-09 11:29:38,413 - [Supervisor] - INFO - 检查周期 #1386
2026-08-09 11:29:59,856 - [Supervisor] - INFO - 检查周期 #1387
2026-08-09 11:30:21,281 - [Supervisor] - INFO - 检查周期 #1388
2026-08-09 11:30:42,746 - [Supervisor] - INFO - 检查周期 #1389
2026-08-09 11:31:04,089 - [Supervisor] - INFO - 检查周期 #1390
2026-08-09 11:31:25,539 - [Supervisor] - INFO - 检查周期 #1391
2026-08-09 11:31:47,026 - [Supervisor] - INFO - 检查周期 #1392
2026-08-09 11:32:08,459 - [Supervisor] - INFO - 检查周期 #1393
2026-08-09 11:32:29,852 - [Supervisor] - INFO - 检查周期 #1394
2026-08-09 11:32:51,446 - [Supervisor] - INFO - 检查周期 #1395
2026-08-09 11:33:12,845 - [Supervisor] - INFO - 检查周期 #1396
2026-08-09 11:33:34,197 - [Supervisor] - INFO - 检查周期 #1397
2026-08-09 11:33:55,545 - [Supervisor] - INFO - 检查周期 #1398
2026-08-09 11:34:16,953 - [Supervisor] - INFO - 检查周期 #1399
2026-08-09 11:34:38,408 - [Supervisor] - INFO - 检查周期 #1400
2026-08-09 11:34:59,732 - [Supervisor] - INFO - 检查周期 #1401
2026-08-09 11:35:21,174 - [Supervisor] - INFO - 检查周期 #1402
2026-08-09 11:35:42,486 - [Supervisor] - INFO - 检查周期 #1403
2026-08-09 11:36:03,803 - [Supervisor] - INFO - 检查周期 #1404
2026-08-09 11:36:25,106 - [Supervisor] - INFO - 检查周期 #1405
2026-08-09 11:36:46,461 - [Supervisor] - INFO - 检查周期 #1406
2026-08-09 11:37:07,838 - [Supervisor] - INFO - 检查周期 #1407
2026-08-09 11:37:29,210 - [Supervisor] - INFO - 检查周期 #1408
2026-08-09 11:37:50,549 - [Supervisor] - INFO - 检查周期 #1409
2026-08-09 11:38:11,952 - [Supervisor] - INFO - 检查周期 #1410
2026-08-09 11:38:33,258 - [Supervisor] - INFO - 检查周期 #1411
2026-08-09 11:38:54,566 - [Supervisor] - INFO - 检查周期 #1412
2026-08-09 11:39:15,899 - [Supervisor] - INFO - 检查周期 #1413
2026-08-09 11:39:37,218 - [Supervisor] - INFO - 检查周期 #1414
2026-08-09 11:39:58,519 - [Supervisor] - INFO - 检查周期 #1415
2026-08-09 11:40:19,930 - [Supervisor] - INFO - 检查周期 #1416
2026-08-09 11:40:41,317 - [Supervisor] - INFO - 检查周期 #1417
2026-08-09 11:41:02,703 - [Supervisor] - INFO - 检查周期 #1418
2026-08-09 11:41:24,104 - [Supervisor] - INFO - 检查周期 #1419
2026-08-09 11:41:45,531 - [Supervisor] - INFO - 检查周期 #1420
2026-08-09 11:42:06,910 - [Supervisor] - INFO - 检查周期 #1421
2026-08-09 11:42:28,307 - [Supervisor] - INFO - 检查周期 #1422
2026-08-09 11:42:49,764 - [Supervisor] - INFO - 检查周期 #1423
2026-08-09 11:43:11,185 - [Supervisor] - INFO - 检查周期 #1424
2026-08-09 11:43:32,573 - [Supervisor] - INFO - 检查周期 #1425
2026-08-09 11:43:53,990 - [Supervisor] - INFO - 检查周期 #1426
2026-08-09 11:44:15,414 - [Supervisor] - INFO - 检查周期 #1427
2026-08-09 11:44:36,800 - [Supervisor] - INFO - 检查周期 #1428
2026-08-09 11:44:58,173 - [Supervisor] - INFO - 检查周期 #1429
2026-08-09 11:45:19,619 - [Supervisor] - INFO - 检查周期 #1430
2026-08-09 11:45:40,805 - [Supervisor] - INFO - 检查周期 #1431
2026-08-09 11:46:02,248 - [Supervisor] - INFO - 检查周期 #1432
2026-08-09 11:46:23,691 - [Supervisor] - INFO - 检查周期 #1433
2026-08-09 11:46:45,174 - [Supervisor] - INFO - 检查周期 #1434
2026-08-09 11:47:06,655 - [Supervisor] - INFO - 检查周期 #1435
2026-08-09 11:47:28,022 - [Supervisor] - INFO - 检查周期 #1436
2026-08-09 11:47:49,464 - [Supervisor] - INFO - 检查周期 #1437
2026-08-09 11:48:10,871 - [Supervisor] - INFO - 检查周期 #1438
2026-08-09 11:48:32,223 - [Supervisor] - INFO - 检查周期 #1439
2026-08-09 11:48:53,533 - [Supervisor] - INFO - 检查周期 #1440
2026-08-09 11:49:14,899 - [Supervisor] - INFO - 检查周期 #1441
2026-08-09 11:49:36,438 - [Supervisor] - INFO - 检查周期 #1442
2026-08-09 11:49:57,823 - [Supervisor] - INFO - 检查周期 #1443
2026-08-09 11:50:19,185 - [Supervisor] - INFO - 检查周期 #1444
2026-08-09 11:50:40,492 - [Supervisor] - INFO - 检查周期 #1445
2026-08-09 11:51:01,798 - [Supervisor] - INFO - 检查周期 #1446
2026-08-09 11:51:23,176 - [Supervisor] - INFO - 检查周期 #1447
2026-08-09 11:51:44,530 - [Supervisor] - INFO - 检查周期 #1448
2026-08-09 11:52:05,765 - [Supervisor] - INFO - 检查周期 #1449
2026-08-09 11:52:27,058 - [Supervisor] - INFO - 检查周期 #1450
2026-08-09 11:52:48,458 - [Supervisor] - INFO - 检查周期 #1451
2026-08-09 11:53:09,814 - [Supervisor] - INFO - 检查周期 #1452
2026-08-09 11:53:31,218 - [Supervisor] - INFO - 检查周期 #1453
2026-08-09 11:53:52,719 - [Supervisor] - INFO - 检查周期 #1454
2026-08-09 11:54:14,097 - [Supervisor] - INFO - 检查周期 #1455
2026-08-09 11:54:35,807 - [Supervisor] - INFO - 检查周期 #1456
2026-08-09 11:54:57,241 - [Supervisor] - INFO - 检查周期 #1457
2026-08-09 11:55:18,600 - [Supervisor] - INFO - 检查周期 #1458
2026-08-09 11:55:39,971 - [Supervisor] - INFO - 检查周期 #1459
2026-08-09 11:56:01,316 - [Supervisor] - INFO - 检查周期 #1460
2026-08-09 11:56:22,693 - [Supervisor] - INFO - 检查周期 #1461
2026-08-09 11:56:44,115 - [Supervisor] - INFO - 检查周期 #1462
2026-08-09 11:57:05,551 - [Supervisor] - INFO - 检查周期 #1463
2026-08-09 11:57:27,262 - [Supervisor] - INFO - 检查周期 #1464
2026-08-09 11:57:48,652 - [Supervisor] - INFO - 检查周期 #1465
2026-08-09 11:58:10,068 - [Supervisor] - INFO - 检查周期 #1466
2026-08-09 11:58:31,456 - [Supervisor] - INFO - 检查周期 #1467
2026-08-09 11:58:52,870 - [Supervisor] - INFO - 检查周期 #1468
2026-08-09 11:59:14,205 - [Supervisor] - INFO - 检查周期 #1469
2026-08-09 11:59:35,607 - [Supervisor] - INFO - 检查周期 #1470
2026-08-09 11:59:56,997 - [Supervisor] - INFO - 检查周期 #1471
2026-08-09 12:00:18,840 - [Supervisor] - INFO - 检查周期 #1472
2026-08-09 12:00:40,186 - [Supervisor] - INFO - 检查周期 #1473
2026-08-09 12:01:01,661 - [Supervisor] - INFO - 检查周期 #1474
2026-08-09 12:01:23,044 - [Supervisor] - INFO - 检查周期 #1475
2026-08-09 12:01:44,538 - [Supervisor] - INFO - 检查周期 #1476
2026-08-09 12:02:05,944 - [Supervisor] - INFO - 检查周期 #1477
2026-08-09 12:02:27,282 - [Supervisor] - INFO - 检查周期 #1478
2026-08-09 12:02:48,691 - [Supervisor] - INFO - 检查周期 #1479
2026-08-09 12:03:10,110 - [Supervisor] - INFO - 检查周期 #1480
2026-08-09 12:03:31,551 - [Supervisor] - INFO - 检查周期 #1481
2026-08-09 12:03:52,949 - [Supervisor] - INFO - 检查周期 #1482
2026-08-09 12:04:14,355 - [Supervisor] - INFO - 检查周期 #1483
2026-08-09 12:04:35,771 - [Supervisor] - INFO - 检查周期 #1484
2026-08-09 12:04:57,187 - [Supervisor] - INFO - 检查周期 #1485
2026-08-09 12:05:18,938 - [Supervisor] - INFO - 检查周期 #1486
2026-08-09 12:05:40,282 - [Supervisor] - INFO - 检查周期 #1487
2026-08-09 12:06:01,731 - [Supervisor] - INFO - 检查周期 #1488
2026-08-09 12:06:23,122 - [Supervisor] - INFO - 检查周期 #1489
2026-08-09 12:06:44,498 - [Supervisor] - INFO - 检查周期 #1490
2026-08-09 12:07:05,911 - [Supervisor] - INFO - 检查周期 #1491
2026-08-09 12:07:27,375 - [Supervisor] - INFO - 检查周期 #1492
2026-08-09 12:07:48,916 - [Supervisor] - INFO - 检查周期 #1493
2026-08-09 12:08:10,372 - [Supervisor] - INFO - 检查周期 #1494
2026-08-09 12:08:31,809 - [Supervisor] - INFO - 检查周期 #1495
2026-08-09 12:08:53,189 - [Supervisor] - INFO - 检查周期 #1496
2026-08-09 12:09:14,581 - [Supervisor] - INFO - 检查周期 #1497
2026-08-09 12:09:36,045 - [Supervisor] - INFO - 检查周期 #1498
2026-08-09 12:09:57,429 - [Supervisor] - INFO - 检查周期 #1499
2026-08-09 12:10:19,057 - [Supervisor] - INFO - 检查周期 #1500
2026-08-09 12:10:40,379 - [Supervisor] - INFO - 检查周期 #1501
2026-08-09 12:11:01,923 - [Supervisor] - INFO - 检查周期 #1502
2026-08-09 12:11:23,444 - [Supervisor] - INFO - 检查周期 #1503
2026-08-09 12:11:44,817 - [Supervisor] - INFO - 检查周期 #1504
2026-08-09 12:12:06,253 - [Supervisor] - INFO - 检查周期 #1505
2026-08-09 12:12:27,653 - [Supervisor] - INFO - 检查周期 #1506
2026-08-09 12:12:49,073 - [Supervisor] - INFO - 检查周期 #1507
2026-08-09 12:13:10,376 - [Supervisor] - INFO - 检查周期 #1508
2026-08-09 12:13:31,698 - [Supervisor] - INFO - 检查周期 #1509
2026-08-09 12:13:53,126 - [Supervisor] - INFO - 检查周期 #1510
2026-08-09 12:14:14,553 - [Supervisor] - INFO - 检查周期 #1511
2026-08-09 12:14:36,268 - [Supervisor] - INFO - 检查周期 #1512
2026-08-09 12:14:57,766 - [Supervisor] - INFO - 检查周期 #1513
2026-08-09 12:15:19,154 - [Supervisor] - INFO - 检查周期 #1514
2026-08-09 12:15:40,534 - [Supervisor] - INFO - 检查周期 #1515
2026-08-09 12:16:01,904 - [Supervisor] - INFO - 检查周期 #1516
2026-08-09 12:16:23,364 - [Supervisor] - INFO - 检查周期 #1517
2026-08-09 12:16:44,859 - [Supervisor] - INFO - 检查周期 #1518
2026-08-09 12:17:06,453 - [Supervisor] - INFO - 检查周期 #1519
2026-08-09 12:17:27,825 - [Supervisor] - INFO - 检查周期 #1520
2026-08-09 12:17:49,235 - [Supervisor] - INFO - 检查周期 #1521
2026-08-09 12:18:10,607 - [Supervisor] - INFO - 检查周期 #1522
2026-08-09 12:18:31,938 - [Supervisor] - INFO - 检查周期 #1523
2026-08-09 12:18:53,299 - [Supervisor] - INFO - 检查周期 #1524
2026-08-09 12:19:14,690 - [Supervisor] - INFO - 检查周期 #1525
2026-08-09 12:19:36,105 - [Supervisor] - INFO - 检查周期 #1526
2026-08-09 12:19:57,507 - [Supervisor] - INFO - 检查周期 #1527
2026-08-09 12:20:18,872 - [Supervisor] - INFO - 检查周期 #1528
2026-08-09 12:20:40,253 - [Supervisor] - INFO - 检查周期 #1529
2026-08-09 12:21:01,595 - [Supervisor] - INFO - 检查周期 #1530
2026-08-09 12:21:23,001 - [Supervisor] - INFO - 检查周期 #1531
2026-08-09 12:21:44,412 - [Supervisor] - INFO - 检查周期 #1532
2026-08-09 12:22:05,748 - [Supervisor] - INFO - 检查周期 #1533
2026-08-09 12:22:27,113 - [Supervisor] - INFO - 检查周期 #1534
2026-08-09 12:22:58,754 - [Supervisor] - INFO - 检查周期 #1535
2026-08-09 12:23:20,130 - [Supervisor] - INFO - 检查周期 #1536
2026-08-09 12:23:41,526 - [Supervisor] - INFO - 检查周期 #1537
2026-08-09 12:24:02,856 - [Supervisor] - INFO - 检查周期 #1538
2026-08-09 12:24:24,174 - [Supervisor] - INFO - 检查周期 #1539
2026-08-09 12:24:45,574 - [Supervisor] - INFO - 检查周期 #1540
2026-08-09 12:25:06,964 - [Supervisor] - INFO - 检查周期 #1541
2026-08-09 12:25:28,343 - [Supervisor] - INFO - 检查周期 #1542
2026-08-09 12:25:50,037 - [Supervisor] - INFO - 检查周期 #1543
2026-08-09 12:26:11,490 - [Supervisor] - INFO - 检查周期 #1544
2026-08-09 12:26:32,862 - [Supervisor] - INFO - 检查周期 #1545
2026-08-09 12:26:54,188 - [Supervisor] - INFO - 检查周期 #1546
2026-08-09 12:27:15,512 - [Supervisor] - INFO - 检查周期 #1547
2026-08-09 12:27:36,965 - [Supervisor] - INFO - 检查周期 #1548
2026-08-09 12:27:58,374 - [Supervisor] - INFO - 检查周期 #1549
2026-08-09 12:28:19,914 - [Supervisor] - INFO - 检查周期 #1550
2026-08-09 12:28:41,301 - [Supervisor] - INFO - 检查周期 #1551
2026-08-09 12:29:02,988 - [Supervisor] - INFO - 检查周期 #1552
2026-08-09 12:29:24,474 - [Supervisor] - INFO - 检查周期 #1553
2026-08-09 12:29:46,375 - [Supervisor] - INFO - 检查周期 #1554
2026-08-09 12:30:07,782 - [Supervisor] - INFO - 检查周期 #1555
2026-08-09 12:30:29,212 - [Supervisor] - INFO - 检查周期 #1556
2026-08-09 12:30:50,851 - [Supervisor] - INFO - 检查周期 #1557
2026-08-09 12:31:12,498 - [Supervisor] - INFO - 检查周期 #1558
2026-08-09 12:31:33,924 - [Supervisor] - INFO - 检查周期 #1559
2026-08-09 12:31:55,313 - [Supervisor] - INFO - 检查周期 #1560
2026-08-09 12:32:16,961 - [Supervisor] - INFO - 检查周期 #1561
2026-08-09 12:32:38,288 - [Supervisor] - INFO - 检查周期 #1562
2026-08-09 12:32:59,654 - [Supervisor] - INFO - 检查周期 #1563
2026-08-09 12:33:21,214 - [Supervisor] - INFO - 检查周期 #1564
2026-08-09 12:33:42,518 - [Supervisor] - INFO - 检查周期 #1565
2026-08-09 12:34:03,873 - [Supervisor] - INFO - 检查周期 #1566
2026-08-09 12:34:25,305 - [Supervisor] - INFO - 检查周期 #1567
2026-08-09 12:34:46,501 - [Supervisor] - INFO - 检查周期 #1568
2026-08-09 12:35:08,122 - [Supervisor] - INFO - 检查周期 #1569
2026-08-09 12:35:29,486 - [Supervisor] - INFO - 检查周期 #1570
2026-08-09 12:35:51,071 - [Supervisor] - INFO - 检查周期 #1571
2026-08-09 12:36:12,434 - [Supervisor] - INFO - 检查周期 #1572
2026-08-09 12:36:33,819 - [Supervisor] - INFO - 检查周期 #1573
2026-08-09 12:36:55,218 - [Supervisor] - INFO - 检查周期 #1574
2026-08-09 12:37:17,013 - [Supervisor] - INFO - 检查周期 #1575
2026-08-09 12:37:38,315 - [Supervisor] - INFO - 检查周期 #1576
2026-08-09 12:37:59,912 - [Supervisor] - INFO - 检查周期 #1577
2026-08-09 12:38:21,337 - [Supervisor] - INFO - 检查周期 #1578
2026-08-09 12:38:42,911 - [Supervisor] - INFO - 检查周期 #1579
2026-08-09 12:39:04,223 - [Supervisor] - INFO - 检查周期 #1580
2026-08-09 12:39:25,697 - [Supervisor] - INFO - 检查周期 #1581
2026-08-09 12:39:47,346 - [Supervisor] - INFO - 检查周期 #1582
2026-08-09 12:40:08,699 - [Supervisor] - INFO - 检查周期 #1583
2026-08-09 12:40:29,996 - [Supervisor] - INFO - 检查周期 #1584
2026-08-09 12:40:51,471 - [Supervisor] - INFO - 检查周期 #1585
2026-08-09 12:41:12,837 - [Supervisor] - INFO - 检查周期 #1586
2026-08-09 12:41:34,233 - [Supervisor] - INFO - 检查周期 #1587
2026-08-09 12:41:55,573 - [Supervisor] - INFO - 检查周期 #1588
2026-08-09 12:42:16,877 - [Supervisor] - INFO - 检查周期 #1589
2026-08-09 12:42:38,237 - [Supervisor] - INFO - 检查周期 #1590
2026-08-09 12:42:59,804 - [Supervisor] - INFO - 检查周期 #1591
2026-08-09 12:43:21,236 - [Supervisor] - INFO - 检查周期 #1592
2026-08-09 12:43:42,592 - [Supervisor] - INFO - 检查周期 #1593
2026-08-09 12:44:04,018 - [Supervisor] - INFO - 检查周期 #1594
2026-08-09 12:44:25,393 - [Supervisor] - INFO - 检查周期 #1595
2026-08-09 12:44:46,802 - [Supervisor] - INFO - 检查周期 #1596
2026-08-09 12:45:08,103 - [Supervisor] - INFO - 检查周期 #1597
2026-08-09 12:45:29,526 - [Supervisor] - INFO - 检查周期 #1598
2026-08-09 12:45:50,999 - [Supervisor] - INFO - 检查周期 #1599
2026-08-09 12:46:12,387 - [Supervisor] - INFO - 检查周期 #1600
2026-08-09 12:46:33,768 - [Supervisor] - INFO - 检查周期 #1601
2026-08-09 12:46:57,211 - [Supervisor] - INFO - 检查周期 #1602
2026-08-09 12:47:25,342 - [Supervisor] - INFO - 检查周期 #1603
2026-08-09 12:47:47,194 - [Supervisor] - INFO - 检查周期 #1604
2026-08-09 12:48:08,611 - [Supervisor] - INFO - 检查周期 #1605
2026-08-09 12:48:29,932 - [Supervisor] - INFO - 检查周期 #1606
2026-08-09 12:48:51,430 - [Supervisor] - INFO - 检查周期 #1607
2026-08-09 12:49:12,775 - [Supervisor] - INFO - 检查周期 #1608
2026-08-09 12:49:34,145 - [Supervisor] - INFO - 检查周期 #1609
2026-08-09 12:49:55,557 - [Supervisor] - INFO - 检查周期 #1610
2026-08-09 12:50:16,923 - [Supervisor] - INFO - 检查周期 #1611
2026-08-09 12:50:38,327 - [Supervisor] - INFO - 检查周期 #1612
2026-08-09 12:50:59,644 - [Supervisor] - INFO - 检查周期 #1613
2026-08-09 12:51:20,973 - [Supervisor] - INFO - 检查周期 #1614
2026-08-09 12:51:42,470 - [Supervisor] - INFO - 检查周期 #1615
2026-08-09 12:52:03,927 - [Supervisor] - INFO - 检查周期 #1616
2026-08-09 12:52:25,284 - [Supervisor] - INFO - 检查周期 #1617
2026-08-09 12:52:46,621 - [Supervisor] - INFO - 检查周期 #1618
2026-08-09 12:53:08,008 - [Supervisor] - INFO - 检查周期 #1619
2026-08-09 12:53:47,611 - [Supervisor] - INFO - 检查周期 #1620
2026-08-09 12:54:09,409 - [Supervisor] - INFO - 检查周期 #1621
2026-08-09 12:54:30,934 - [Supervisor] - INFO - 检查周期 #1622
2026-08-09 12:54:57,125 - [Supervisor] - INFO - 检查周期 #1623
2026-08-09 12:55:18,600 - [Supervisor] - INFO - 检查周期 #1624
2026-08-09 12:55:39,920 - [Supervisor] - INFO - 检查周期 #1625
2026-08-09 12:56:01,289 - [Supervisor] - INFO - 检查周期 #1626
2026-08-09 12:56:22,993 - [Supervisor] - INFO - 检查周期 #1627
2026-08-09 12:56:44,495 - [Supervisor] - INFO - 检查周期 #1628
2026-08-09 12:57:05,875 - [Supervisor] - INFO - 检查周期 #1629
2026-08-09 12:57:27,212 - [Supervisor] - INFO - 检查周期 #1630
2026-08-09 12:57:48,625 - [Supervisor] - INFO - 检查周期 #1631
2026-08-09 12:58:09,938 - [Supervisor] - INFO - 检查周期 #1632
2026-08-09 12:58:31,308 - [Supervisor] - INFO - 检查周期 #1633
2026-08-09 12:58:52,628 - [Supervisor] - INFO - 检查周期 #1634
2026-08-09 12:59:14,033 - [Supervisor] - INFO - 检查周期 #1635
2026-08-09 12:59:36,199 - [Supervisor] - INFO - 检查周期 #1636
2026-08-09 12:59:57,713 - [Supervisor] - INFO - 检查周期 #1637
2026-08-09 13:00:19,111 - [Supervisor] - INFO - 检查周期 #1638
2026-08-09 13:00:40,485 - [Supervisor] - INFO - 检查周期 #1639
2026-08-09 13:01:02,015 - [Supervisor] - INFO - 检查周期 #1640
2026-08-09 13:01:23,503 - [Supervisor] - INFO - 检查周期 #1641
2026-08-09 13:01:44,997 - [Supervisor] - INFO - 检查周期 #1642
2026-08-09 13:02:06,334 - [Supervisor] - INFO - 检查周期 #1643
2026-08-09 13:02:27,692 - [Supervisor] - INFO - 检查周期 #1644
2026-08-09 13:02:49,192 - [Supervisor] - INFO - 检查周期 #1645
2026-08-09 13:03:10,630 - [Supervisor] - INFO - 检查周期 #1646
2026-08-09 13:03:32,063 - [Supervisor] - INFO - 检查周期 #1647
2026-08-09 13:03:53,408 - [Supervisor] - INFO - 检查周期 #1648
2026-08-09 13:04:15,010 - [Supervisor] - INFO - 检查周期 #1649
2026-08-09 13:04:37,532 - [Supervisor] - INFO - 检查周期 #1650
2026-08-09 13:04:58,888 - [Supervisor] - INFO - 检查周期 #1651
2026-08-09 13:05:20,361 - [Supervisor] - INFO - 检查周期 #1652
2026-08-09 13:05:41,666 - [Supervisor] - INFO - 检查周期 #1653
2026-08-09 13:06:03,129 - [Supervisor] - INFO - 检查周期 #1654
2026-08-09 13:06:24,629 - [Supervisor] - INFO - 检查周期 #1655
2026-08-09 13:06:46,010 - [Supervisor] - INFO - 检查周期 #1656
2026-08-09 13:07:07,403 - [Supervisor] - INFO - 检查周期 #1657
2026-08-09 13:07:30,133 - [Supervisor] - INFO - 检查周期 #1658
2026-08-09 13:07:51,505 - [Supervisor] - INFO - 检查周期 #1659
2026-08-09 13:08:13,005 - [Supervisor] - INFO - 检查周期 #1660
2026-08-09 13:08:35,879 - [Supervisor] - INFO - 检查周期 #1661
2026-08-09 13:08:57,317 - [Supervisor] - INFO - 检查周期 #1662
2026-08-09 13:09:18,715 - [Supervisor] - INFO - 检查周期 #1663
2026-08-09 13:09:40,249 - [Supervisor] - INFO - 检查周期 #1664
2026-08-09 13:10:01,677 - [Supervisor] - INFO - 检查周期 #1665
2026-08-09 13:10:23,054 - [Supervisor] - INFO - 检查周期 #1666
2026-08-09 13:10:44,593 - [Supervisor] - INFO - 检查周期 #1667
2026-08-09 13:11:07,139 - [Supervisor] - INFO - 检查周期 #1668
2026-08-09 13:11:28,490 - [Supervisor] - INFO - 检查周期 #1669
2026-08-09 13:11:49,860 - [Supervisor] - INFO - 检查周期 #1670
2026-08-09 13:12:11,180 - [Supervisor] - INFO - 检查周期 #1671
2026-08-09 13:12:32,740 - [Supervisor] - INFO - 检查周期 #1672
2026-08-09 13:12:54,117 - [Supervisor] - INFO - 检查周期 #1673
2026-08-09 13:13:15,538 - [Supervisor] - INFO - 检查周期 #1674
2026-08-09 13:13:38,184 - [Supervisor] - INFO - 检查周期 #1675
2026-08-09 13:13:59,592 - [Supervisor] - INFO - 检查周期 #1676
2026-08-09 13:14:20,951 - [Supervisor] - INFO - 检查周期 #1677
2026-08-09 13:14:42,243 - [Supervisor] - INFO - 检查周期 #1678
2026-08-09 13:15:03,570 - [Supervisor] - INFO - 检查周期 #1679
2026-08-09 13:15:24,941 - [Supervisor] - INFO - 检查周期 #1680
2026-08-09 13:15:46,331 - [Supervisor] - INFO - 检查周期 #1681
2026-08-09 13:16:07,831 - [Supervisor] - INFO - 检查周期 #1682
2026-08-09 13:16:29,160 - [Supervisor] - INFO - 检查周期 #1683
2026-08-09 13:16:50,786 - [Supervisor] - INFO - 检查周期 #1684
2026-08-09 13:17:12,415 - [Supervisor] - INFO - 检查周期 #1685
2026-08-09 13:17:33,815 - [Supervisor] - INFO - 检查周期 #1686
2026-08-09 13:17:55,187 - [Supervisor] - INFO - 检查周期 #1687
2026-08-09 13:18:16,573 - [Supervisor] - INFO - 检查周期 #1688
2026-08-09 13:18:38,132 - [Supervisor] - INFO - 检查周期 #1689
2026-08-09 13:19:00,457 - [Supervisor] - INFO - 检查周期 #1690
2026-08-09 13:19:22,012 - [Supervisor] - INFO - 检查周期 #1691
2026-08-09 13:19:43,599 - [Supervisor] - INFO - 检查周期 #1692
2026-08-09 13:20:05,005 - [Supervisor] - INFO - 检查周期 #1693
2026-08-09 13:20:26,355 - [Supervisor] - INFO - 检查周期 #1694
2026-08-09 13:20:47,786 - [Supervisor] - INFO - 检查周期 #1695
2026-08-09 13:21:09,462 - [Supervisor] - INFO - 检查周期 #1696
2026-08-09 13:21:31,041 - [Supervisor] - INFO - 检查周期 #1697
2026-08-09 13:21:52,366 - [Supervisor] - INFO - 检查周期 #1698
2026-08-09 13:22:14,024 - [Supervisor] - INFO - 检查周期 #1699
2026-08-09 13:22:35,441 - [Supervisor] - INFO - 检查周期 #1700
2026-08-09 13:22:57,776 - [Supervisor] - INFO - 检查周期 #1701
2026-08-09 13:23:19,232 - [Supervisor] - INFO - 检查周期 #1702
2026-08-09 13:23:40,746 - [Supervisor] - INFO - 检查周期 #1703
2026-08-09 13:24:02,081 - [Supervisor] - INFO - 检查周期 #1704
2026-08-09 13:24:23,472 - [Supervisor] - INFO - 检查周期 #1705
2026-08-09 13:24:44,875 - [Supervisor] - INFO - 检查周期 #1706
2026-08-09 13:25:06,257 - [Supervisor] - INFO - 检查周期 #1707
2026-08-09 13:25:27,558 - [Supervisor] - INFO - 检查周期 #1708
2026-08-09 13:25:48,999 - [Supervisor] - INFO - 检查周期 #1709
2026-08-09 13:26:11,458 - [Supervisor] - INFO - 检查周期 #1710
2026-08-09 13:26:32,778 - [Supervisor] - INFO - 检查周期 #1711
2026-08-09 13:26:54,239 - [Supervisor] - INFO - 检查周期 #1712
2026-08-09 13:27:15,598 - [Supervisor] - INFO - 检查周期 #1713
2026-08-09 13:27:37,018 - [Supervisor] - INFO - 检查周期 #1714
2026-08-09 13:27:58,668 - [Supervisor] - INFO - 检查周期 #1715
2026-08-09 13:28:20,302 - [Supervisor] - INFO - 检查周期 #1716
2026-08-09 13:28:41,716 - [Supervisor] - INFO - 检查周期 #1717
2026-08-09 13:29:04,181 - [Supervisor] - INFO - 检查周期 #1718
2026-08-09 13:29:26,580 - [Supervisor] - INFO - 检查周期 #1719
2026-08-09 13:29:49,272 - [Supervisor] - INFO - 检查周期 #1720
2026-08-09 13:30:10,784 - [Supervisor] - INFO - 检查周期 #1721
2026-08-09 13:30:32,537 - [Supervisor] - INFO - 检查周期 #1722
2026-08-09 13:30:53,971 - [Supervisor] - INFO - 检查周期 #1723
2026-08-09 13:31:14,932 - [Supervisor] - INFO - 检查周期 #1724
2026-08-09 13:31:36,304 - [Supervisor] - INFO - 检查周期 #1725
2026-08-09 13:31:59,780 - [Supervisor] - INFO - 检查周期 #1726
2026-08-09 13:32:21,103 - [Supervisor] - INFO - 检查周期 #1727
2026-08-09 13:32:42,540 - [Supervisor] - INFO - 检查周期 #1728
2026-08-09 13:33:03,953 - [Supervisor] - INFO - 检查周期 #1729
2026-08-09 13:33:25,740 - [Supervisor] - INFO - 检查周期 #1730
2026-08-09 13:33:47,075 - [Supervisor] - INFO - 检查周期 #1731
2026-08-09 13:34:08,567 - [Supervisor] - INFO - 检查周期 #1732
2026-08-09 13:34:29,972 - [Supervisor] - INFO - 检查周期 #1733
2026-08-09 13:34:51,510 - [Supervisor] - INFO - 检查周期 #1734
2026-08-09 13:35:12,945 - [Supervisor] - INFO - 检查周期 #1735
2026-08-09 13:35:34,473 - [Supervisor] - INFO - 检查周期 #1736
2026-08-09 13:35:55,796 - [Supervisor] - INFO - 检查周期 #1737
2026-08-09 13:36:17,136 - [Supervisor] - INFO - 检查周期 #1738
2026-08-09 13:36:38,757 - [Supervisor] - INFO - 检查周期 #1739
2026-08-09 13:37:00,164 - [Supervisor] - INFO - 检查周期 #1740
2026-08-09 13:37:21,680 - [Supervisor] - INFO - 检查周期 #1741
2026-08-09 13:37:44,161 - [Supervisor] - INFO - 检查周期 #1742
2026-08-09 13:38:05,814 - [Supervisor] - INFO - 检查周期 #1743
2026-08-09 13:38:27,161 - [Supervisor] - INFO - 检查周期 #1744
2026-08-09 13:38:48,661 - [Supervisor] - INFO - 检查周期 #1745
2026-08-09 13:39:10,021 - [Supervisor] - INFO - 检查周期 #1746
2026-08-09 13:39:31,376 - [Supervisor] - INFO - 检查周期 #1747
2026-08-09 13:39:54,828 - [Supervisor] - INFO - 检查周期 #1748
2026-08-09 13:39:54,829 - [Supervisor] - INFO - bot (PID=2219) 已死亡，重启...
2026-08-09 13:39:54,830 - [Supervisor] - INFO - 启动 bot...
2026-08-09 13:39:54,895 - [Supervisor] - INFO - bot 已启动 PID=3093
2026-08-09 13:40:16,410 - [Supervisor] - INFO - 检查周期 #1749
2026-08-09 13:40:37,787 - [Supervisor] - INFO - 检查周期 #1750
2026-08-09 13:40:59,226 - [Supervisor] - INFO - 检查周期 #1751
2026-08-09 13:40:59,228 - [Supervisor] - INFO - bot (PID=3149) 已死亡，重启...
2026-08-09 13:40:59,228 - [Supervisor] - INFO - 启动 bot...
2026-08-09 13:40:59,231 - [Supervisor] - INFO - bot 已启动 PID=3189
2026-08-09 13:41:22,039 - [Supervisor] - INFO - 检查周期 #1752
2026-08-09 13:41:43,439 - [Supervisor] - INFO - 检查周期 #1753
2026-08-09 13:42:04,951 - [Supervisor] - INFO - 检查周期 #1754
2026-08-09 13:42:04,952 - [Supervisor] - INFO - bot (PID=3189) 已死亡，重启...
2026-08-09 13:42:04,952 - [Supervisor] - INFO - 启动 bot...
2026-08-09 13:42:04,954 - [Supervisor] - INFO - bot 已启动 PID=3261
2026-08-09 13:42:26,603 - [Supervisor] - INFO - 检查周期 #1755
2026-08-09 13:42:48,260 - [Supervisor] - INFO - 检查周期 #1756
2026-08-09 13:43:09,942 - [Supervisor] - INFO - 检查周期 #1757
2026-08-09 13:43:31,574 - [Supervisor] - INFO - 检查周期 #1758
2026-08-09 13:43:53,035 - [Supervisor] - INFO - 检查周期 #1759
2026-08-09 13:44:14,456 - [Supervisor] - INFO - 检查周期 #1760
2026-08-09 13:44:35,899 - [Supervisor] - INFO - 检查周期 #1761
2026-08-09 13:44:57,240 - [Supervisor] - INFO - 检查周期 #1762
2026-08-09 13:45:18,615 - [Supervisor] - INFO - 检查周期 #1763
2026-08-09 13:45:40,125 - [Supervisor] - INFO - 检查周期 #1764
2026-08-09 13:46:01,479 - [Supervisor] - INFO - 检查周期 #1765
2026-08-09 13:46:22,777 - [Supervisor] - INFO - 检查周期 #1766
2026-08-09 13:46:44,293 - [Supervisor] - INFO - 检查周期 #1767
2026-08-09 13:47:05,743 - [Supervisor] - INFO - 检查周期 #1768
2026-08-09 13:47:27,096 - [Supervisor] - INFO - 检查周期 #1769
2026-08-09 13:47:48,481 - [Supervisor] - INFO - 检查周期 #1770
2026-08-09 13:48:09,803 - [Supervisor] - INFO - 检查周期 #1771
2026-08-09 13:48:32,152 - [Supervisor] - INFO - 检查周期 #1772
2026-08-09 13:48:53,491 - [Supervisor] - INFO - 检查周期 #1773
2026-08-09 13:49:15,916 - [Supervisor] - INFO - 检查周期 #1774
2026-08-09 13:49:37,373 - [Supervisor] - INFO - 检查周期 #1775
2026-08-09 13:49:59,222 - [Supervisor] - INFO - 检查周期 #1776
2026-08-09 13:50:20,653 - [Supervisor] - INFO - 检查周期 #1777
2026-08-09 13:50:42,164 - [Supervisor] - INFO - 检查周期 #1778
2026-08-09 13:51:03,605 - [Supervisor] - INFO - 检查周期 #1779
2026-08-09 13:51:26,174 - [Supervisor] - INFO - 检查周期 #1780
2026-08-09 13:51:47,856 - [Supervisor] - INFO - 检查周期 #1781
2026-08-09 13:52:10,427 - [Supervisor] - INFO - 检查周期 #1782
2026-08-09 13:52:32,223 - [Supervisor] - INFO - 检查周期 #1783
2026-08-09 13:52:53,559 - [Supervisor] - INFO - 检查周期 #1784
2026-08-09 13:53:15,003 - [Supervisor] - INFO - 检查周期 #1785
2026-08-09 13:53:36,748 - [Supervisor] - INFO - 检查周期 #1786
2026-08-09 13:53:58,173 - [Supervisor] - INFO - 检查周期 #1787
2026-08-09 13:54:19,668 - [Supervisor] - INFO - 检查周期 #1788
2026-08-09 13:54:40,981 - [Supervisor] - INFO - 检查周期 #1789
2026-08-09 13:55:02,523 - [Supervisor] - INFO - 检查周期 #1790
2026-08-09 13:55:24,017 - [Supervisor] - INFO - 检查周期 #1791
2026-08-09 13:55:45,522 - [Supervisor] - INFO - 检查周期 #1792
2026-08-09 13:56:06,971 - [Supervisor] - INFO - 检查周期 #1793
2026-08-09 13:56:28,685 - [Supervisor] - INFO - 检查周期 #1794
2026-08-09 13:56:50,061 - [Supervisor] - INFO - 检查周期 #1795
2026-08-09 13:57:11,523 - [Supervisor] - INFO - 检查周期 #1796
2026-08-09 13:57:32,927 - [Supervisor] - INFO - 检查周期 #1797
2026-08-09 13:57:54,492 - [Supervisor] - INFO - 检查周期 #1798
2026-08-09 13:58:16,290 - [Supervisor] - INFO - 检查周期 #1799
2026-08-09 13:58:37,676 - [Supervisor] - INFO - 检查周期 #1800
2026-08-09 13:58:59,031 - [Supervisor] - INFO - 检查周期 #1801
2026-08-09 13:59:20,428 - [Supervisor] - INFO - 检查周期 #1802
2026-08-09 13:59:41,904 - [Supervisor] - INFO - 检查周期 #1803
2026-08-09 14:00:03,262 - [Supervisor] - INFO - 检查周期 #1804
2026-08-09 14:00:24,630 - [Supervisor] - INFO - 检查周期 #1805
2026-08-09 14:00:46,009 - [Supervisor] - INFO - 检查周期 #1806
2026-08-09 14:01:07,396 - [Supervisor] - INFO - 检查周期 #1807
2026-08-09 14:01:28,926 - [Supervisor] - INFO - 检查周期 #1808
2026-08-09 14:01:50,255 - [Supervisor] - INFO - 检查周期 #1809
2026-08-09 14:02:11,726 - [Supervisor] - INFO - 检查周期 #1810
2026-08-09 14:02:33,093 - [Supervisor] - INFO - 检查周期 #1811
2026-08-09 14:02:54,614 - [Supervisor] - INFO - 检查周期 #1812
2026-08-09 14:03:16,024 - [Supervisor] - INFO - 检查周期 #1813
2026-08-09 14:03:37,393 - [Supervisor] - INFO - 检查周期 #1814
2026-08-09 14:03:59,931 - [Supervisor] - INFO - 检查周期 #1815
2026-08-09 14:04:21,346 - [Supervisor] - INFO - 检查周期 #1816
2026-08-09 14:04:42,814 - [Supervisor] - INFO - 检查周期 #1817
2026-08-09 14:05:04,165 - [Supervisor] - INFO - 检查周期 #1818
2026-08-09 14:05:25,615 - [Supervisor] - INFO - 检查周期 #1819
2026-08-09 14:05:47,066 - [Supervisor] - INFO - 检查周期 #1820
2026-08-09 14:06:08,450 - [Supervisor] - INFO - 检查周期 #1821
2026-08-09 14:06:29,940 - [Supervisor] - INFO - 检查周期 #1822
2026-08-09 14:06:51,807 - [Supervisor] - INFO - 检查周期 #1823
2026-08-09 14:07:14,033 - [Supervisor] - INFO - 检查周期 #1824
2026-08-09 14:07:35,472 - [Supervisor] - INFO - 检查周期 #1825
2026-08-09 14:07:57,260 - [Supervisor] - INFO - 检查周期 #1826
2026-08-09 14:08:19,772 - [Supervisor] - INFO - 检查周期 #1827
2026-08-09 14:08:42,299 - [Supervisor] - INFO - 检查周期 #1828
2026-08-09 14:09:03,802 - [Supervisor] - INFO - 检查周期 #1829
2026-08-09 14:09:25,507 - [Supervisor] - INFO - 检查周期 #1830
2026-08-09 14:09:47,958 - [Supervisor] - INFO - 检查周期 #1831
2026-08-09 14:10:09,414 - [Supervisor] - INFO - 检查周期 #1832
2026-08-09 14:10:30,915 - [Supervisor] - INFO - 检查周期 #1833
2026-08-09 14:10:51,965 - [Supervisor] - INFO - 检查周期 #1834
2026-08-09 14:11:13,475 - [Supervisor] - INFO - 检查周期 #1835
2026-08-09 14:11:35,927 - [Supervisor] - INFO - 检查周期 #1836
2026-08-09 14:11:57,746 - [Supervisor] - INFO - 检查周期 #1837
2026-08-09 14:12:19,088 - [Supervisor] - INFO - 检查周期 #1838
2026-08-09 14:12:40,444 - [Supervisor] - INFO - 检查周期 #1839
2026-08-09 14:13:01,999 - [Supervisor] - INFO - 检查周期 #1840
2026-08-09 14:13:23,324 - [Supervisor] - INFO - 检查周期 #1841
2026-08-09 14:13:44,704 - [Supervisor] - INFO - 检查周期 #1842
2026-08-09 14:14:06,053 - [Supervisor] - INFO - 检查周期 #1843
2026-08-09 14:14:27,433 - [Supervisor] - INFO - 检查周期 #1844
2026-08-09 14:14:48,788 - [Supervisor] - INFO - 检查周期 #1845
2026-08-09 14:15:10,172 - [Supervisor] - INFO - 检查周期 #1846
2026-08-09 14:15:31,723 - [Supervisor] - INFO - 检查周期 #1847
2026-08-09 14:15:53,181 - [Supervisor] - INFO - 检查周期 #1848
2026-08-09 14:16:14,520 - [Supervisor] - INFO - 检查周期 #1849
2026-08-09 14:16:35,844 - [Supervisor] - INFO - 检查周期 #1850
2026-08-09 14:16:57,246 - [Supervisor] - INFO - 检查周期 #1851
2026-08-09 14:17:18,820 - [Supervisor] - INFO - 检查周期 #1852
2026-08-09 14:17:40,206 - [Supervisor] - INFO - 检查周期 #1853
2026-08-09 14:18:01,593 - [Supervisor] - INFO - 检查周期 #1854
2026-08-09 14:18:22,982 - [Supervisor] - INFO - 检查周期 #1855
2026-08-09 14:18:44,329 - [Supervisor] - INFO - 检查周期 #1856
2026-08-09 14:19:06,040 - [Supervisor] - INFO - 检查周期 #1857
2026-08-09 14:19:27,350 - [Supervisor] - INFO - 检查周期 #1858
2026-08-09 14:19:48,734 - [Supervisor] - INFO - 检查周期 #1859
2026-08-09 14:20:10,128 - [Supervisor] - INFO - 检查周期 #1860
2026-08-09 14:20:31,566 - [Supervisor] - INFO - 检查周期 #1861
2026-08-09 14:20:52,961 - [Supervisor] - INFO - 检查周期 #1862
2026-08-09 14:21:14,335 - [Supervisor] - INFO - 检查周期 #1863
2026-08-09 14:21:38,558 - [Supervisor] - INFO - 检查周期 #1864
2026-08-09 14:22:00,154 - [Supervisor] - INFO - 检查周期 #1865
2026-08-09 14:22:21,655 - [Supervisor] - INFO - 检查周期 #1866
2026-08-09 14:22:43,387 - [Supervisor] - INFO - 检查周期 #1867
2026-08-09 14:23:04,883 - [Supervisor] - INFO - 检查周期 #1868
2026-08-09 14:23:26,483 - [Supervisor] - INFO - 检查周期 #1869
2026-08-09 14:23:47,858 - [Supervisor] - INFO - 检查周期 #1870
2026-08-09 14:24:09,200 - [Supervisor] - INFO - 检查周期 #1871
2026-08-09 14:24:30,516 - [Supervisor] - INFO - 检查周期 #1872
2026-08-09 14:24:51,847 - [Supervisor] - INFO - 检查周期 #1873
2026-08-09 14:25:13,204 - [Supervisor] - INFO - 检查周期 #1874
2026-08-09 14:25:34,440 - [Supervisor] - INFO - 检查周期 #1875
2026-08-09 14:25:55,809 - [Supervisor] - INFO - 检查周期 #1876
2026-08-09 14:26:17,130 - [Supervisor] - INFO - 检查周期 #1877
2026-08-09 14:26:38,439 - [Supervisor] - INFO - 检查周期 #1878
2026-08-09 14:26:59,785 - [Supervisor] - INFO - 检查周期 #1879
2026-08-09 14:27:21,183 - [Supervisor] - INFO - 检查周期 #1880
2026-08-09 14:27:42,518 - [Supervisor] - INFO - 检查周期 #1881
2026-08-09 14:28:04,271 - [Supervisor] - INFO - 检查周期 #1882
2026-08-09 14:28:26,955 - [Supervisor] - INFO - 检查周期 #1883
2026-08-09 14:28:49,319 - [Supervisor] - INFO - 检查周期 #1884
2026-08-09 14:29:10,650 - [Supervisor] - INFO - 检查周期 #1885
2026-08-09 14:29:32,023 - [Supervisor] - INFO - 检查周期 #1886
2026-08-09 14:29:53,303 - [Supervisor] - INFO - 检查周期 #1887
2026-08-09 14:30:14,786 - [Supervisor] - INFO - 检查周期 #1888
2026-08-09 14:30:36,160 - [Supervisor] - INFO - 检查周期 #1889
2026-08-09 14:30:57,506 - [Supervisor] - INFO - 检查周期 #1890
2026-08-09 14:31:18,827 - [Supervisor] - INFO - 检查周期 #1891
2026-08-09 14:31:40,676 - [Supervisor] - INFO - 检查周期 #1892
2026-08-09 14:32:02,604 - [Supervisor] - INFO - 检查周期 #1893
2026-08-09 14:32:23,967 - [Supervisor] - INFO - 检查周期 #1894
2026-08-09 14:32:45,378 - [Supervisor] - INFO - 检查周期 #1895
2026-08-09 14:33:06,779 - [Supervisor] - INFO - 检查周期 #1896
2026-08-09 14:33:28,145 - [Supervisor] - INFO - 检查周期 #1897
2026-08-09 14:33:49,433 - [Supervisor] - INFO - 检查周期 #1898
2026-08-09 14:34:10,923 - [Supervisor] - INFO - 检查周期 #1899
2026-08-09 14:34:32,271 - [Supervisor] - INFO - 检查周期 #1900
2026-08-09 14:34:53,742 - [Supervisor] - INFO - 检查周期 #1901
2026-08-09 14:35:15,379 - [Supervisor] - INFO - 检查周期 #1902
2026-08-09 14:35:36,831 - [Supervisor] - INFO - 检查周期 #1903
2026-08-09 14:35:58,215 - [Supervisor] - INFO - 检查周期 #1904
2026-08-09 14:36:19,630 - [Supervisor] - INFO - 检查周期 #1905
2026-08-09 14:36:40,981 - [Supervisor] - INFO - 检查周期 #1906
2026-08-09 14:37:02,977 - [Supervisor] - INFO - 检查周期 #1907
2026-08-09 14:37:25,401 - [Supervisor] - INFO - 检查周期 #1908
2026-08-09 14:37:47,847 - [Supervisor] - INFO - 检查周期 #1909
2026-08-09 14:38:09,407 - [Supervisor] - INFO - 检查周期 #1910
2026-08-09 14:38:31,067 - [Supervisor] - INFO - 检查周期 #1911
2026-08-09 14:38:52,503 - [Supervisor] - INFO - 检查周期 #1912
2026-08-09 14:39:13,901 - [Supervisor] - INFO - 检查周期 #1913
2026-08-09 14:39:35,254 - [Supervisor] - INFO - 检查周期 #1914
2026-08-09 14:39:56,881 - [Supervisor] - INFO - 检查周期 #1915
2026-08-09 14:40:18,226 - [Supervisor] - INFO - 检查周期 #1916
2026-08-09 14:40:40,708 - [Supervisor] - INFO - 检查周期 #1917
2026-08-09 14:41:02,269 - [Supervisor] - INFO - 检查周期 #1918
2026-08-09 14:41:23,617 - [Supervisor] - INFO - 检查周期 #1919
2026-08-09 14:41:45,568 - [Supervisor] - INFO - 检查周期 #1920
2026-08-09 14:42:08,331 - [Supervisor] - INFO - 检查周期 #1921
2026-08-09 14:42:30,155 - [Supervisor] - INFO - 检查周期 #1922
2026-08-09 14:42:51,495 - [Supervisor] - INFO - 检查周期 #1923
2026-08-09 14:43:12,914 - [Supervisor] - INFO - 检查周期 #1924
2026-08-09 14:43:34,467 - [Supervisor] - INFO - 检查周期 #1925
2026-08-09 14:43:55,838 - [Supervisor] - INFO - 检查周期 #1926
2026-08-09 14:44:17,243 - [Supervisor] - INFO - 检查周期 #1927
2026-08-09 14:44:39,630 - [Supervisor] - INFO - 检查周期 #1928
2026-08-09 14:45:01,091 - [Supervisor] - INFO - 检查周期 #1929
2026-08-09 14:45:22,583 - [Supervisor] - INFO - 检查周期 #1930
2026-08-09 14:45:45,041 - [Supervisor] - INFO - 检查周期 #1931
2026-08-09 14:46:06,481 - [Supervisor] - INFO - 检查周期 #1932
2026-08-09 14:46:29,151 - [Supervisor] - INFO - 检查周期 #1933
2026-08-09 14:46:50,487 - [Supervisor] - INFO - 检查周期 #1934
2026-08-09 14:47:12,032 - [Supervisor] - INFO - 检查周期 #1935
2026-08-09 14:47:33,348 - [Supervisor] - INFO - 检查周期 #1936
2026-08-09 14:47:54,710 - [Supervisor] - INFO - 检查周期 #1937
2026-08-09 14:48:16,060 - [Supervisor] - INFO - 检查周期 #1938
2026-08-09 14:48:37,439 - [Supervisor] - INFO - 检查周期 #1939
2026-08-09 14:48:58,939 - [Supervisor] - INFO - 检查周期 #1940
2026-08-09 14:49:20,347 - [Supervisor] - INFO - 检查周期 #1941
2026-08-09 14:49:41,980 - [Supervisor] - INFO - 检查周期 #1942
2026-08-09 14:50:03,427 - [Supervisor] - INFO - 检查周期 #1943
2026-08-09 14:50:25,059 - [Supervisor] - INFO - 检查周期 #1944
2026-08-09 14:50:46,410 - [Supervisor] - INFO - 检查周期 #1945
2026-08-09 14:51:07,882 - [Supervisor] - INFO - 检查周期 #1946
2026-08-09 14:51:30,274 - [Supervisor] - INFO - 检查周期 #1947
2026-08-09 14:51:51,997 - [Supervisor] - INFO - 检查周期 #1948
2026-08-09 14:52:13,432 - [Supervisor] - INFO - 检查周期 #1949
2026-08-09 14:52:35,007 - [Supervisor] - INFO - 检查周期 #1950
2026-08-09 14:52:56,381 - [Supervisor] - INFO - 检查周期 #1951
2026-08-09 14:53:17,761 - [Supervisor] - INFO - 检查周期 #1952
2026-08-09 14:53:39,295 - [Supervisor] - INFO - 检查周期 #1953
2026-08-09 14:54:01,060 - [Supervisor] - INFO - 检查周期 #1954
2026-08-09 14:54:22,470 - [Supervisor] - INFO - 检查周期 #1955
2026-08-09 14:54:44,269 - [Supervisor] - INFO - 检查周期 #1956
2026-08-09 14:55:05,677 - [Supervisor] - INFO - 检查周期 #1957
2026-08-09 14:55:27,122 - [Supervisor] - INFO - 检查周期 #1958
2026-08-09 14:55:48,483 - [Supervisor] - INFO - 检查周期 #1959
2026-08-09 14:56:10,959 - [Supervisor] - INFO - 检查周期 #1960
2026-08-09 14:56:32,320 - [Supervisor] - INFO - 检查周期 #1961
2026-08-09 14:56:54,803 - [Supervisor] - INFO - 检查周期 #1962
2026-08-09 14:57:16,285 - [Supervisor] - INFO - 检查周期 #1963
2026-08-09 14:57:37,756 - [Supervisor] - INFO - 检查周期 #1964
2026-08-09 14:57:59,136 - [Supervisor] - INFO - 检查周期 #1965
2026-08-09 14:58:20,555 - [Supervisor] - INFO - 检查周期 #1966
2026-08-09 14:58:41,965 - [Supervisor] - INFO - 检查周期 #1967
2026-08-09 14:59:03,461 - [Supervisor] - INFO - 检查周期 #1968
2026-08-09 14:59:24,815 - [Supervisor] - INFO - 检查周期 #1969
2026-08-09 14:59:46,260 - [Supervisor] - INFO - 检查周期 #1970
2026-08-09 15:00:07,721 - [Supervisor] - INFO - 检查周期 #1971
2026-08-09 15:00:29,139 - [Supervisor] - INFO - 检查周期 #1972
2026-08-09 15:00:51,875 - [Supervisor] - INFO - 检查周期 #1973
2026-08-09 15:01:13,297 - [Supervisor] - INFO - 检查周期 #1974
2026-08-09 15:01:34,643 - [Supervisor] - INFO - 检查周期 #1975
2026-08-09 15:01:56,004 - [Supervisor] - INFO - 检查周期 #1976
2026-08-09 15:02:17,575 - [Supervisor] - INFO - 检查周期 #1977
2026-08-09 15:02:40,252 - [Supervisor] - INFO - 检查周期 #1978
2026-08-09 15:03:01,597 - [Supervisor] - INFO - 检查周期 #1979
2026-08-09 15:03:22,952 - [Supervisor] - INFO - 检查周期 #1980
2026-08-09 15:03:44,524 - [Supervisor] - INFO - 检查周期 #1981
2026-08-09 15:04:06,116 - [Supervisor] - INFO - 检查周期 #1982
2026-08-09 15:04:27,452 - [Supervisor] - INFO - 检查周期 #1983
2026-08-09 15:04:48,810 - [Supervisor] - INFO - 检查周期 #1984
2026-08-09 15:05:10,407 - [Supervisor] - INFO - 检查周期 #1985
2026-08-09 15:05:32,047 - [Supervisor] - INFO - 检查周期 #1986
2026-08-09 15:05:53,401 - [Supervisor] - INFO - 检查周期 #1987
2026-08-09 15:06:14,732 - [Supervisor] - INFO - 检查周期 #1988
2026-08-09 15:06:36,564 - [Supervisor] - INFO - 检查周期 #1989
2026-08-09 15:06:58,003 - [Supervisor] - INFO - 检查周期 #1990
2026-08-09 15:07:19,543 - [Supervisor] - INFO - 检查周期 #1991
2026-08-09 15:07:40,868 - [Supervisor] - INFO - 检查周期 #1992
2026-08-09 15:08:03,651 - [Supervisor] - INFO - 检查周期 #1993
2026-08-09 15:08:25,117 - [Supervisor] - INFO - 检查周期 #1994
2026-08-09 15:08:46,564 - [Supervisor] - INFO - 检查周期 #1995
2026-08-09 15:09:07,971 - [Supervisor] - INFO - 检查周期 #1996
2026-08-09 15:09:29,307 - [Supervisor] - INFO - 检查周期 #1997
2026-08-09 15:09:51,706 - [Supervisor] - INFO - 检查周期 #1998
2026-08-09 15:10:13,079 - [Supervisor] - INFO - 检查周期 #1999
2026-08-09 15:10:34,780 - [Supervisor] - INFO - 检查周期 #2000
2026-08-09 15:10:56,215 - [Supervisor] - INFO - 检查周期 #2001
2026-08-09 15:11:17,698 - [Supervisor] - INFO - 检查周期 #2002
2026-08-09 15:11:39,047 - [Supervisor] - INFO - 检查周期 #2003
2026-08-09 15:12:00,366 - [Supervisor] - INFO - 检查周期 #2004
2026-08-09 15:12:21,622 - [Supervisor] - INFO - 检查周期 #2005
2026-08-09 15:12:43,094 - [Supervisor] - INFO - 检查周期 #2006
2026-08-09 15:13:04,957 - [Supervisor] - INFO - 检查周期 #2007
2026-08-09 15:13:26,415 - [Supervisor] - INFO - 检查周期 #2008
2026-08-09 15:13:47,914 - [Supervisor] - INFO - 检查周期 #2009
2026-08-09 15:14:09,259 - [Supervisor] - INFO - 检查周期 #2010
2026-08-09 15:14:31,030 - [Supervisor] - INFO - 检查周期 #2011
2026-08-09 15:14:52,347 - [Supervisor] - INFO - 检查周期 #2012
2026-08-09 15:15:14,920 - [Supervisor] - INFO - 检查周期 #2013
2026-08-09 15:15:36,289 - [Supervisor] - INFO - 检查周期 #2014
2026-08-09 15:15:57,692 - [Supervisor] - INFO - 检查周期 #2015
2026-08-09 15:16:19,141 - [Supervisor] - INFO - 检查周期 #2016
2026-08-09 15:16:40,642 - [Supervisor] - INFO - 检查周期 #2017
2026-08-09 15:17:02,099 - [Supervisor] - INFO - 检查周期 #2018
2026-08-09 15:17:23,471 - [Supervisor] - INFO - 检查周期 #2019
2026-08-09 15:17:44,917 - [Supervisor] - INFO - 检查周期 #2020
2026-08-09 15:18:06,499 - [Supervisor] - INFO - 检查周期 #2021
2026-08-09 15:18:27,959 - [Supervisor] - INFO - 检查周期 #2022
2026-08-09 15:18:49,363 - [Supervisor] - INFO - 检查周期 #2023
2026-08-09 15:19:11,752 - [Supervisor] - INFO - 检查周期 #2024
2026-08-09 15:19:33,409 - [Supervisor] - INFO - 检查周期 #2025
2026-08-09 15:19:54,793 - [Supervisor] - INFO - 检查周期 #2026
2026-08-09 15:20:16,180 - [Supervisor] - INFO - 检查周期 #2027
2026-08-09 15:20:37,948 - [Supervisor] - INFO - 检查周期 #2028
2026-08-09 15:20:59,573 - [Supervisor] - INFO - 检查周期 #2029
2026-08-09 15:21:21,062 - [Supervisor] - INFO - 检查周期 #2030
2026-08-09 15:21:42,478 - [Supervisor] - INFO - 检查周期 #2031
2026-08-09 15:22:03,820 - [Supervisor] - INFO - 检查周期 #2032
2026-08-09 15:22:25,653 - [Supervisor] - INFO - 检查周期 #2033
2026-08-09 15:22:47,086 - [Supervisor] - INFO - 检查周期 #2034
2026-08-09 15:23:08,566 - [Supervisor] - INFO - 检查周期 #2035
2026-08-09 15:23:30,043 - [Supervisor] - INFO - 检查周期 #2036
2026-08-09 15:23:51,788 - [Supervisor] - INFO - 检查周期 #2037
2026-08-09 15:24:13,184 - [Supervisor] - INFO - 检查周期 #2038
2026-08-09 15:24:34,576 - [Supervisor] - INFO - 检查周期 #2039
2026-08-09 15:24:55,951 - [Supervisor] - INFO - 检查周期 #2040
2026-08-09 15:25:17,645 - [Supervisor] - INFO - 检查周期 #2041
2026-08-09 15:25:39,042 - [Supervisor] - INFO - 检查周期 #2042
2026-08-09 15:26:01,803 - [Supervisor] - INFO - 检查周期 #2043
2026-08-09 15:26:23,180 - [Supervisor] - INFO - 检查周期 #2044
2026-08-09 15:26:44,606 - [Supervisor] - INFO - 检查周期 #2045
2026-08-09 15:27:06,290 - [Supervisor] - INFO - 检查周期 #2046
2026-08-09 15:27:27,754 - [Supervisor] - INFO - 检查周期 #2047
2026-08-09 15:27:49,307 - [Supervisor] - INFO - 检查周期 #2048
2026-08-09 15:28:10,816 - [Supervisor] - INFO - 检查周期 #2049
2026-08-09 15:28:32,340 - [Supervisor] - INFO - 检查周期 #2050
2026-08-09 15:28:53,759 - [Supervisor] - INFO - 检查周期 #2051
2026-08-09 15:29:15,126 - [Supervisor] - INFO - 检查周期 #2052
2026-08-09 15:29:36,571 - [Supervisor] - INFO - 检查周期 #2053
2026-08-09 15:29:58,009 - [Supervisor] - INFO - 检查周期 #2054
2026-08-09 15:30:19,349 - [Supervisor] - INFO - 检查周期 #2055
2026-08-09 15:30:40,718 - [Supervisor] - INFO - 检查周期 #2056
2026-08-09 15:31:02,118 - [Supervisor] - INFO - 检查周期 #2057
2026-08-09 15:31:23,440 - [Supervisor] - INFO - 检查周期 #2058
2026-08-09 15:31:45,442 - [Supervisor] - INFO - 检查周期 #2059
2026-08-09 15:32:06,770 - [Supervisor] - INFO - 检查周期 #2060
2026-08-09 15:32:28,195 - [Supervisor] - INFO - 检查周期 #2061
2026-08-09 15:32:49,586 - [Supervisor] - INFO - 检查周期 #2062
2026-08-09 15:33:10,886 - [Supervisor] - INFO - 检查周期 #2063
2026-08-09 15:33:32,398 - [Supervisor] - INFO - 检查周期 #2064
2026-08-09 15:33:53,767 - [Supervisor] - INFO - 检查周期 #2065
2026-08-09 15:34:15,083 - [Supervisor] - INFO - 检查周期 #2066
2026-08-09 15:34:36,534 - [Supervisor] - INFO - 检查周期 #2067
2026-08-09 15:34:58,045 - [Supervisor] - INFO - 检查周期 #2068
2026-08-09 15:35:19,544 - [Supervisor] - INFO - 检查周期 #2069
2026-08-09 15:35:41,408 - [Supervisor] - INFO - 检查周期 #2070
2026-08-09 15:36:02,881 - [Supervisor] - INFO - 检查周期 #2071
2026-08-09 15:36:24,213 - [Supervisor] - INFO - 检查周期 #2072
2026-08-09 15:36:45,137 - [Supervisor] - INFO - 检查周期 #2073
2026-08-09 15:37:06,486 - [Supervisor] - INFO - 检查周期 #2074
2026-08-09 15:37:27,927 - [Supervisor] - INFO - 检查周期 #2075
2026-08-09 15:37:49,466 - [Supervisor] - INFO - 检查周期 #2076
2026-08-09 15:38:10,870 - [Supervisor] - INFO - 检查周期 #2077
2026-08-09 15:38:32,237 - [Supervisor] - INFO - 检查周期 #2078
2026-08-09 15:38:53,644 - [Supervisor] - INFO - 检查周期 #2079
2026-08-09 15:39:14,989 - [Supervisor] - INFO - 检查周期 #2080
2026-08-09 15:39:36,372 - [Supervisor] - INFO - 检查周期 #2081
2026-08-09 15:39:58,865 - [Supervisor] - INFO - 检查周期 #2082
2026-08-09 15:40:20,232 - [Supervisor] - INFO - 检查周期 #2083
2026-08-09 15:40:41,876 - [Supervisor] - INFO - 检查周期 #2084
2026-08-09 15:41:03,336 - [Supervisor] - INFO - 检查周期 #2085
2026-08-09 15:41:24,651 - [Supervisor] - INFO - 检查周期 #2086
2026-08-09 15:41:46,023 - [Supervisor] - INFO - 检查周期 #2087
2026-08-09 15:42:07,359 - [Supervisor] - INFO - 检查周期 #2088
2026-08-09 15:42:28,726 - [Supervisor] - INFO - 检查周期 #2089
2026-08-09 15:42:50,133 - [Supervisor] - INFO - 检查周期 #2090
2026-08-09 15:43:11,448 - [Supervisor] - INFO - 检查周期 #2091
2026-08-09 15:43:32,886 - [Supervisor] - INFO - 检查周期 #2092
2026-08-09 15:43:54,637 - [Supervisor] - INFO - 检查周期 #2093
2026-08-09 15:44:16,042 - [Supervisor] - INFO - 检查周期 #2094
2026-08-09 15:44:37,475 - [Supervisor] - INFO - 检查周期 #2095
2026-08-09 15:44:58,772 - [Supervisor] - INFO - 检查周期 #2096
2026-08-09 15:45:20,148 - [Supervisor] - INFO - 检查周期 #2097
2026-08-09 15:45:41,546 - [Supervisor] - INFO - 检查周期 #2098
2026-08-09 15:46:02,897 - [Supervisor] - INFO - 检查周期 #2099
2026-08-09 15:46:24,252 - [Supervisor] - INFO - 检查周期 #2100
2026-08-09 15:46:45,730 - [Supervisor] - INFO - 检查周期 #2101
2026-08-09 15:47:07,046 - [Supervisor] - INFO - 检查周期 #2102
2026-08-09 15:47:28,334 - [Supervisor] - INFO - 检查周期 #2103
2026-08-09 15:47:49,657 - [Supervisor] - INFO - 检查周期 #2104
2026-08-09 15:48:10,977 - [Supervisor] - INFO - 检查周期 #2105
2026-08-09 15:48:32,395 - [Supervisor] - INFO - 检查周期 #2106
2026-08-09 15:48:53,744 - [Supervisor] - INFO - 检查周期 #2107
2026-08-09 15:49:15,053 - [Supervisor] - INFO - 检查周期 #2108
2026-08-09 15:49:36,398 - [Supervisor] - INFO - 检查周期 #2109
2026-08-09 15:49:59,030 - [Supervisor] - INFO - 检查周期 #2110
2026-08-09 15:50:20,392 - [Supervisor] - INFO - 检查周期 #2111
2026-08-09 15:50:41,766 - [Supervisor] - INFO - 检查周期 #2112
2026-08-09 15:51:03,356 - [Supervisor] - INFO - 检查周期 #2113
2026-08-09 15:51:24,706 - [Supervisor] - INFO - 检查周期 #2114
2026-08-09 15:51:46,056 - [Supervisor] - INFO - 检查周期 #2115
2026-08-09 15:52:07,386 - [Supervisor] - INFO - 检查周期 #2116
2026-08-09 15:52:28,902 - [Supervisor] - INFO - 检查周期 #2117
2026-08-09 15:52:50,242 - [Supervisor] - INFO - 检查周期 #2118
2026-08-09 15:53:11,568 - [Supervisor] - INFO - 检查周期 #2119
2026-08-09 15:53:33,151 - [Supervisor] - INFO - 检查周期 #2120
2026-08-09 15:53:54,107 - [Supervisor] - INFO - 检查周期 #2121
2026-08-09 15:54:15,402 - [Supervisor] - INFO - 检查周期 #2122
2026-08-09 15:54:36,733 - [Supervisor] - INFO - 检查周期 #2123
2026-08-09 15:54:58,062 - [Supervisor] - INFO - 检查周期 #2124
2026-08-09 15:55:19,489 - [Supervisor] - INFO - 检查周期 #2125
2026-08-09 15:55:40,935 - [Supervisor] - INFO - 检查周期 #2126
2026-08-09 15:56:02,188 - [Supervisor] - INFO - 检查周期 #2127
2026-08-09 15:56:23,433 - [Supervisor] - INFO - 检查周期 #2128
2026-08-09 15:56:44,915 - [Supervisor] - INFO - 检查周期 #2129
2026-08-09 15:57:06,259 - [Supervisor] - INFO - 检查周期 #2130
2026-08-09 15:57:27,610 - [Supervisor] - INFO - 检查周期 #2131
2026-08-09 15:57:48,950 - [Supervisor] - INFO - 检查周期 #2132
2026-08-09 15:58:10,373 - [Supervisor] - INFO - 检查周期 #2133
2026-08-09 15:58:31,731 - [Supervisor] - INFO - 检查周期 #2134
2026-08-09 15:58:53,121 - [Supervisor] - INFO - 检查周期 #2135
2026-08-09 15:59:14,444 - [Supervisor] - INFO - 检查周期 #2136
2026-08-09 15:59:35,782 - [Supervisor] - INFO - 检查周期 #2137
2026-08-09 15:59:57,081 - [Supervisor] - INFO - 检查周期 #2138
2026-08-09 16:00:18,441 - [Supervisor] - INFO - 检查周期 #2139
2026-08-09 16:00:39,959 - [Supervisor] - INFO - 检查周期 #2140
2026-08-09 16:01:01,305 - [Supervisor] - INFO - 检查周期 #2141
2026-08-09 16:01:22,646 - [Supervisor] - INFO - 检查周期 #2142
2026-08-09 16:01:44,042 - [Supervisor] - INFO - 检查周期 #2143
2026-08-09 16:02:05,738 - [Supervisor] - INFO - 检查周期 #2144
2026-08-09 16:02:27,146 - [Supervisor] - INFO - 检查周期 #2145
2026-08-09 16:02:48,470 - [Supervisor] - INFO - 检查周期 #2146
2026-08-09 16:03:10,379 - [Supervisor] - INFO - 检查周期 #2147
2026-08-09 16:03:31,668 - [Supervisor] - INFO - 检查周期 #2148
2026-08-09 16:03:52,968 - [Supervisor] - INFO - 检查周期 #2149
2026-08-09 16:04:14,281 - [Supervisor] - INFO - 检查周期 #2150
2026-08-09 16:04:35,763 - [Supervisor] - INFO - 检查周期 #2151
2026-08-09 16:04:57,112 - [Supervisor] - INFO - 检查周期 #2152
2026-08-09 16:05:18,488 - [Supervisor] - INFO - 检查周期 #2153
2026-08-09 16:05:39,783 - [Supervisor] - INFO - 检查周期 #2154
2026-08-09 16:06:02,150 - [Supervisor] - INFO - 检查周期 #2155
2026-08-09 16:06:23,523 - [Supervisor] - INFO - 检查周期 #2156
2026-08-09 16:06:44,857 - [Supervisor] - INFO - 检查周期 #2157
2026-08-09 16:07:06,304 - [Supervisor] - INFO - 检查周期 #2158
2026-08-09 16:07:27,654 - [Supervisor] - INFO - 检查周期 #2159
2026-08-09 16:07:48,994 - [Supervisor] - INFO - 检查周期 #2160
2026-08-09 16:08:11,332 - [Supervisor] - INFO - 检查周期 #2161
2026-08-09 16:08:32,647 - [Supervisor] - INFO - 检查周期 #2162
2026-08-09 16:08:55,074 - [Supervisor] - INFO - 检查周期 #2163
2026-08-09 16:09:16,436 - [Supervisor] - INFO - 检查周期 #2164
2026-08-09 16:09:37,844 - [Supervisor] - INFO - 检查周期 #2165
2026-08-09 16:09:59,687 - [Supervisor] - INFO - 检查周期 #2166
2026-08-09 16:10:21,071 - [Supervisor] - INFO - 检查周期 #2167
2026-08-09 16:10:42,441 - [Supervisor] - INFO - 检查周期 #2168
2026-08-09 16:11:03,812 - [Supervisor] - INFO - 检查周期 #2169
2026-08-09 16:11:25,216 - [Supervisor] - INFO - 检查周期 #2170
2026-08-09 16:11:47,165 - [Supervisor] - INFO - 检查周期 #2171
2026-08-09 16:12:08,647 - [Supervisor] - INFO - 检查周期 #2172
2026-08-09 16:12:29,995 - [Supervisor] - INFO - 检查周期 #2173
2026-08-09 16:12:52,366 - [Supervisor] - INFO - 检查周期 #2174
2026-08-09 16:13:14,665 - [Supervisor] - INFO - 检查周期 #2175
2026-08-09 16:13:37,473 - [Supervisor] - INFO - 检查周期 #2176
2026-08-09 16:13:58,899 - [Supervisor] - INFO - 检查周期 #2177
2026-08-09 16:14:20,317 - [Supervisor] - INFO - 检查周期 #2178
2026-08-09 16:14:41,709 - [Supervisor] - INFO - 检查周期 #2179
2026-08-09 16:15:03,076 - [Supervisor] - INFO - 检查周期 #2180
2026-08-09 16:15:24,471 - [Supervisor] - INFO - 检查周期 #2181
2026-08-09 16:15:45,844 - [Supervisor] - INFO - 检查周期 #2182
2026-08-09 16:16:08,378 - [Supervisor] - INFO - 检查周期 #2183
2026-08-09 16:16:29,760 - [Supervisor] - INFO - 检查周期 #2184
2026-08-09 16:16:51,304 - [Supervisor] - INFO - 检查周期 #2185
2026-08-09 16:17:12,877 - [Supervisor] - INFO - 检查周期 #2186
2026-08-09 16:17:34,167 - [Supervisor] - INFO - 检查周期 #2187
2026-08-09 16:17:55,648 - [Supervisor] - INFO - 检查周期 #2188
2026-08-09 16:18:16,984 - [Supervisor] - INFO - 检查周期 #2189
2026-08-09 16:18:38,758 - [Supervisor] - INFO - 检查周期 #2190
2026-08-09 16:19:00,477 - [Supervisor] - INFO - 检查周期 #2191
2026-08-09 16:19:21,929 - [Supervisor] - INFO - 检查周期 #2192
2026-08-09 16:19:43,389 - [Supervisor] - INFO - 检查周期 #2193
2026-08-09 16:20:04,750 - [Supervisor] - INFO - 检查周期 #2194
2026-08-09 16:20:26,247 - [Supervisor] - INFO - 检查周期 #2195
2026-08-09 16:20:47,567 - [Supervisor] - INFO - 检查周期 #2196
2026-08-09 16:21:08,873 - [Supervisor] - INFO - 检查周期 #2197
2026-08-09 16:21:30,316 - [Supervisor] - INFO - 检查周期 #2198
2026-08-09 16:21:51,869 - [Supervisor] - INFO - 检查周期 #2199
2026-08-09 16:22:13,552 - [Supervisor] - INFO - 检查周期 #2200
2026-08-09 16:22:35,936 - [Supervisor] - INFO - 检查周期 #2201
2026-08-09 16:22:57,585 - [Supervisor] - INFO - 检查周期 #2202
2026-08-09 16:23:18,930 - [Supervisor] - INFO - 检查周期 #2203
2026-08-09 16:23:40,628 - [Supervisor] - INFO - 检查周期 #2204
2026-08-09 16:24:03,023 - [Supervisor] - INFO - 检查周期 #2205
2026-08-09 16:24:24,329 - [Supervisor] - INFO - 检查周期 #2206
2026-08-09 16:24:45,650 - [Supervisor] - INFO - 检查周期 #2207
2026-08-09 16:25:06,962 - [Supervisor] - INFO - 检查周期 #2208
2026-08-09 16:25:28,334 - [Supervisor] - INFO - 检查周期 #2209
2026-08-09 16:25:49,846 - [Supervisor] - INFO - 检查周期 #2210
2026-08-09 16:26:11,159 - [Supervisor] - INFO - 检查周期 #2211
2026-08-09 16:26:32,565 - [Supervisor] - INFO - 检查周期 #2212
2026-08-09 16:26:54,168 - [Supervisor] - INFO - 检查周期 #2213
2026-08-09 16:27:16,741 - [Supervisor] - INFO - 检查周期 #2214
2026-08-09 16:27:38,050 - [Supervisor] - INFO - 检查周期 #2215
2026-08-09 16:27:59,353 - [Supervisor] - INFO - 检查周期 #2216
2026-08-09 16:28:20,689 - [Supervisor] - INFO - 检查周期 #2217
2026-08-09 16:28:43,103 - [Supervisor] - INFO - 检查周期 #2218
2026-08-09 16:29:04,581 - [Supervisor] - INFO - 检查周期 #2219
2026-08-09 16:29:26,062 - [Supervisor] - INFO - 检查周期 #2220
2026-08-09 16:29:47,515 - [Supervisor] - INFO - 检查周期 #2221
2026-08-09 16:30:08,851 - [Supervisor] - INFO - 检查周期 #2222
2026-08-09 16:30:30,182 - [Supervisor] - INFO - 检查周期 #2223
2026-08-09 16:30:51,658 - [Supervisor] - INFO - 检查周期 #2224
2026-08-09 16:31:13,061 - [Supervisor] - INFO - 检查周期 #2225
2026-08-09 16:31:34,368 - [Supervisor] - INFO - 检查周期 #2226
2026-08-09 16:31:55,657 - [Supervisor] - INFO - 检查周期 #2227
2026-08-09 16:32:17,034 - [Supervisor] - INFO - 检查周期 #2228
2026-08-09 16:32:38,380 - [Supervisor] - INFO - 检查周期 #2229
2026-08-09 16:32:59,328 - [Supervisor] - INFO - 检查周期 #2230
2026-08-09 16:33:21,017 - [Supervisor] - INFO - 检查周期 #2231
2026-08-09 16:33:42,313 - [Supervisor] - INFO - 检查周期 #2232
2026-08-09 16:34:03,605 - [Supervisor] - INFO - 检查周期 #2233
2026-08-09 16:34:24,916 - [Supervisor] - INFO - 检查周期 #2234
2026-08-09 16:34:46,241 - [Supervisor] - INFO - 检查周期 #2235
2026-08-09 16:35:07,679 - [Supervisor] - INFO - 检查周期 #2236
2026-08-09 16:35:29,018 - [Supervisor] - INFO - 检查周期 #2237
2026-08-09 16:35:50,643 - [Supervisor] - INFO - 检查周期 #2238
2026-08-09 16:36:12,030 - [Supervisor] - INFO - 检查周期 #2239
2026-08-09 16:36:33,842 - [Supervisor] - INFO - 检查周期 #2240
2026-08-09 16:36:55,279 - [Supervisor] - INFO - 检查周期 #2241
2026-08-09 16:37:16,586 - [Supervisor] - INFO - 检查周期 #2242
2026-08-09 16:37:37,914 - [Supervisor] - INFO - 检查周期 #2243
2026-08-09 16:37:58,899 - [Supervisor] - INFO - 检查周期 #2244
2026-08-09 16:38:20,185 - [Supervisor] - INFO - 检查周期 #2245
2026-08-09 16:38:41,586 - [Supervisor] - INFO - 检查周期 #2246
2026-08-09 16:39:03,099 - [Supervisor] - INFO - 检查周期 #2247
2026-08-09 16:39:24,443 - [Supervisor] - INFO - 检查周期 #2248
2026-08-09 16:39:45,894 - [Supervisor] - INFO - 检查周期 #2249
2026-08-09 16:40:07,266 - [Supervisor] - INFO - 检查周期 #2250
2026-08-09 16:40:28,590 - [Supervisor] - INFO - 检查周期 #2251
2026-08-09 16:40:49,989 - [Supervisor] - INFO - 检查周期 #2252
2026-08-09 16:41:11,529 - [Supervisor] - INFO - 检查周期 #2253
2026-08-09 16:41:32,900 - [Supervisor] - INFO - 检查周期 #2254
2026-08-09 16:41:54,267 - [Supervisor] - INFO - 检查周期 #2255
2026-08-09 16:42:15,671 - [Supervisor] - INFO - 检查周期 #2256
2026-08-09 16:42:37,014 - [Supervisor] - INFO - 检查周期 #2257
2026-08-09 16:42:58,577 - [Supervisor] - INFO - 检查周期 #2258
2026-08-09 16:43:20,014 - [Supervisor] - INFO - 检查周期 #2259
2026-08-09 16:43:41,343 - [Supervisor] - INFO - 检查周期 #2260
2026-08-09 16:44:02,719 - [Supervisor] - INFO - 检查周期 #2261
2026-08-09 16:44:24,084 - [Supervisor] - INFO - 检查周期 #2262
2026-08-09 16:44:45,431 - [Supervisor] - INFO - 检查周期 #2263
2026-08-09 16:45:06,769 - [Supervisor] - INFO - 检查周期 #2264
2026-08-09 16:45:28,106 - [Supervisor] - INFO - 检查周期 #2265
2026-08-09 16:45:49,434 - [Supervisor] - INFO - 检查周期 #2266
2026-08-09 16:46:10,684 - [Supervisor] - INFO - 检查周期 #2267
2026-08-09 16:46:31,975 - [Supervisor] - INFO - 检查周期 #2268
2026-08-09 16:46:53,312 - [Supervisor] - INFO - 检查周期 #2269
2026-08-09 16:47:14,612 - [Supervisor] - INFO - 检查周期 #2270
2026-08-09 16:47:36,040 - [Supervisor] - INFO - 检查周期 #2271
2026-08-09 16:47:57,354 - [Supervisor] - INFO - 检查周期 #2272
2026-08-09 16:48:18,711 - [Supervisor] - INFO - 检查周期 #2273
2026-08-09 16:48:39,925 - [Supervisor] - INFO - 检查周期 #2274
2026-08-09 16:49:01,206 - [Supervisor] - INFO - 检查周期 #2275
2026-08-09 16:49:22,493 - [Supervisor] - INFO - 检查周期 #2276
2026-08-09 16:49:43,834 - [Supervisor] - INFO - 检查周期 #2277
2026-08-09 16:50:05,292 - [Supervisor] - INFO - 检查周期 #2278
2026-08-09 16:50:26,643 - [Supervisor] - INFO - 检查周期 #2279
2026-08-09 16:50:47,956 - [Supervisor] - INFO - 检查周期 #2280
2026-08-09 16:51:09,242 - [Supervisor] - INFO - 检查周期 #2281
2026-08-09 16:51:30,587 - [Supervisor] - INFO - 检查周期 #2282
2026-08-09 16:51:51,913 - [Supervisor] - INFO - 检查周期 #2283
2026-08-09 16:52:13,187 - [Supervisor] - INFO - 检查周期 #2284
2026-08-09 16:52:34,520 - [Supervisor] - INFO - 检查周期 #2285
2026-08-09 16:52:55,848 - [Supervisor] - INFO - 检查周期 #2286
2026-08-09 16:53:17,213 - [Supervisor] - INFO - 检查周期 #2287
2026-08-09 16:53:38,705 - [Supervisor] - INFO - 检查周期 #2288
2026-08-09 16:54:00,083 - [Supervisor] - INFO - 检查周期 #2289
2026-08-09 16:54:21,428 - [Supervisor] - INFO - 检查周期 #2290
2026-08-09 16:54:42,758 - [Supervisor] - INFO - 检查周期 #2291
2026-08-09 16:55:04,294 - [Supervisor] - INFO - 检查周期 #2292
2026-08-09 16:55:25,623 - [Supervisor] - INFO - 检查周期 #2293
2026-08-09 16:55:47,088 - [Supervisor] - INFO - 检查周期 #2294
2026-08-09 16:56:08,402 - [Supervisor] - INFO - 检查周期 #2295
2026-08-09 16:56:29,783 - [Supervisor] - INFO - 检查周期 #2296
2026-08-09 16:56:51,112 - [Supervisor] - INFO - 检查周期 #2297
2026-08-09 16:57:12,499 - [Supervisor] - INFO - 检查周期 #2298
2026-08-09 16:57:33,866 - [Supervisor] - INFO - 检查周期 #2299
2026-08-09 16:57:55,208 - [Supervisor] - INFO - 检查周期 #2300
2026-08-09 16:58:17,011 - [Supervisor] - INFO - 检查周期 #2301
2026-08-09 16:58:38,309 - [Supervisor] - INFO - 检查周期 #2302
2026-08-09 16:58:59,656 - [Supervisor] - INFO - 检查周期 #2303
2026-08-09 16:59:21,029 - [Supervisor] - INFO - 检查周期 #2304
2026-08-09 16:59:42,358 - [Supervisor] - INFO - 检查周期 #2305
2026-08-09 17:00:03,705 - [Supervisor] - INFO - 检查周期 #2306
2026-08-09 17:00:25,080 - [Supervisor] - INFO - 检查周期 #2307
2026-08-09 17:00:46,355 - [Supervisor] - INFO - 检查周期 #2308
2026-08-09 17:01:07,679 - [Supervisor] - INFO - 检查周期 #2309
2026-08-09 17:01:29,011 - [Supervisor] - INFO - 检查周期 #2310
2026-08-09 17:01:50,328 - [Supervisor] - INFO - 检查周期 #2311
2026-08-09 17:02:11,652 - [Supervisor] - INFO - 检查周期 #2312
2026-08-09 17:02:32,951 - [Supervisor] - INFO - 检查周期 #2313
2026-08-09 17:02:54,415 - [Supervisor] - INFO - 检查周期 #2314
2026-08-09 17:03:15,749 - [Supervisor] - INFO - 检查周期 #2315
2026-08-09 17:03:37,058 - [Supervisor] - INFO - 检查周期 #2316
2026-08-09 17:03:58,389 - [Supervisor] - INFO - 检查周期 #2317
2026-08-09 17:04:19,707 - [Supervisor] - INFO - 检查周期 #2318
2026-08-09 17:04:41,162 - [Supervisor] - INFO - 检查周期 #2319
2026-08-09 17:05:02,429 - [Supervisor] - INFO - 检查周期 #2320
2026-08-09 17:05:23,804 - [Supervisor] - INFO - 检查周期 #2321
2026-08-09 17:05:45,157 - [Supervisor] - INFO - 检查周期 #2322
2026-08-09 17:06:06,462 - [Supervisor] - INFO - 检查周期 #2323
2026-08-09 17:06:27,814 - [Supervisor] - INFO - 检查周期 #2324
2026-08-09 17:06:49,451 - [Supervisor] - INFO - 检查周期 #2325
2026-08-09 17:07:10,759 - [Supervisor] - INFO - 检查周期 #2326
2026-08-09 17:07:32,081 - [Supervisor] - INFO - 检查周期 #2327
2026-08-09 17:07:53,411 - [Supervisor] - INFO - 检查周期 #2328
2026-08-09 17:08:14,755 - [Supervisor] - INFO - 检查周期 #2329
2026-08-09 17:08:36,053 - [Supervisor] - INFO - 检查周期 #2330
2026-08-09 17:08:57,364 - [Supervisor] - INFO - 检查周期 #2331
2026-08-09 17:09:18,667 - [Supervisor] - INFO - 检查周期 #2332
2026-08-09 17:09:39,987 - [Supervisor] - INFO - 检查周期 #2333
2026-08-09 17:10:01,389 - [Supervisor] - INFO - 检查周期 #2334
2026-08-09 17:10:22,919 - [Supervisor] - INFO - 检查周期 #2335
2026-08-09 17:10:44,235 - [Supervisor] - INFO - 检查周期 #2336
2026-08-09 17:11:05,565 - [Supervisor] - INFO - 检查周期 #2337
2026-08-09 17:11:26,916 - [Supervisor] - INFO - 检查周期 #2338
2026-08-09 17:11:48,262 - [Supervisor] - INFO - 检查周期 #2339
2026-08-09 17:12:09,732 - [Supervisor] - INFO - 检查周期 #2340
2026-08-09 17:12:31,063 - [Supervisor] - INFO - 检查周期 #2341
2026-08-09 17:12:52,396 - [Supervisor] - INFO - 检查周期 #2342
2026-08-09 17:13:13,708 - [Supervisor] - INFO - 检查周期 #2343
2026-08-09 17:13:35,065 - [Supervisor] - INFO - 检查周期 #2344
2026-08-09 17:13:56,542 - [Supervisor] - INFO - 检查周期 #2345
2026-08-09 17:14:17,938 - [Supervisor] - INFO - 检查周期 #2346
2026-08-09 17:14:39,243 - [Supervisor] - INFO - 检查周期 #2347
2026-08-09 17:15:00,667 - [Supervisor] - INFO - 检查周期 #2348
2026-08-09 17:15:22,241 - [Supervisor] - INFO - 检查周期 #2349
2026-08-09 17:15:43,535 - [Supervisor] - INFO - 检查周期 #2350
2026-08-09 17:16:04,831 - [Supervisor] - INFO - 检查周期 #2351
2026-08-09 17:16:26,207 - [Supervisor] - INFO - 检查周期 #2352
2026-08-09 17:16:47,531 - [Supervisor] - INFO - 检查周期 #2353
2026-08-09 17:17:08,875 - [Supervisor] - INFO - 检查周期 #2354
2026-08-09 17:17:30,220 - [Supervisor] - INFO - 检查周期 #2355
2026-08-09 17:17:51,527 - [Supervisor] - INFO - 检查周期 #2356
2026-08-09 17:18:12,834 - [Supervisor] - INFO - 检查周期 #2357
2026-08-09 17:18:34,248 - [Supervisor] - INFO - 检查周期 #2358
2026-08-09 17:18:55,556 - [Supervisor] - INFO - 检查周期 #2359
2026-08-09 17:19:16,902 - [Supervisor] - INFO - 检查周期 #2360
2026-08-09 17:19:38,025 - [Supervisor] - INFO - 检查周期 #2361
2026-08-09 17:19:59,357 - [Supervisor] - INFO - 检查周期 #2362
2026-08-09 17:20:20,708 - [Supervisor] - INFO - 检查周期 #2363
2026-08-09 17:20:42,232 - [Supervisor] - INFO - 检查周期 #2364
2026-08-09 17:21:03,592 - [Supervisor] - INFO - 检查周期 #2365
2026-08-09 17:21:24,903 - [Supervisor] - INFO - 检查周期 #2366
2026-08-09 17:21:46,220 - [Supervisor] - INFO - 检查周期 #2367
2026-08-09 17:22:07,601 - [Supervisor] - INFO - 检查周期 #2368
2026-08-09 17:22:28,894 - [Supervisor] - INFO - 检查周期 #2369
2026-08-09 17:22:50,244 - [Supervisor] - INFO - 检查周期 #2370
2026-08-09 17:23:11,608 - [Supervisor] - INFO - 检查周期 #2371
2026-08-09 17:23:32,991 - [Supervisor] - INFO - 检查周期 #2372
2026-08-09 17:23:54,265 - [Supervisor] - INFO - 检查周期 #2373
2026-08-09 17:24:15,573 - [Supervisor] - INFO - 检查周期 #2374
2026-08-09 17:24:36,882 - [Supervisor] - INFO - 检查周期 #2375
2026-08-09 17:24:58,231 - [Supervisor] - INFO - 检查周期 #2376
2026-08-09 17:25:19,536 - [Supervisor] - INFO - 检查周期 #2377
2026-08-09 17:25:40,889 - [Supervisor] - INFO - 检查周期 #2378
2026-08-09 17:26:02,184 - [Supervisor] - INFO - 检查周期 #2379
2026-08-09 17:26:23,466 - [Supervisor] - INFO - 检查周期 #2380
2026-08-09 17:26:44,781 - [Supervisor] - INFO - 检查周期 #2381
2026-08-09 17:27:06,107 - [Supervisor] - INFO - 检查周期 #2382
2026-08-09 17:27:27,381 - [Supervisor] - INFO - 检查周期 #2383
2026-08-09 17:27:48,657 - [Supervisor] - INFO - 检查周期 #2384
2026-08-09 17:28:10,111 - [Supervisor] - INFO - 检查周期 #2385
2026-08-09 17:28:31,452 - [Supervisor] - INFO - 检查周期 #2386
2026-08-09 17:28:52,791 - [Supervisor] - INFO - 检查周期 #2387
2026-08-09 17:29:14,151 - [Supervisor] - INFO - 检查周期 #2388
2026-08-09 17:29:35,476 - [Supervisor] - INFO - 检查周期 #2389
2026-08-09 17:29:56,775 - [Supervisor] - INFO - 检查周期 #2390
2026-08-09 17:30:18,093 - [Supervisor] - INFO - 检查周期 #2391
2026-08-09 17:30:39,440 - [Supervisor] - INFO - 检查周期 #2392
2026-08-09 17:31:00,805 - [Supervisor] - INFO - 检查周期 #2393
2026-08-09 17:31:22,132 - [Supervisor] - INFO - 检查周期 #2394
2026-08-09 17:31:43,441 - [Supervisor] - INFO - 检查周期 #2395
2026-08-09 17:32:04,775 - [Supervisor] - INFO - 检查周期 #2396
2026-08-09 17:32:26,131 - [Supervisor] - INFO - 检查周期 #2397
2026-08-09 17:32:47,472 - [Supervisor] - INFO - 检查周期 #2398
2026-08-09 17:33:08,802 - [Supervisor] - INFO - 检查周期 #2399
2026-08-09 17:33:30,080 - [Supervisor] - INFO - 检查周期 #2400
2026-08-09 17:33:51,473 - [Supervisor] - INFO - 检查周期 #2401
2026-08-09 17:34:12,831 - [Supervisor] - INFO - 检查周期 #2402
2026-08-09 17:34:34,202 - [Supervisor] - INFO - 检查周期 #2403
2026-08-09 17:34:55,586 - [Supervisor] - INFO - 检查周期 #2404
2026-08-09 17:35:16,856 - [Supervisor] - INFO - 检查周期 #2405
2026-08-09 17:35:38,176 - [Supervisor] - INFO - 检查周期 #2406
2026-08-09 17:35:59,484 - [Supervisor] - INFO - 检查周期 #2407
2026-08-09 17:36:20,790 - [Supervisor] - INFO - 检查周期 #2408
2026-08-09 17:36:42,133 - [Supervisor] - INFO - 检查周期 #2409
2026-08-09 17:37:03,432 - [Supervisor] - INFO - 检查周期 #2410
2026-08-09 17:37:24,742 - [Supervisor] - INFO - 检查周期 #2411
2026-08-09 17:37:46,062 - [Supervisor] - INFO - 检查周期 #2412
2026-08-09 17:38:07,362 - [Supervisor] - INFO - 检查周期 #2413
2026-08-09 17:38:28,638 - [Supervisor] - INFO - 检查周期 #2414
2026-08-09 17:38:50,017 - [Supervisor] - INFO - 检查周期 #2415
2026-08-09 17:39:11,370 - [Supervisor] - INFO - 检查周期 #2416
2026-08-09 17:39:32,668 - [Supervisor] - INFO - 检查周期 #2417
2026-08-09 17:39:54,013 - [Supervisor] - INFO - 检查周期 #2418
2026-08-09 17:40:15,362 - [Supervisor] - INFO - 检查周期 #2419
2026-08-09 17:40:36,756 - [Supervisor] - INFO - 检查周期 #2420
2026-08-09 17:40:58,017 - [Supervisor] - INFO - 检查周期 #2421
2026-08-09 17:41:19,297 - [Supervisor] - INFO - 检查周期 #2422
2026-08-09 17:41:40,748 - [Supervisor] - INFO - 检查周期 #2423
2026-08-09 17:42:02,113 - [Supervisor] - INFO - 检查周期 #2424
2026-08-09 17:42:23,431 - [Supervisor] - INFO - 检查周期 #2425
2026-08-09 17:42:44,769 - [Supervisor] - INFO - 检查周期 #2426
2026-08-09 17:43:06,110 - [Supervisor] - INFO - 检查周期 #2427
2026-08-09 17:43:27,565 - [Supervisor] - INFO - 检查周期 #2428
2026-08-09 17:43:48,885 - [Supervisor] - INFO - 检查周期 #2429
2026-08-09 17:44:10,576 - [Supervisor] - INFO - 检查周期 #2430
2026-08-09 17:44:31,903 - [Supervisor] - INFO - 检查周期 #2431
2026-08-09 17:44:53,545 - [Supervisor] - INFO - 检查周期 #2432
2026-08-09 17:45:14,871 - [Supervisor] - INFO - 检查周期 #2433
2026-08-09 17:45:36,196 - [Supervisor] - INFO - 检查周期 #2434
2026-08-09 17:45:57,641 - [Supervisor] - INFO - 检查周期 #2435
2026-08-09 17:46:18,945 - [Supervisor] - INFO - 检查周期 #2436
2026-08-09 17:46:40,274 - [Supervisor] - INFO - 检查周期 #2437
2026-08-09 17:47:01,184 - [Supervisor] - INFO - 检查周期 #2438
2026-08-09 17:47:22,517 - [Supervisor] - INFO - 检查周期 #2439
2026-08-09 17:47:43,823 - [Supervisor] - INFO - 检查周期 #2440
2026-08-09 17:48:05,164 - [Supervisor] - INFO - 检查周期 #2441
2026-08-09 17:48:26,467 - [Supervisor] - INFO - 检查周期 #2442
2026-08-09 17:48:47,800 - [Supervisor] - INFO - 检查周期 #2443
2026-08-09 17:49:09,129 - [Supervisor] - INFO - 检查周期 #2444
2026-08-09 17:49:30,433 - [Supervisor] - INFO - 检查周期 #2445
2026-08-09 17:49:51,712 - [Supervisor] - INFO - 检查周期 #2446
2026-08-09 17:50:13,031 - [Supervisor] - INFO - 检查周期 #2447
2026-08-09 17:50:34,412 - [Supervisor] - INFO - 检查周期 #2448
2026-08-09 17:50:55,729 - [Supervisor] - INFO - 检查周期 #2449
2026-08-09 17:51:17,117 - [Supervisor] - INFO - 检查周期 #2450
2026-08-09 17:51:38,527 - [Supervisor] - INFO - 检查周期 #2451
2026-08-09 17:51:59,857 - [Supervisor] - INFO - 检查周期 #2452
2026-08-09 17:52:21,527 - [Supervisor] - INFO - 检查周期 #2453
2026-08-09 17:52:43,058 - [Supervisor] - INFO - 检查周期 #2454
2026-08-09 17:53:04,404 - [Supervisor] - INFO - 检查周期 #2455
2026-08-09 17:53:25,674 - [Supervisor] - INFO - 检查周期 #2456
2026-08-09 17:53:46,985 - [Supervisor] - INFO - 检查周期 #2457
2026-08-09 17:54:08,335 - [Supervisor] - INFO - 检查周期 #2458
2026-08-09 17:54:29,612 - [Supervisor] - INFO - 检查周期 #2459
2026-08-09 17:54:50,986 - [Supervisor] - INFO - 检查周期 #2460
2026-08-09 17:55:12,278 - [Supervisor] - INFO - 检查周期 #2461
2026-08-09 17:55:33,640 - [Supervisor] - INFO - 检查周期 #2462
2026-08-09 17:55:55,003 - [Supervisor] - INFO - 检查周期 #2463
2026-08-09 17:56:16,331 - [Supervisor] - INFO - 检查周期 #2464
2026-08-09 17:56:37,640 - [Supervisor] - INFO - 检查周期 #2465
2026-08-09 17:56:59,001 - [Supervisor] - INFO - 检查周期 #2466
2026-08-09 17:57:20,290 - [Supervisor] - INFO - 检查周期 #2467
2026-08-09 17:57:41,604 - [Supervisor] - INFO - 检查周期 #2468
2026-08-09 17:58:03,017 - [Supervisor] - INFO - 检查周期 #2469
2026-08-09 17:58:24,548 - [Supervisor] - INFO - 检查周期 #2470
2026-08-09 17:58:45,855 - [Supervisor] - INFO - 检查周期 #2471
2026-08-09 17:59:07,190 - [Supervisor] - INFO - 检查周期 #2472
2026-08-09 17:59:28,746 - [Supervisor] - INFO - 检查周期 #2473
2026-08-09 17:59:50,030 - [Supervisor] - INFO - 检查周期 #2474
2026-08-09 18:00:11,352 - [Supervisor] - INFO - 检查周期 #2475
2026-08-09 18:00:32,719 - [Supervisor] - INFO - 检查周期 #2476
2026-08-09 18:00:54,216 - [Supervisor] - INFO - 检查周期 #2477
2026-08-09 18:01:15,611 - [Supervisor] - INFO - 检查周期 #2478
2026-08-09 18:01:36,920 - [Supervisor] - INFO - 检查周期 #2479
2026-08-09 18:01:58,443 - [Supervisor] - INFO - 检查周期 #2480
2026-08-09 18:02:19,999 - [Supervisor] - INFO - 检查周期 #2481
2026-08-09 18:02:41,351 - [Supervisor] - INFO - 检查周期 #2482
2026-08-09 18:03:02,671 - [Supervisor] - INFO - 检查周期 #2483
2026-08-09 18:03:24,024 - [Supervisor] - INFO - 检查周期 #2484
2026-08-09 18:03:45,321 - [Supervisor] - INFO - 检查周期 #2485
2026-08-09 18:04:06,609 - [Supervisor] - INFO - 检查周期 #2486
2026-08-09 18:04:28,044 - [Supervisor] - INFO - 检查周期 #2487
2026-08-09 18:04:49,378 - [Supervisor] - INFO - 检查周期 #2488
2026-08-09 18:05:10,706 - [Supervisor] - INFO - 检查周期 #2489
2026-08-09 18:05:36,104 - [Supervisor] - INFO - 检查周期 #2490
2026-08-09 18:05:57,931 - [Supervisor] - INFO - 检查周期 #2491
2026-08-09 18:06:19,207 - [Supervisor] - INFO - 检查周期 #2492
2026-08-09 18:06:40,491 - [Supervisor] - INFO - 检查周期 #2493
2026-08-09 18:07:01,847 - [Supervisor] - INFO - 检查周期 #2494
2026-08-09 18:07:23,191 - [Supervisor] - INFO - 检查周期 #2495
2026-08-09 18:07:44,505 - [Supervisor] - INFO - 检查周期 #2496
2026-08-09 18:08:05,826 - [Supervisor] - INFO - 检查周期 #2497
2026-08-09 18:08:27,943 - [Supervisor] - INFO - 检查周期 #2498
2026-08-09 18:08:49,224 - [Supervisor] - INFO - 检查周期 #2499
2026-08-09 18:09:10,556 - [Supervisor] - INFO - 检查周期 #2500
2026-08-09 18:09:31,941 - [Supervisor] - INFO - 检查周期 #2501
2026-08-09 18:09:53,242 - [Supervisor] - INFO - 检查周期 #2502
2026-08-09 18:10:14,559 - [Supervisor] - INFO - 检查周期 #2503
2026-08-09 18:10:35,881 - [Supervisor] - INFO - 检查周期 #2504
2026-08-09 18:10:57,191 - [Supervisor] - INFO - 检查周期 #2505
2026-08-09 18:11:18,533 - [Supervisor] - INFO - 检查周期 #2506
2026-08-09 18:11:39,861 - [Supervisor] - INFO - 检查周期 #2507
2026-08-09 18:12:01,180 - [Supervisor] - INFO - 检查周期 #2508
2026-08-09 18:12:22,477 - [Supervisor] - INFO - 检查周期 #2509
2026-08-09 18:12:43,785 - [Supervisor] - INFO - 检查周期 #2510
2026-08-09 18:13:05,236 - [Supervisor] - INFO - 检查周期 #2511
2026-08-09 18:13:26,537 - [Supervisor] - INFO - 检查周期 #2512
2026-08-09 18:13:47,814 - [Supervisor] - INFO - 检查周期 #2513
2026-08-09 18:14:09,191 - [Supervisor] - INFO - 检查周期 #2514
2026-08-09 18:14:30,535 - [Supervisor] - INFO - 检查周期 #2515
2026-08-09 18:14:51,854 - [Supervisor] - INFO - 检查周期 #2516
2026-08-09 18:15:13,139 - [Supervisor] - INFO - 检查周期 #2517
2026-08-09 18:15:34,569 - [Supervisor] - INFO - 检查周期 #2518
2026-08-09 18:15:55,892 - [Supervisor] - INFO - 检查周期 #2519
2026-08-09 18:16:17,189 - [Supervisor] - INFO - 检查周期 #2520
2026-08-09 18:16:38,484 - [Supervisor] - INFO - 检查周期 #2521
2026-08-09 18:16:59,825 - [Supervisor] - INFO - 检查周期 #2522
2026-08-09 18:17:21,103 - [Supervisor] - INFO - 检查周期 #2523
2026-08-09 18:17:42,521 - [Supervisor] - INFO - 检查周期 #2524
2026-08-09 18:18:03,802 - [Supervisor] - INFO - 检查周期 #2525
2026-08-09 18:18:25,058 - [Supervisor] - INFO - 检查周期 #2526
2026-08-09 18:18:46,355 - [Supervisor] - INFO - 检查周期 #2527
2026-08-09 18:19:07,856 - [Supervisor] - INFO - 检查周期 #2528
2026-08-09 18:19:29,165 - [Supervisor] - INFO - 检查周期 #2529
2026-08-09 18:19:50,486 - [Supervisor] - INFO - 检查周期 #2530
2026-08-09 18:20:11,827 - [Supervisor] - INFO - 检查周期 #2531
2026-08-09 18:20:33,117 - [Supervisor] - INFO - 检查周期 #2532
2026-08-09 18:20:54,448 - [Supervisor] - INFO - 检查周期 #2533
2026-08-09 18:21:15,719 - [Supervisor] - INFO - 检查周期 #2534
2026-08-09 18:21:37,033 - [Supervisor] - INFO - 检查周期 #2535
2026-08-09 18:21:58,396 - [Supervisor] - INFO - 检查周期 #2536
2026-08-09 18:22:19,733 - [Supervisor] - INFO - 检查周期 #2537
2026-08-09 18:22:41,111 - [Supervisor] - INFO - 检查周期 #2538
2026-08-09 18:23:02,441 - [Supervisor] - INFO - 检查周期 #2539
2026-08-09 18:23:23,739 - [Supervisor] - INFO - 检查周期 #2540
2026-08-09 18:23:45,242 - [Supervisor] - INFO - 检查周期 #2541
2026-08-09 18:24:06,575 - [Supervisor] - INFO - 检查周期 #2542
2026-08-09 18:24:27,906 - [Supervisor] - INFO - 检查周期 #2543
2026-08-09 18:24:49,208 - [Supervisor] - INFO - 检查周期 #2544
2026-08-09 18:25:10,539 - [Supervisor] - INFO - 检查周期 #2545
2026-08-09 18:25:31,873 - [Supervisor] - INFO - 检查周期 #2546
2026-08-09 18:25:53,190 - [Supervisor] - INFO - 检查周期 #2547
2026-08-09 18:26:14,532 - [Supervisor] - INFO - 检查周期 #2548
2026-08-09 18:26:35,858 - [Supervisor] - INFO - 检查周期 #2549
2026-08-09 18:26:56,800 - [Supervisor] - INFO - 检查周期 #2550
2026-08-09 18:27:18,202 - [Supervisor] - INFO - 检查周期 #2551
2026-08-09 18:27:39,695 - [Supervisor] - INFO - 检查周期 #2552
2026-08-09 18:28:00,999 - [Supervisor] - INFO - 检查周期 #2553
2026-08-09 18:28:22,292 - [Supervisor] - INFO - 检查周期 #2554
2026-08-09 18:28:43,643 - [Supervisor] - INFO - 检查周期 #2555
2026-08-09 18:29:04,935 - [Supervisor] - INFO - 检查周期 #2556
2026-08-09 18:29:26,257 - [Supervisor] - INFO - 检查周期 #2557
2026-08-09 18:29:47,594 - [Supervisor] - INFO - 检查周期 #2558
2026-08-09 18:30:08,882 - [Supervisor] - INFO - 检查周期 #2559
2026-08-09 18:30:30,173 - [Supervisor] - INFO - 检查周期 #2560
2026-08-09 18:30:51,649 - [Supervisor] - INFO - 检查周期 #2561
2026-08-09 18:31:12,937 - [Supervisor] - INFO - 检查周期 #2562
2026-08-09 18:31:34,260 - [Supervisor] - INFO - 检查周期 #2563
2026-08-09 18:31:55,591 - [Supervisor] - INFO - 检查周期 #2564
2026-08-09 18:32:16,928 - [Supervisor] - INFO - 检查周期 #2565
2026-08-09 18:32:38,419 - [Supervisor] - INFO - 检查周期 #2566
2026-08-09 18:32:59,881 - [Supervisor] - INFO - 检查周期 #2567
2026-08-09 18:33:21,249 - [Supervisor] - INFO - 检查周期 #2568
2026-08-09 18:33:42,611 - [Supervisor] - INFO - 检查周期 #2569
2026-08-09 18:34:03,916 - [Supervisor] - INFO - 检查周期 #2570
2026-08-09 18:34:25,279 - [Supervisor] - INFO - 检查周期 #2571
2026-08-09 18:34:46,596 - [Supervisor] - INFO - 检查周期 #2572
2026-08-09 18:35:07,957 - [Supervisor] - INFO - 检查周期 #2573
2026-08-09 18:35:29,332 - [Supervisor] - INFO - 检查周期 #2574
2026-08-09 18:35:50,661 - [Supervisor] - INFO - 检查周期 #2575
2026-08-09 18:36:11,991 - [Supervisor] - INFO - 检查周期 #2576
2026-08-09 18:36:33,325 - [Supervisor] - INFO - 检查周期 #2577
2026-08-09 18:36:54,635 - [Supervisor] - INFO - 检查周期 #2578
2026-08-09 18:37:15,993 - [Supervisor] - INFO - 检查周期 #2579
2026-08-09 18:37:37,493 - [Supervisor] - INFO - 检查周期 #2580
2026-08-09 18:37:58,838 - [Supervisor] - INFO - 检查周期 #2581
2026-08-09 18:38:20,215 - [Supervisor] - INFO - 检查周期 #2582
2026-08-09 18:38:41,510 - [Supervisor] - INFO - 检查周期 #2583
2026-08-09 18:39:02,812 - [Supervisor] - INFO - 检查周期 #2584
2026-08-09 18:39:24,135 - [Supervisor] - INFO - 检查周期 #2585
2026-08-09 18:39:45,424 - [Supervisor] - INFO - 检查周期 #2586
2026-08-09 18:40:06,875 - [Supervisor] - INFO - 检查周期 #2587
2026-08-09 18:40:28,184 - [Supervisor] - INFO - 检查周期 #2588
2026-08-09 18:40:49,517 - [Supervisor] - INFO - 检查周期 #2589
2026-08-09 18:41:11,157 - [Supervisor] - INFO - 检查周期 #2590
2026-08-09 18:41:32,458 - [Supervisor] - INFO - 检查周期 #2591
2026-08-09 18:41:53,800 - [Supervisor] - INFO - 检查周期 #2592
2026-08-09 18:42:15,201 - [Supervisor] - INFO - 检查周期 #2593
2026-08-09 18:42:36,504 - [Supervisor] - INFO - 检查周期 #2594
2026-08-09 18:42:57,841 - [Supervisor] - INFO - 检查周期 #2595
2026-08-09 18:43:19,322 - [Supervisor] - INFO - 检查周期 #2596
2026-08-09 18:43:40,607 - [Supervisor] - INFO - 检查周期 #2597
2026-08-09 18:44:01,953 - [Supervisor] - INFO - 检查周期 #2598
2026-08-09 18:44:23,386 - [Supervisor] - INFO - 检查周期 #2599
2026-08-09 18:44:44,733 - [Supervisor] - INFO - 检查周期 #2600
2026-08-09 18:45:06,019 - [Supervisor] - INFO - 检查周期 #2601
2026-08-09 18:45:27,499 - [Supervisor] - INFO - 检查周期 #2602
2026-08-09 18:45:48,756 - [Supervisor] - INFO - 检查周期 #2603
2026-08-09 18:46:10,074 - [Supervisor] - INFO - 检查周期 #2604
2026-08-09 18:46:31,511 - [Supervisor] - INFO - 检查周期 #2605
2026-08-09 18:46:52,880 - [Supervisor] - INFO - 检查周期 #2606
2026-08-09 18:47:14,195 - [Supervisor] - INFO - 检查周期 #2607
2026-08-09 18:47:35,503 - [Supervisor] - INFO - 检查周期 #2608
2026-08-09 18:47:56,805 - [Supervisor] - INFO - 检查周期 #2609
2026-08-09 18:48:18,148 - [Supervisor] - INFO - 检查周期 #2610
2026-08-09 18:48:39,486 - [Supervisor] - INFO - 检查周期 #2611
2026-08-09 18:49:00,767 - [Supervisor] - INFO - 检查周期 #2612
2026-08-09 18:49:22,104 - [Supervisor] - INFO - 检查周期 #2613
2026-08-09 18:49:43,425 - [Supervisor] - INFO - 检查周期 #2614
2026-08-09 18:50:04,728 - [Supervisor] - INFO - 检查周期 #2615
2026-08-09 18:50:26,041 - [Supervisor] - INFO - 检查周期 #2616
2026-08-09 18:50:47,470 - [Supervisor] - INFO - 检查周期 #2617
2026-08-09 18:51:08,927 - [Supervisor] - INFO - 检查周期 #2618
2026-08-09 18:51:30,244 - [Supervisor] - INFO - 检查周期 #2619
2026-08-09 18:51:51,565 - [Supervisor] - INFO - 检查周期 #2620
2026-08-09 18:52:12,852 - [Supervisor] - INFO - 检查周期 #2621
2026-08-09 18:52:34,170 - [Supervisor] - INFO - 检查周期 #2622
2026-08-09 18:52:55,496 - [Supervisor] - INFO - 检查周期 #2623
2026-08-09 18:53:16,825 - [Supervisor] - INFO - 检查周期 #2624
2026-08-09 18:53:38,321 - [Supervisor] - INFO - 检查周期 #2625
2026-08-09 18:53:59,635 - [Supervisor] - INFO - 检查周期 #2626
2026-08-09 18:54:20,950 - [Supervisor] - INFO - 检查周期 #2627
2026-08-09 18:54:42,272 - [Supervisor] - INFO - 检查周期 #2628
2026-08-09 18:55:03,643 - [Supervisor] - INFO - 检查周期 #2629
2026-08-09 18:55:24,899 - [Supervisor] - INFO - 检查周期 #2630
2026-08-09 18:55:46,191 - [Supervisor] - INFO - 检查周期 #2631
2026-08-09 18:56:07,843 - [Supervisor] - INFO - 检查周期 #2632
2026-08-09 18:56:29,153 - [Supervisor] - INFO - 检查周期 #2633
2026-08-09 18:56:50,915 - [Supervisor] - INFO - 检查周期 #2634
2026-08-09 18:57:12,231 - [Supervisor] - INFO - 检查周期 #2635
2026-08-09 18:57:33,508 - [Supervisor] - INFO - 检查周期 #2636
2026-08-09 18:57:54,811 - [Supervisor] - INFO - 检查周期 #2637
2026-08-09 18:58:16,136 - [Supervisor] - INFO - 检查周期 #2638
2026-08-09 18:58:37,452 - [Supervisor] - INFO - 检查周期 #2639
2026-08-09 18:58:58,827 - [Supervisor] - INFO - 检查周期 #2640
2026-08-09 18:59:20,287 - [Supervisor] - INFO - 检查周期 #2641
2026-08-09 18:59:41,623 - [Supervisor] - INFO - 检查周期 #2642
2026-08-09 19:00:03,039 - [Supervisor] - INFO - 检查周期 #2643
2026-08-09 19:00:24,507 - [Supervisor] - INFO - 检查周期 #2644
2026-08-09 19:00:45,913 - [Supervisor] - INFO - 检查周期 #2645
2026-08-09 19:01:07,286 - [Supervisor] - INFO - 检查周期 #2646
2026-08-09 19:01:28,656 - [Supervisor] - INFO - 检查周期 #2647
2026-08-09 19:01:49,986 - [Supervisor] - INFO - 检查周期 #2648
2026-08-09 19:02:11,310 - [Supervisor] - INFO - 检查周期 #2649
2026-08-09 19:02:32,585 - [Supervisor] - INFO - 检查周期 #2650
2026-08-09 19:02:54,017 - [Supervisor] - INFO - 检查周期 #2651
2026-08-09 19:03:15,403 - [Supervisor] - INFO - 检查周期 #2652
2026-08-09 19:03:36,721 - [Supervisor] - INFO - 检查周期 #2653
2026-08-09 19:03:58,092 - [Supervisor] - INFO - 检查周期 #2654
2026-08-09 19:04:19,399 - [Supervisor] - INFO - 检查周期 #2655
2026-08-09 19:04:40,715 - [Supervisor] - INFO - 检查周期 #2656
2026-08-09 19:05:02,049 - [Supervisor] - INFO - 检查周期 #2657
2026-08-09 19:05:23,375 - [Supervisor] - INFO - 检查周期 #2658
2026-08-09 19:05:44,825 - [Supervisor] - INFO - 检查周期 #2659
2026-08-09 19:06:06,240 - [Supervisor] - INFO - 检查周期 #2660
2026-08-09 19:06:27,631 - [Supervisor] - INFO - 检查周期 #2661
2026-08-09 19:06:48,889 - [Supervisor] - INFO - 检查周期 #2662
2026-08-09 19:07:10,180 - [Supervisor] - INFO - 检查周期 #2663
2026-08-09 19:07:31,471 - [Supervisor] - INFO - 检查周期 #2664
2026-08-09 19:07:52,754 - [Supervisor] - INFO - 检查周期 #2665
2026-08-09 19:08:14,174 - [Supervisor] - INFO - 检查周期 #2666
2026-08-09 19:08:35,532 - [Supervisor] - INFO - 检查周期 #2667
2026-08-09 19:08:56,998 - [Supervisor] - INFO - 检查周期 #2668
2026-08-09 19:09:18,709 - [Supervisor] - INFO - 检查周期 #2669
2026-08-09 19:09:40,007 - [Supervisor] - INFO - 检查周期 #2670
2026-08-09 19:10:01,505 - [Supervisor] - INFO - 检查周期 #2671
2026-08-09 19:10:22,776 - [Supervisor] - INFO - 检查周期 #2672
2026-08-09 19:10:44,068 - [Supervisor] - INFO - 检查周期 #2673
2026-08-09 19:11:05,312 - [Supervisor] - INFO - 检查周期 #2674
2026-08-09 19:11:26,642 - [Supervisor] - INFO - 检查周期 #2675
2026-08-09 19:11:47,983 - [Supervisor] - INFO - 检查周期 #2676
2026-08-09 19:12:09,351 - [Supervisor] - INFO - 检查周期 #2677
2026-08-09 19:12:30,804 - [Supervisor] - INFO - 检查周期 #2678
2026-08-09 19:12:52,073 - [Supervisor] - INFO - 检查周期 #2679
2026-08-09 19:13:13,414 - [Supervisor] - INFO - 检查周期 #2680
2026-08-09 19:13:34,710 - [Supervisor] - INFO - 检查周期 #2681
2026-08-09 19:13:55,971 - [Supervisor] - INFO - 检查周期 #2682
2026-08-09 19:14:17,260 - [Supervisor] - INFO - 检查周期 #2683
2026-08-09 19:14:38,542 - [Supervisor] - INFO - 检查周期 #2684
2026-08-09 19:14:59,498 - [Supervisor] - INFO - 检查周期 #2685
2026-08-09 19:15:20,852 - [Supervisor] - INFO - 检查周期 #2686
2026-08-09 19:15:42,188 - [Supervisor] - INFO - 检查周期 #2687
2026-08-09 19:16:03,486 - [Supervisor] - INFO - 检查周期 #2688
2026-08-09 19:16:24,880 - [Supervisor] - INFO - 检查周期 #2689
2026-08-09 19:16:46,217 - [Supervisor] - INFO - 检查周期 #2690
2026-08-09 19:17:07,553 - [Supervisor] - INFO - 检查周期 #2691
2026-08-09 19:17:28,949 - [Supervisor] - INFO - 检查周期 #2692
2026-08-09 19:17:50,255 - [Supervisor] - INFO - 检查周期 #2693
2026-08-09 19:18:11,560 - [Supervisor] - INFO - 检查周期 #2694
2026-08-09 19:18:32,890 - [Supervisor] - INFO - 检查周期 #2695
2026-08-09 19:18:54,342 - [Supervisor] - INFO - 检查周期 #2696
2026-08-09 19:19:15,741 - [Supervisor] - INFO - 检查周期 #2697
2026-08-09 19:19:37,070 - [Supervisor] - INFO - 检查周期 #2698
2026-08-09 19:19:58,475 - [Supervisor] - INFO - 检查周期 #2699
2026-08-09 19:20:19,801 - [Supervisor] - INFO - 检查周期 #2700
2026-08-09 19:20:41,077 - [Supervisor] - INFO - 检查周期 #2701
2026-08-09 19:21:02,346 - [Supervisor] - INFO - 检查周期 #2702
2026-08-09 19:21:23,628 - [Supervisor] - INFO - 检查周期 #2703
2026-08-09 19:21:44,928 - [Supervisor] - INFO - 检查周期 #2704
2026-08-09 19:22:06,344 - [Supervisor] - INFO - 检查周期 #2705
2026-08-09 19:22:27,635 - [Supervisor] - INFO - 检查周期 #2706
2026-08-09 19:22:48,919 - [Supervisor] - INFO - 检查周期 #2707
2026-08-09 19:23:10,251 - [Supervisor] - INFO - 检查周期 #2708
2026-08-09 19:23:31,493 - [Supervisor] - INFO - 检查周期 #2709
2026-08-09 19:23:52,909 - [Supervisor] - INFO - 检查周期 #2710
2026-08-09 19:24:14,234 - [Supervisor] - INFO - 检查周期 #2711
2026-08-09 19:24:35,614 - [Supervisor] - INFO - 检查周期 #2712
2026-08-09 19:24:57,014 - [Supervisor] - INFO - 检查周期 #2713
2026-08-09 19:25:17,958 - [Supervisor] - INFO - 检查周期 #2714
2026-08-09 19:25:39,225 - [Supervisor] - INFO - 检查周期 #2715
2026-08-09 19:26:00,507 - [Supervisor] - INFO - 检查周期 #2716
2026-08-09 19:26:21,975 - [Supervisor] - INFO - 检查周期 #2717
2026-08-09 19:26:43,586 - [Supervisor] - INFO - 检查周期 #2718
2026-08-09 19:27:04,928 - [Supervisor] - INFO - 检查周期 #2719
2026-08-09 19:27:26,410 - [Supervisor] - INFO - 检查周期 #2720
2026-08-09 19:27:47,714 - [Supervisor] - INFO - 检查周期 #2721
2026-08-09 19:28:09,485 - [Supervisor] - INFO - 检查周期 #2722
2026-08-09 19:28:30,822 - [Supervisor] - INFO - 检查周期 #2723
2026-08-09 19:28:52,113 - [Supervisor] - INFO - 检查周期 #2724
2026-08-09 19:29:13,428 - [Supervisor] - INFO - 检查周期 #2725
2026-08-09 19:29:34,910 - [Supervisor] - INFO - 检查周期 #2726
2026-08-09 19:29:56,223 - [Supervisor] - INFO - 检查周期 #2727
2026-08-09 19:30:17,548 - [Supervisor] - INFO - 检查周期 #2728
2026-08-09 19:30:38,862 - [Supervisor] - INFO - 检查周期 #2729
2026-08-09 19:31:00,157 - [Supervisor] - INFO - 检查周期 #2730
2026-08-09 19:31:21,584 - [Supervisor] - INFO - 检查周期 #2731
2026-08-09 19:31:42,891 - [Supervisor] - INFO - 检查周期 #2732
2026-08-09 19:32:04,426 - [Supervisor] - INFO - 检查周期 #2733
2026-08-09 19:32:25,843 - [Supervisor] - INFO - 检查周期 #2734
2026-08-09 19:32:47,292 - [Supervisor] - INFO - 检查周期 #2735
2026-08-09 19:33:08,580 - [Supervisor] - INFO - 检查周期 #2736
2026-08-09 19:33:29,885 - [Supervisor] - INFO - 检查周期 #2737
2026-08-09 19:33:51,251 - [Supervisor] - INFO - 检查周期 #2738
2026-08-09 19:34:12,572 - [Supervisor] - INFO - 检查周期 #2739
2026-08-09 19:34:33,905 - [Supervisor] - INFO - 检查周期 #2740
2026-08-09 19:34:55,238 - [Supervisor] - INFO - 检查周期 #2741
2026-08-09 19:35:16,578 - [Supervisor] - INFO - 检查周期 #2742
2026-08-09 19:35:37,939 - [Supervisor] - INFO - 检查周期 #2743
2026-08-09 19:35:59,222 - [Supervisor] - INFO - 检查周期 #2744
2026-08-09 19:36:20,530 - [Supervisor] - INFO - 检查周期 #2745
2026-08-09 19:36:42,062 - [Supervisor] - INFO - 检查周期 #2746
2026-08-09 19:37:03,404 - [Supervisor] - INFO - 检查周期 #2747
2026-08-09 19:37:24,736 - [Supervisor] - INFO - 检查周期 #2748
2026-08-09 19:37:46,045 - [Supervisor] - INFO - 检查周期 #2749
2026-08-09 19:38:07,363 - [Supervisor] - INFO - 检查周期 #2750
2026-08-09 19:38:28,628 - [Supervisor] - INFO - 检查周期 #2751
2026-08-09 19:38:49,949 - [Supervisor] - INFO - 检查周期 #2752
2026-08-09 19:39:11,217 - [Supervisor] - INFO - 检查周期 #2753
2026-08-09 19:39:32,616 - [Supervisor] - INFO - 检查周期 #2754
2026-08-09 19:39:54,140 - [Supervisor] - INFO - 检查周期 #2755
2026-08-09 19:40:15,433 - [Supervisor] - INFO - 检查周期 #2756
2026-08-09 19:40:36,909 - [Supervisor] - INFO - 检查周期 #2757
2026-08-09 19:40:58,207 - [Supervisor] - INFO - 检查周期 #2758
2026-08-09 19:41:19,489 - [Supervisor] - INFO - 检查周期 #2759
2026-08-09 19:41:40,867 - [Supervisor] - INFO - 检查周期 #2760
2026-08-09 19:42:02,110 - [Supervisor] - INFO - 检查周期 #2761
2026-08-09 19:42:23,566 - [Supervisor] - INFO - 检查周期 #2762
2026-08-09 19:42:44,869 - [Supervisor] - INFO - 检查周期 #2763
2026-08-09 19:43:06,354 - [Supervisor] - INFO - 检查周期 #2764
2026-08-09 19:43:27,641 - [Supervisor] - INFO - 检查周期 #2765
2026-08-09 19:43:48,946 - [Supervisor] - INFO - 检查周期 #2766
2026-08-09 19:44:10,413 - [Supervisor] - INFO - 检查周期 #2767
2026-08-09 19:44:31,874 - [Supervisor] - INFO - 检查周期 #2768
2026-08-09 19:44:53,163 - [Supervisor] - INFO - 检查周期 #2769
2026-08-09 19:45:14,498 - [Supervisor] - INFO - 检查周期 #2770
2026-08-09 19:45:35,925 - [Supervisor] - INFO - 检查周期 #2771
2026-08-09 19:45:57,327 - [Supervisor] - INFO - 检查周期 #2772
2026-08-09 19:46:18,620 - [Supervisor] - INFO - 检查周期 #2773
2026-08-09 19:46:40,108 - [Supervisor] - INFO - 检查周期 #2774
2026-08-09 19:47:01,384 - [Supervisor] - INFO - 检查周期 #2775
2026-08-09 19:47:22,665 - [Supervisor] - INFO - 检查周期 #2776
2026-08-09 19:47:44,069 - [Supervisor] - INFO - 检查周期 #2777
2026-08-09 19:48:05,379 - [Supervisor] - INFO - 检查周期 #2778
2026-08-09 19:48:26,674 - [Supervisor] - INFO - 检查周期 #2779
2026-08-09 19:48:48,012 - [Supervisor] - INFO - 检查周期 #2780
2026-08-09 19:49:09,386 - [Supervisor] - INFO - 检查周期 #2781
2026-08-09 19:49:30,728 - [Supervisor] - INFO - 检查周期 #2782
2026-08-09 19:49:52,007 - [Supervisor] - INFO - 检查周期 #2783
2026-08-09 19:50:13,360 - [Supervisor] - INFO - 检查周期 #2784
2026-08-09 19:50:34,697 - [Supervisor] - INFO - 检查周期 #2785
2026-08-09 19:50:55,978 - [Supervisor] - INFO - 检查周期 #2786
2026-08-09 19:51:17,485 - [Supervisor] - INFO - 检查周期 #2787
2026-08-09 19:51:38,753 - [Supervisor] - INFO - 检查周期 #2788
2026-08-09 19:52:00,119 - [Supervisor] - INFO - 检查周期 #2789
2026-08-09 19:52:21,538 - [Supervisor] - INFO - 检查周期 #2790
2026-08-09 19:52:42,817 - [Supervisor] - INFO - 检查周期 #2791
2026-08-09 19:53:04,109 - [Supervisor] - INFO - 检查周期 #2792
2026-08-09 19:53:25,416 - [Supervisor] - INFO - 检查周期 #2793
2026-08-09 19:53:46,589 - [Supervisor] - INFO - 检查周期 #2794
2026-08-09 19:54:07,975 - [Supervisor] - INFO - 检查周期 #2795
2026-08-09 19:54:29,296 - [Supervisor] - INFO - 检查周期 #2796
2026-08-09 19:54:50,634 - [Supervisor] - INFO - 检查周期 #2797
2026-08-09 19:55:12,135 - [Supervisor] - INFO - 检查周期 #2798
2026-08-09 19:55:33,478 - [Supervisor] - INFO - 检查周期 #2799
2026-08-09 19:55:54,799 - [Supervisor] - INFO - 检查周期 #2800
2026-08-09 19:56:16,186 - [Supervisor] - INFO - 检查周期 #2801
2026-08-09 19:56:37,476 - [Supervisor] - INFO - 检查周期 #2802
2026-08-09 19:56:58,775 - [Supervisor] - INFO - 检查周期 #2803
2026-08-09 19:57:20,105 - [Supervisor] - INFO - 检查周期 #2804
2026-08-09 19:57:41,437 - [Supervisor] - INFO - 检查周期 #2805
2026-08-09 19:58:02,732 - [Supervisor] - INFO - 检查周期 #2806
2026-08-09 19:58:24,036 - [Supervisor] - INFO - 检查周期 #2807
2026-08-09 19:58:45,314 - [Supervisor] - INFO - 检查周期 #2808
2026-08-09 19:59:06,569 - [Supervisor] - INFO - 检查周期 #2809
2026-08-09 19:59:28,013 - [Supervisor] - INFO - 检查周期 #2810
2026-08-09 19:59:49,353 - [Supervisor] - INFO - 检查周期 #2811
2026-08-09 20:00:10,619 - [Supervisor] - INFO - 检查周期 #2812
2026-08-09 20:00:31,911 - [Supervisor] - INFO - 检查周期 #2813
2026-08-09 20:00:53,562 - [Supervisor] - INFO - 检查周期 #2814
2026-08-09 20:01:14,905 - [Supervisor] - INFO - 检查周期 #2815
2026-08-09 20:01:36,285 - [Supervisor] - INFO - 检查周期 #2816
2026-08-09 20:01:57,593 - [Supervisor] - INFO - 检查周期 #2817
2026-08-09 20:02:18,988 - [Supervisor] - INFO - 检查周期 #2818
2026-08-09 20:02:40,269 - [Supervisor] - INFO - 检查周期 #2819
2026-08-09 20:03:01,593 - [Supervisor] - INFO - 检查周期 #2820
2026-08-09 20:03:22,925 - [Supervisor] - INFO - 检查周期 #2821
2026-08-09 20:03:44,268 - [Supervisor] - INFO - 检查周期 #2822
2026-08-09 20:04:05,964 - [Supervisor] - INFO - 检查周期 #2823
2026-08-09 20:04:27,376 - [Supervisor] - INFO - 检查周期 #2824
2026-08-09 20:04:48,739 - [Supervisor] - INFO - 检查周期 #2825
2026-08-09 20:05:10,011 - [Supervisor] - INFO - 检查周期 #2826
2026-08-09 20:05:30,954 - [Supervisor] - INFO - 检查周期 #2827
2026-08-09 20:05:52,483 - [Supervisor] - INFO - 检查周期 #2828
2026-08-09 20:06:13,889 - [Supervisor] - INFO - 检查周期 #2829
2026-08-09 20:06:35,251 - [Supervisor] - INFO - 检查周期 #2830
2026-08-09 20:06:56,573 - [Supervisor] - INFO - 检查周期 #2831
2026-08-09 20:07:17,977 - [Supervisor] - INFO - 检查周期 #2832
2026-08-09 20:07:39,259 - [Supervisor] - INFO - 检查周期 #2833
2026-08-09 20:08:00,511 - [Supervisor] - INFO - 检查周期 #2834
2026-08-09 20:08:21,891 - [Supervisor] - INFO - 检查周期 #2835
2026-08-09 20:08:43,256 - [Supervisor] - INFO - 检查周期 #2836
2026-08-09 20:09:04,803 - [Supervisor] - INFO - 检查周期 #2837
2026-08-09 20:09:26,072 - [Supervisor] - INFO - 检查周期 #2838
2026-08-09 20:09:47,350 - [Supervisor] - INFO - 检查周期 #2839
2026-08-09 20:10:08,663 - [Supervisor] - INFO - 检查周期 #2840
2026-08-09 20:10:29,964 - [Supervisor] - INFO - 检查周期 #2841
2026-08-09 20:10:51,252 - [Supervisor] - INFO - 检查周期 #2842
2026-08-09 20:11:12,710 - [Supervisor] - INFO - 检查周期 #2843
2026-08-09 20:11:34,009 - [Supervisor] - INFO - 检查周期 #2844
2026-08-09 20:11:55,298 - [Supervisor] - INFO - 检查周期 #2845
2026-08-09 20:12:16,589 - [Supervisor] - INFO - 检查周期 #2846
2026-08-09 20:12:37,947 - [Supervisor] - INFO - 检查周期 #2847
2026-08-09 20:12:59,250 - [Supervisor] - INFO - 检查周期 #2848
2026-08-09 20:13:20,577 - [Supervisor] - INFO - 检查周期 #2849
2026-08-09 20:13:42,110 - [Supervisor] - INFO - 检查周期 #2850
2026-08-09 20:14:03,391 - [Supervisor] - INFO - 检查周期 #2851
2026-08-09 20:14:24,657 - [Supervisor] - INFO - 检查周期 #2852
2026-08-09 20:14:46,167 - [Supervisor] - INFO - 检查周期 #2853
2026-08-09 20:15:07,420 - [Supervisor] - INFO - 检查周期 #2854
2026-08-09 20:15:28,771 - [Supervisor] - INFO - 检查周期 #2855
2026-08-09 20:15:50,070 - [Supervisor] - INFO - 检查周期 #2856
2026-08-09 20:16:11,330 - [Supervisor] - INFO - 检查周期 #2857
2026-08-09 20:16:32,643 - [Supervisor] - INFO - 检查周期 #2858
2026-08-09 20:16:53,928 - [Supervisor] - INFO - 检查周期 #2859
2026-08-09 20:17:15,204 - [Supervisor] - INFO - 检查周期 #2860
2026-08-09 20:17:36,492 - [Supervisor] - INFO - 检查周期 #2861
2026-08-09 20:17:57,786 - [Supervisor] - INFO - 检查周期 #2862
2026-08-09 20:18:19,055 - [Supervisor] - INFO - 检查周期 #2863
2026-08-09 20:18:40,336 - [Supervisor] - INFO - 检查周期 #2864
2026-08-09 20:19:01,781 - [Supervisor] - INFO - 检查周期 #2865
2026-08-09 20:19:23,125 - [Supervisor] - INFO - 检查周期 #2866
2026-08-09 20:19:44,523 - [Supervisor] - INFO - 检查周期 #2867
2026-08-09 20:20:05,849 - [Supervisor] - INFO - 检查周期 #2868
2026-08-09 20:20:27,241 - [Supervisor] - INFO - 检查周期 #2869
2026-08-09 20:20:48,629 - [Supervisor] - INFO - 检查周期 #2870
2026-08-09 20:21:10,311 - [Supervisor] - INFO - 检查周期 #2871
2026-08-09 20:21:31,641 - [Supervisor] - INFO - 检查周期 #2872
2026-08-09 20:21:52,920 - [Supervisor] - INFO - 检查周期 #2873
2026-08-09 20:22:14,199 - [Supervisor] - INFO - 检查周期 #2874
2026-08-09 20:22:35,521 - [Supervisor] - INFO - 检查周期 #2875
2026-08-09 20:22:56,799 - [Supervisor] - INFO - 检查周期 #2876
2026-08-09 20:23:18,192 - [Supervisor] - INFO - 检查周期 #2877
2026-08-09 20:23:39,441 - [Supervisor] - INFO - 检查周期 #2878
2026-08-09 20:24:00,788 - [Supervisor] - INFO - 检查周期 #2879
2026-08-09 20:24:22,083 - [Supervisor] - INFO - 检查周期 #2880
2026-08-09 20:24:43,404 - [Supervisor] - INFO - 检查周期 #2881
2026-08-09 20:25:04,736 - [Supervisor] - INFO - 检查周期 #2882
2026-08-09 20:25:26,064 - [Supervisor] - INFO - 检查周期 #2883
2026-08-09 20:25:47,394 - [Supervisor] - INFO - 检查周期 #2884
2026-08-09 20:26:08,704 - [Supervisor] - INFO - 检查周期 #2885
2026-08-09 20:26:29,953 - [Supervisor] - INFO - 检查周期 #2886
2026-08-09 20:26:51,264 - [Supervisor] - INFO - 检查周期 #2887
2026-08-09 20:27:12,991 - [Supervisor] - INFO - 检查周期 #2888
2026-08-09 20:27:34,312 - [Supervisor] - INFO - 检查周期 #2889
2026-08-09 20:27:55,734 - [Supervisor] - INFO - 检查周期 #2890
2026-08-09 20:28:17,047 - [Supervisor] - INFO - 检查周期 #2891
2026-08-09 20:28:38,394 - [Supervisor] - INFO - 检查周期 #2892
2026-08-09 20:28:59,770 - [Supervisor] - INFO - 检查周期 #2893
2026-08-09 20:29:21,096 - [Supervisor] - INFO - 检查周期 #2894
2026-08-09 20:29:42,516 - [Supervisor] - INFO - 检查周期 #2895
2026-08-09 20:30:04,275 - [Supervisor] - INFO - 检查周期 #2896
2026-08-09 20:30:25,716 - [Supervisor] - INFO - 检查周期 #2897
2026-08-09 20:30:47,072 - [Supervisor] - INFO - 检查周期 #2898
2026-08-09 20:31:08,400 - [Supervisor] - INFO - 检查周期 #2899
2026-08-09 20:31:29,716 - [Supervisor] - INFO - 检查周期 #2900
2026-08-09 20:31:51,019 - [Supervisor] - INFO - 检查周期 #2901
2026-08-09 20:32:12,288 - [Supervisor] - INFO - 检查周期 #2902
2026-08-09 20:32:33,655 - [Supervisor] - INFO - 检查周期 #2903
2026-08-09 20:32:54,966 - [Supervisor] - INFO - 检查周期 #2904
2026-08-09 20:33:16,326 - [Supervisor] - INFO - 检查周期 #2905
2026-08-09 20:33:37,636 - [Supervisor] - INFO - 检查周期 #2906
2026-08-09 20:33:59,398 - [Supervisor] - INFO - 检查周期 #2907
2026-08-09 20:34:20,728 - [Supervisor] - INFO - 检查周期 #2908
2026-08-09 20:34:42,025 - [Supervisor] - INFO - 检查周期 #2909
2026-08-09 20:35:03,505 - [Supervisor] - INFO - 检查周期 #2910
2026-08-09 20:35:24,788 - [Supervisor] - INFO - 检查周期 #2911
2026-08-09 20:35:46,135 - [Supervisor] - INFO - 检查周期 #2912
2026-08-09 20:36:07,457 - [Supervisor] - INFO - 检查周期 #2913
2026-08-09 20:36:28,761 - [Supervisor] - INFO - 检查周期 #2914
2026-08-09 20:36:50,035 - [Supervisor] - INFO - 检查周期 #2915
2026-08-09 20:37:11,335 - [Supervisor] - INFO - 检查周期 #2916
2026-08-09 20:37:32,633 - [Supervisor] - INFO - 检查周期 #2917
2026-08-09 20:37:53,963 - [Supervisor] - INFO - 检查周期 #2918
2026-08-09 20:38:15,264 - [Supervisor] - INFO - 检查周期 #2919
2026-08-09 20:38:36,643 - [Supervisor] - INFO - 检查周期 #2920
2026-08-09 20:38:57,944 - [Supervisor] - INFO - 检查周期 #2921
2026-08-09 20:39:19,335 - [Supervisor] - INFO - 检查周期 #2922
2026-08-09 20:39:40,633 - [Supervisor] - INFO - 检查周期 #2923
2026-08-09 20:40:01,963 - [Supervisor] - INFO - 检查周期 #2924
2026-08-09 20:40:23,391 - [Supervisor] - INFO - 检查周期 #2925
2026-08-09 20:40:44,653 - [Supervisor] - INFO - 检查周期 #2926
2026-08-09 20:41:05,938 - [Supervisor] - INFO - 检查周期 #2927
2026-08-09 20:41:27,245 - [Supervisor] - INFO - 检查周期 #2928
2026-08-09 20:41:48,575 - [Supervisor] - INFO - 检查周期 #2929
2026-08-09 20:42:09,896 - [Supervisor] - INFO - 检查周期 #2930
2026-08-09 20:42:31,184 - [Supervisor] - INFO - 检查周期 #2931
2026-08-09 20:42:52,487 - [Supervisor] - INFO - 检查周期 #2932
2026-08-09 20:43:13,748 - [Supervisor] - INFO - 检查周期 #2933
2026-08-09 20:43:35,064 - [Supervisor] - INFO - 检查周期 #2934
2026-08-09 20:43:56,484 - [Supervisor] - INFO - 检查周期 #2935
2026-08-09 20:44:17,801 - [Supervisor] - INFO - 检查周期 #2936
2026-08-09 20:44:39,088 - [Supervisor] - INFO - 检查周期 #2937
2026-08-09 20:45:00,382 - [Supervisor] - INFO - 检查周期 #2938
2026-08-09 20:45:22,028 - [Supervisor] - INFO - 检查周期 #2939
2026-08-09 20:45:43,453 - [Supervisor] - INFO - 检查周期 #2940
2026-08-09 20:46:04,919 - [Supervisor] - INFO - 检查周期 #2941
2026-08-09 20:46:26,237 - [Supervisor] - INFO - 检查周期 #2942
2026-08-09 20:46:47,526 - [Supervisor] - INFO - 检查周期 #2943
2026-08-09 20:47:08,791 - [Supervisor] - INFO - 检查周期 #2944
2026-08-09 20:47:30,098 - [Supervisor] - INFO - 检查周期 #2945
2026-08-09 20:47:51,464 - [Supervisor] - INFO - 检查周期 #2946
2026-08-09 20:48:12,800 - [Supervisor] - INFO - 检查周期 #2947
2026-08-09 20:48:34,097 - [Supervisor] - INFO - 检查周期 #2948
2026-08-09 20:48:55,396 - [Supervisor] - INFO - 检查周期 #2949
2026-08-09 20:49:16,737 - [Supervisor] - INFO - 检查周期 #2950
2026-08-09 20:49:37,987 - [Supervisor] - INFO - 检查周期 #2951
2026-08-09 20:49:59,308 - [Supervisor] - INFO - 检查周期 #2952
2026-08-09 20:50:20,641 - [Supervisor] - INFO - 检查周期 #2953
2026-08-09 20:50:41,945 - [Supervisor] - INFO - 检查周期 #2954
2026-08-09 20:51:03,219 - [Supervisor] - INFO - 检查周期 #2955
2026-08-09 20:51:24,538 - [Supervisor] - INFO - 检查周期 #2956
2026-08-09 20:51:46,105 - [Supervisor] - INFO - 检查周期 #2957
2026-08-09 20:52:07,434 - [Supervisor] - INFO - 检查周期 #2958
2026-08-09 20:52:28,710 - [Supervisor] - INFO - 检查周期 #2959
2026-08-09 20:52:50,212 - [Supervisor] - INFO - 检查周期 #2960
2026-08-09 20:53:11,485 - [Supervisor] - INFO - 检查周期 #2961
2026-08-09 20:53:32,767 - [Supervisor] - INFO - 检查周期 #2962
2026-08-09 20:53:54,055 - [Supervisor] - INFO - 检查周期 #2963
2026-08-09 20:54:15,363 - [Supervisor] - INFO - 检查周期 #2964
2026-08-09 20:54:36,691 - [Supervisor] - INFO - 检查周期 #2965
2026-08-09 20:54:58,006 - [Supervisor] - INFO - 检查周期 #2966
2026-08-09 20:55:19,341 - [Supervisor] - INFO - 检查周期 #2967
2026-08-09 20:55:40,702 - [Supervisor] - INFO - 检查周期 #2968
2026-08-09 20:56:02,024 - [Supervisor] - INFO - 检查周期 #2969
2026-08-09 20:56:23,350 - [Supervisor] - INFO - 检查周期 #2970
2026-08-09 20:56:44,660 - [Supervisor] - INFO - 检查周期 #2971
2026-08-09 20:57:05,905 - [Supervisor] - INFO - 检查周期 #2972
2026-08-09 20:57:27,425 - [Supervisor] - INFO - 检查周期 #2973
2026-08-09 20:57:48,718 - [Supervisor] - INFO - 检查周期 #2974
2026-08-09 20:58:10,038 - [Supervisor] - INFO - 检查周期 #2975
2026-08-09 20:58:31,311 - [Supervisor] - INFO - 检查周期 #2976
2026-08-09 20:58:52,612 - [Supervisor] - INFO - 检查周期 #2977
2026-08-09 20:59:13,857 - [Supervisor] - INFO - 检查周期 #2978
2026-08-09 20:59:35,175 - [Supervisor] - INFO - 检查周期 #2979
2026-08-09 20:59:56,519 - [Supervisor] - INFO - 检查周期 #2980
2026-08-09 21:00:17,810 - [Supervisor] - INFO - 检查周期 #2981
2026-08-09 21:00:39,094 - [Supervisor] - INFO - 检查周期 #2982
2026-08-09 21:01:00,370 - [Supervisor] - INFO - 检查周期 #2983
2026-08-09 21:01:21,638 - [Supervisor] - INFO - 检查周期 #2984
2026-08-09 21:01:42,934 - [Supervisor] - INFO - 检查周期 #2985
2026-08-09 21:02:04,230 - [Supervisor] - INFO - 检查周期 #2986
2026-08-09 21:02:25,538 - [Supervisor] - INFO - 检查周期 #2987
2026-08-09 21:02:46,989 - [Supervisor] - INFO - 检查周期 #2988
2026-08-09 21:03:08,278 - [Supervisor] - INFO - 检查周期 #2989
2026-08-09 21:03:29,704 - [Supervisor] - INFO - 检查周期 #2990
2026-08-09 21:03:51,002 - [Supervisor] - INFO - 检查周期 #2991
2026-08-09 21:04:12,270 - [Supervisor] - INFO - 检查周期 #2992
2026-08-09 21:04:33,560 - [Supervisor] - INFO - 检查周期 #2993
2026-08-09 21:04:54,829 - [Supervisor] - INFO - 检查周期 #2994
2026-08-09 21:05:16,186 - [Supervisor] - INFO - 检查周期 #2995
2026-08-09 21:05:37,566 - [Supervisor] - INFO - 检查周期 #2996
2026-08-09 21:05:58,864 - [Supervisor] - INFO - 检查周期 #2997
2026-08-09 21:06:20,110 - [Supervisor] - INFO - 检查周期 #2998
2026-08-09 21:06:41,488 - [Supervisor] - INFO - 检查周期 #2999
2026-08-09 21:07:03,117 - [Supervisor] - INFO - 检查周期 #3000
2026-08-09 21:07:24,468 - [Supervisor] - INFO - 检查周期 #3001
2026-08-09 21:07:45,718 - [Supervisor] - INFO - 检查周期 #3002
2026-08-09 21:08:07,005 - [Supervisor] - INFO - 检查周期 #3003
2026-08-09 21:08:28,252 - [Supervisor] - INFO - 检查周期 #3004
2026-08-09 21:08:49,582 - [Supervisor] - INFO - 检查周期 #3005
2026-08-09 21:09:11,110 - [Supervisor] - INFO - 检查周期 #3006
2026-08-09 21:09:32,440 - [Supervisor] - INFO - 检查周期 #3007
2026-08-09 21:09:53,715 - [Supervisor] - INFO - 检查周期 #3008
2026-08-09 21:10:14,947 - [Supervisor] - INFO - 检查周期 #3009
2026-08-09 21:10:36,231 - [Supervisor] - INFO - 检查周期 #3010
2026-08-09 21:10:57,575 - [Supervisor] - INFO - 检查周期 #3011
2026-08-09 21:11:18,893 - [Supervisor] - INFO - 检查周期 #3012
2026-08-09 21:11:40,179 - [Supervisor] - INFO - 检查周期 #3013
2026-08-09 21:12:01,476 - [Supervisor] - INFO - 检查周期 #3014
2026-08-09 21:12:22,800 - [Supervisor] - INFO - 检查周期 #3015
2026-08-09 21:12:44,147 - [Supervisor] - INFO - 检查周期 #3016
2026-08-09 21:13:05,488 - [Supervisor] - INFO - 检查周期 #3017
2026-08-09 21:13:26,799 - [Supervisor] - INFO - 检查周期 #3018
2026-08-09 21:13:48,132 - [Supervisor] - INFO - 检查周期 #3019
2026-08-09 21:14:09,411 - [Supervisor] - INFO - 检查周期 #3020
2026-08-09 21:14:30,716 - [Supervisor] - INFO - 检查周期 #3021
2026-08-09 21:14:52,237 - [Supervisor] - INFO - 检查周期 #3022
2026-08-09 21:15:13,555 - [Supervisor] - INFO - 检查周期 #3023
2026-08-09 21:15:34,853 - [Supervisor] - INFO - 检查周期 #3024
2026-08-09 21:15:56,138 - [Supervisor] - INFO - 检查周期 #3025
2026-08-09 21:16:17,444 - [Supervisor] - INFO - 检查周期 #3026
2026-08-09 21:16:38,749 - [Supervisor] - INFO - 检查周期 #3027
2026-08-09 21:17:00,525 - [Supervisor] - INFO - 检查周期 #3028
2026-08-09 21:17:21,862 - [Supervisor] - INFO - 检查周期 #3029
2026-08-09 21:17:43,190 - [Supervisor] - INFO - 检查周期 #3030
2026-08-09 21:18:04,517 - [Supervisor] - INFO - 检查周期 #3031
2026-08-09 21:18:25,830 - [Supervisor] - INFO - 检查周期 #3032
2026-08-09 21:18:47,268 - [Supervisor] - INFO - 检查周期 #3033
2026-08-09 21:19:08,556 - [Supervisor] - INFO - 检查周期 #3034
2026-08-09 21:19:29,849 - [Supervisor] - INFO - 检查周期 #3035
2026-08-09 21:19:51,371 - [Supervisor] - INFO - 检查周期 #3036
2026-08-09 21:20:12,820 - [Supervisor] - INFO - 检查周期 #3037
2026-08-09 21:20:34,107 - [Supervisor] - INFO - 检查周期 #3038
2026-08-09 21:20:55,531 - [Supervisor] - INFO - 检查周期 #3039
2026-08-09 21:21:16,850 - [Supervisor] - INFO - 检查周期 #3040
2026-08-09 21:21:38,132 - [Supervisor] - INFO - 检查周期 #3041
2026-08-09 21:21:59,881 - [Supervisor] - INFO - 检查周期 #3042
2026-08-09 21:22:21,237 - [Supervisor] - INFO - 检查周期 #3043
2026-08-09 21:22:42,558 - [Supervisor] - INFO - 检查周期 #3044
2026-08-09 21:23:03,980 - [Supervisor] - INFO - 检查周期 #3045
2026-08-09 21:23:25,253 - [Supervisor] - INFO - 检查周期 #3046
2026-08-09 21:23:46,539 - [Supervisor] - INFO - 检查周期 #3047
2026-08-09 21:24:07,448 - [Supervisor] - INFO - 检查周期 #3048
2026-08-09 21:24:28,782 - [Supervisor] - INFO - 检查周期 #3049
2026-08-09 21:24:50,074 - [Supervisor] - INFO - 检查周期 #3050
2026-08-09 21:25:11,491 - [Supervisor] - INFO - 检查周期 #3051
2026-08-09 21:25:32,763 - [Supervisor] - INFO - 检查周期 #3052
2026-08-09 21:25:54,071 - [Supervisor] - INFO - 检查周期 #3053
2026-08-09 21:26:15,482 - [Supervisor] - INFO - 检查周期 #3054
2026-08-09 21:26:36,771 - [Supervisor] - INFO - 检查周期 #3055
2026-08-09 21:26:58,231 - [Supervisor] - INFO - 检查周期 #3056
2026-08-09 21:27:19,581 - [Supervisor] - INFO - 检查周期 #3057
2026-08-09 21:27:40,970 - [Supervisor] - INFO - 检查周期 #3058
2026-08-09 21:28:02,318 - [Supervisor] - INFO - 检查周期 #3059
2026-08-09 21:28:23,640 - [Supervisor] - INFO - 检查周期 #3060
2026-08-09 21:28:44,951 - [Supervisor] - INFO - 检查周期 #3061
2026-08-09 21:29:06,224 - [Supervisor] - INFO - 检查周期 #3062
2026-08-09 21:29:27,550 - [Supervisor] - INFO - 检查周期 #3063
2026-08-09 21:29:48,832 - [Supervisor] - INFO - 检查周期 #3064
2026-08-09 21:30:10,131 - [Supervisor] - INFO - 检查周期 #3065
2026-08-09 21:30:31,461 - [Supervisor] - INFO - 检查周期 #3066
2026-08-09 21:30:52,419 - [Supervisor] - INFO - 检查周期 #3067
2026-08-09 21:31:13,738 - [Supervisor] - INFO - 检查周期 #3068
2026-08-09 21:31:34,686 - [Supervisor] - INFO - 检查周期 #3069
2026-08-09 21:31:55,950 - [Supervisor] - INFO - 检查周期 #3070
2026-08-09 21:32:17,235 - [Supervisor] - INFO - 检查周期 #3071
2026-08-09 21:32:38,592 - [Supervisor] - INFO - 检查周期 #3072
2026-08-09 21:32:59,934 - [Supervisor] - INFO - 检查周期 #3073
2026-08-09 21:33:21,249 - [Supervisor] - INFO - 检查周期 #3074
2026-08-09 21:33:42,563 - [Supervisor] - INFO - 检查周期 #3075
2026-08-09 21:34:03,860 - [Supervisor] - INFO - 检查周期 #3076
2026-08-09 21:34:25,149 - [Supervisor] - INFO - 检查周期 #3077
2026-08-09 21:34:46,636 - [Supervisor] - INFO - 检查周期 #3078
2026-08-09 21:35:08,110 - [Supervisor] - INFO - 检查周期 #3079
2026-08-09 21:35:29,426 - [Supervisor] - INFO - 检查周期 #3080
2026-08-09 21:35:50,759 - [Supervisor] - INFO - 检查周期 #3081
2026-08-09 21:36:12,147 - [Supervisor] - INFO - 检查周期 #3082
2026-08-09 21:36:33,545 - [Supervisor] - INFO - 检查周期 #3083
2026-08-09 21:36:54,858 - [Supervisor] - INFO - 检查周期 #3084
2026-08-09 21:37:16,487 - [Supervisor] - INFO - 检查周期 #3085
2026-08-09 21:37:37,776 - [Supervisor] - INFO - 检查周期 #3086
2026-08-09 21:37:59,092 - [Supervisor] - INFO - 检查周期 #3087
2026-08-09 21:38:20,430 - [Supervisor] - INFO - 检查周期 #3088
2026-08-09 21:38:41,737 - [Supervisor] - INFO - 检查周期 #3089
2026-08-09 21:39:02,683 - [Supervisor] - INFO - 检查周期 #3090
2026-08-09 21:39:23,973 - [Supervisor] - INFO - 检查周期 #3091
2026-08-09 21:39:45,260 - [Supervisor] - INFO - 检查周期 #3092
2026-08-09 21:40:06,556 - [Supervisor] - INFO - 检查周期 #3093
2026-08-09 21:40:27,908 - [Supervisor] - INFO - 检查周期 #3094
2026-08-09 21:40:49,249 - [Supervisor] - INFO - 检查周期 #3095
2026-08-09 21:41:10,570 - [Supervisor] - INFO - 检查周期 #3096
2026-08-09 21:41:31,880 - [Supervisor] - INFO - 检查周期 #3097
2026-08-09 21:41:53,131 - [Supervisor] - INFO - 检查周期 #3098
2026-08-09 21:42:14,442 - [Supervisor] - INFO - 检查周期 #3099
2026-08-09 21:42:35,768 - [Supervisor] - INFO - 检查周期 #3100
2026-08-09 21:42:57,118 - [Supervisor] - INFO - 检查周期 #3101
2026-08-09 21:43:18,448 - [Supervisor] - INFO - 检查周期 #3102
2026-08-09 21:43:39,792 - [Supervisor] - INFO - 检查周期 #3103
2026-08-09 21:44:01,326 - [Supervisor] - INFO - 检查周期 #3104
2026-08-09 21:44:22,468 - [Supervisor] - INFO - 检查周期 #3105
2026-08-09 21:44:43,775 - [Supervisor] - INFO - 检查周期 #3106
2026-08-09 21:45:05,084 - [Supervisor] - INFO - 检查周期 #3107
2026-08-09 21:45:26,367 - [Supervisor] - INFO - 检查周期 #3108
2026-08-09 21:45:47,731 - [Supervisor] - INFO - 检查周期 #3109
2026-08-09 21:46:09,097 - [Supervisor] - INFO - 检查周期 #3110
2026-08-09 21:46:30,460 - [Supervisor] - INFO - 检查周期 #3111
2026-08-09 21:46:51,751 - [Supervisor] - INFO - 检查周期 #3112
2026-08-09 21:47:13,089 - [Supervisor] - INFO - 检查周期 #3113
2026-08-09 21:47:34,370 - [Supervisor] - INFO - 检查周期 #3114
2026-08-09 21:47:55,652 - [Supervisor] - INFO - 检查周期 #3115
2026-08-09 21:48:16,949 - [Supervisor] - INFO - 检查周期 #3116
2026-08-09 21:48:38,268 - [Supervisor] - INFO - 检查周期 #3117
2026-08-09 21:49:00,068 - [Supervisor] - INFO - 检查周期 #3118
2026-08-09 21:49:21,398 - [Supervisor] - INFO - 检查周期 #3119
2026-08-09 21:49:42,951 - [Supervisor] - INFO - 检查周期 #3120
2026-08-09 21:50:04,490 - [Supervisor] - INFO - 检查周期 #3121
2026-08-09 21:50:25,868 - [Supervisor] - INFO - 检查周期 #3122
2026-08-09 21:50:47,183 - [Supervisor] - INFO - 检查周期 #3123
2026-08-09 21:51:08,445 - [Supervisor] - INFO - 检查周期 #3124
2026-08-09 21:51:29,756 - [Supervisor] - INFO - 检查周期 #3125
2026-08-09 21:51:51,080 - [Supervisor] - INFO - 检查周期 #3126
2026-08-09 21:52:12,884 - [Supervisor] - INFO - 检查周期 #3127
2026-08-09 21:52:34,140 - [Supervisor] - INFO - 检查周期 #3128
2026-08-09 21:52:55,444 - [Supervisor] - INFO - 检查周期 #3129
2026-08-09 21:53:16,907 - [Supervisor] - INFO - 检查周期 #3130
2026-08-09 21:53:38,217 - [Supervisor] - INFO - 检查周期 #3131
2026-08-09 21:53:59,560 - [Supervisor] - INFO - 检查周期 #3132
2026-08-09 21:54:21,018 - [Supervisor] - INFO - 检查周期 #3133
2026-08-09 21:54:42,323 - [Supervisor] - INFO - 检查周期 #3134
2026-08-09 21:55:03,652 - [Supervisor] - INFO - 检查周期 #3135
2026-08-09 21:55:24,948 - [Supervisor] - INFO - 检查周期 #3136
2026-08-09 21:55:46,245 - [Supervisor] - INFO - 检查周期 #3137
2026-08-09 21:56:07,664 - [Supervisor] - INFO - 检查周期 #3138
2026-08-09 21:56:28,960 - [Supervisor] - INFO - 检查周期 #3139
2026-08-09 21:56:50,246 - [Supervisor] - INFO - 检查周期 #3140
2026-08-09 21:57:11,685 - [Supervisor] - INFO - 检查周期 #3141
2026-08-09 21:57:33,135 - [Supervisor] - INFO - 检查周期 #3142
2026-08-09 21:57:54,620 - [Supervisor] - INFO - 检查周期 #3143
2026-08-09 21:58:16,056 - [Supervisor] - INFO - 检查周期 #3144
2026-08-09 21:58:37,336 - [Supervisor] - INFO - 检查周期 #3145
2026-08-09 21:58:58,689 - [Supervisor] - INFO - 检查周期 #3146
2026-08-09 21:59:20,065 - [Supervisor] - INFO - 检查周期 #3147
2026-08-09 21:59:41,371 - [Supervisor] - INFO - 检查周期 #3148
2026-08-09 22:00:02,655 - [Supervisor] - INFO - 检查周期 #3149
2026-08-09 22:00:23,938 - [Supervisor] - INFO - 检查周期 #3150
2026-08-09 22:00:45,311 - [Supervisor] - INFO - 检查周期 #3151
2026-08-09 22:01:06,821 - [Supervisor] - INFO - 检查周期 #3152
2026-08-09 22:01:28,186 - [Supervisor] - INFO - 检查周期 #3153
2026-08-09 22:01:49,506 - [Supervisor] - INFO - 检查周期 #3154
2026-08-09 22:02:10,829 - [Supervisor] - INFO - 检查周期 #3155
2026-08-09 22:02:32,158 - [Supervisor] - INFO - 检查周期 #3156
2026-08-09 22:02:53,458 - [Supervisor] - INFO - 检查周期 #3157
2026-08-09 22:03:14,828 - [Supervisor] - INFO - 检查周期 #3158
2026-08-09 22:03:36,163 - [Supervisor] - INFO - 检查周期 #3159
2026-08-09 22:03:57,468 - [Supervisor] - INFO - 检查周期 #3160
2026-08-09 22:04:19,008 - [Supervisor] - INFO - 检查周期 #3161
2026-08-09 22:04:40,329 - [Supervisor] - INFO - 检查周期 #3162
2026-08-09 22:05:01,632 - [Supervisor] - INFO - 检查周期 #3163
2026-08-09 22:05:22,932 - [Supervisor] - INFO - 检查周期 #3164
2026-08-09 22:05:44,356 - [Supervisor] - INFO - 检查周期 #3165
2026-08-09 22:06:05,838 - [Supervisor] - INFO - 检查周期 #3166
2026-08-09 22:06:27,098 - [Supervisor] - INFO - 检查周期 #3167
2026-08-09 22:06:48,536 - [Supervisor] - INFO - 检查周期 #3168
2026-08-09 22:07:09,817 - [Supervisor] - INFO - 检查周期 #3169
2026-08-09 22:07:31,329 - [Supervisor] - INFO - 检查周期 #3170
2026-08-09 22:07:52,777 - [Supervisor] - INFO - 检查周期 #3171
2026-08-09 22:08:14,102 - [Supervisor] - INFO - 检查周期 #3172
2026-08-09 22:08:35,633 - [Supervisor] - INFO - 检查周期 #3173
2026-08-09 22:08:56,958 - [Supervisor] - INFO - 检查周期 #3174
2026-08-09 22:09:18,195 - [Supervisor] - INFO - 检查周期 #3175
2026-08-09 22:09:39,479 - [Supervisor] - INFO - 检查周期 #3176
2026-08-09 22:10:00,722 - [Supervisor] - INFO - 检查周期 #3177
2026-08-09 22:10:22,067 - [Supervisor] - INFO - 检查周期 #3178
2026-08-09 22:10:43,392 - [Supervisor] - INFO - 检查周期 #3179
2026-08-09 22:11:05,005 - [Supervisor] - INFO - 检查周期 #3180
2026-08-09 22:11:26,278 - [Supervisor] - INFO - 检查周期 #3181
2026-08-09 22:11:47,581 - [Supervisor] - INFO - 检查周期 #3182
2026-08-09 22:12:08,895 - [Supervisor] - INFO - 检查周期 #3183
2026-08-09 22:12:30,179 - [Supervisor] - INFO - 检查周期 #3184
2026-08-09 22:12:51,548 - [Supervisor] - INFO - 检查周期 #3185
2026-08-09 22:13:12,856 - [Supervisor] - INFO - 检查周期 #3186
2026-08-09 22:13:34,237 - [Supervisor] - INFO - 检查周期 #3187
2026-08-09 22:13:55,544 - [Supervisor] - INFO - 检查周期 #3188
2026-08-09 22:14:16,985 - [Supervisor] - INFO - 检查周期 #3189
2026-08-09 22:14:37,896 - [Supervisor] - INFO - 检查周期 #3190
2026-08-09 22:14:59,422 - [Supervisor] - INFO - 检查周期 #3191
2026-08-09 22:15:20,780 - [Supervisor] - INFO - 检查周期 #3192
2026-08-09 22:15:42,054 - [Supervisor] - INFO - 检查周期 #3193
2026-08-09 22:16:03,526 - [Supervisor] - INFO - 检查周期 #3194
2026-08-09 22:16:24,850 - [Supervisor] - INFO - 检查周期 #3195
2026-08-09 22:16:46,194 - [Supervisor] - INFO - 检查周期 #3196
2026-08-09 22:17:07,493 - [Supervisor] - INFO - 检查周期 #3197
2026-08-09 22:17:28,779 - [Supervisor] - INFO - 检查周期 #3198
2026-08-09 22:17:50,062 - [Supervisor] - INFO - 检查周期 #3199
2026-08-09 22:18:11,340 - [Supervisor] - INFO - 检查周期 #3200
2026-08-09 22:18:32,742 - [Supervisor] - INFO - 检查周期 #3201
2026-08-09 22:18:54,085 - [Supervisor] - INFO - 检查周期 #3202
2026-08-09 22:19:15,408 - [Supervisor] - INFO - 检查周期 #3203
2026-08-09 22:19:36,834 - [Supervisor] - INFO - 检查周期 #3204
2026-08-09 22:19:58,322 - [Supervisor] - INFO - 检查周期 #3205
2026-08-09 22:20:19,881 - [Supervisor] - INFO - 检查周期 #3206
2026-08-09 22:20:41,199 - [Supervisor] - INFO - 检查周期 #3207
2026-08-09 22:21:02,519 - [Supervisor] - INFO - 检查周期 #3208
2026-08-09 22:21:23,791 - [Supervisor] - INFO - 检查周期 #3209
2026-08-09 22:21:45,096 - [Supervisor] - INFO - 检查周期 #3210
2026-08-09 22:22:06,464 - [Supervisor] - INFO - 检查周期 #3211
2026-08-09 22:22:27,850 - [Supervisor] - INFO - 检查周期 #3212
2026-08-09 22:22:49,303 - [Supervisor] - INFO - 检查周期 #3213
2026-08-09 22:23:10,641 - [Supervisor] - INFO - 检查周期 #3214
2026-08-09 22:23:32,092 - [Supervisor] - INFO - 检查周期 #3215
2026-08-09 22:23:53,680 - [Supervisor] - INFO - 检查周期 #3216
2026-08-09 22:24:15,011 - [Supervisor] - INFO - 检查周期 #3217
2026-08-09 22:24:36,282 - [Supervisor] - INFO - 检查周期 #3218
2026-08-09 22:24:57,628 - [Supervisor] - INFO - 检查周期 #3219
2026-08-09 22:25:19,066 - [Supervisor] - INFO - 检查周期 #3220
2026-08-09 22:25:40,452 - [Supervisor] - INFO - 检查周期 #3221
2026-08-09 22:26:02,854 - [Supervisor] - INFO - 检查周期 #3222
2026-08-09 22:26:24,121 - [Supervisor] - INFO - 检查周期 #3223
2026-08-09 22:26:45,480 - [Supervisor] - INFO - 检查周期 #3224
2026-08-09 22:27:06,754 - [Supervisor] - INFO - 检查周期 #3225
2026-08-09 22:27:28,092 - [Supervisor] - INFO - 检查周期 #3226
2026-08-09 22:27:49,550 - [Supervisor] - INFO - 检查周期 #3227
2026-08-09 22:28:10,860 - [Supervisor] - INFO - 检查周期 #3228
2026-08-09 22:28:32,379 - [Supervisor] - INFO - 检查周期 #3229
2026-08-09 22:28:53,699 - [Supervisor] - INFO - 检查周期 #3230
2026-08-09 22:29:15,007 - [Supervisor] - INFO - 检查周期 #3231
2026-08-09 22:29:36,467 - [Supervisor] - INFO - 检查周期 #3232
2026-08-09 22:29:57,742 - [Supervisor] - INFO - 检查周期 #3233
2026-08-09 22:30:19,044 - [Supervisor] - INFO - 检查周期 #3234
2026-08-09 22:30:40,323 - [Supervisor] - INFO - 检查周期 #3235
2026-08-09 22:31:01,866 - [Supervisor] - INFO - 检查周期 #3236
2026-08-09 22:31:23,171 - [Supervisor] - INFO - 检查周期 #3237
2026-08-09 22:31:44,494 - [Supervisor] - INFO - 检查周期 #3238
2026-08-09 22:32:05,886 - [Supervisor] - INFO - 检查周期 #3239
2026-08-09 22:32:27,202 - [Supervisor] - INFO - 检查周期 #3240
2026-08-09 22:32:48,692 - [Supervisor] - INFO - 检查周期 #3241
2026-08-09 22:33:09,996 - [Supervisor] - INFO - 检查周期 #3242
2026-08-09 22:33:31,265 - [Supervisor] - INFO - 检查周期 #3243
2026-08-09 22:33:52,511 - [Supervisor] - INFO - 检查周期 #3244
2026-08-09 22:34:13,897 - [Supervisor] - INFO - 检查周期 #3245
2026-08-09 22:34:35,190 - [Supervisor] - INFO - 检查周期 #3246
2026-08-09 22:34:56,491 - [Supervisor] - INFO - 检查周期 #3247
2026-08-09 22:35:17,821 - [Supervisor] - INFO - 检查周期 #3248
2026-08-09 22:35:39,130 - [Supervisor] - INFO - 检查周期 #3249
2026-08-09 22:36:00,641 - [Supervisor] - INFO - 检查周期 #3250
2026-08-09 22:36:22,078 - [Supervisor] - INFO - 检查周期 #3251
2026-08-09 22:36:43,377 - [Supervisor] - INFO - 检查周期 #3252
2026-08-09 22:37:04,678 - [Supervisor] - INFO - 检查周期 #3253
2026-08-09 22:37:26,004 - [Supervisor] - INFO - 检查周期 #3254
2026-08-09 22:37:47,307 - [Supervisor] - INFO - 检查周期 #3255
2026-08-09 22:38:08,630 - [Supervisor] - INFO - 检查周期 #3256
2026-08-09 22:38:29,979 - [Supervisor] - INFO - 检查周期 #3257
2026-08-09 22:38:51,305 - [Supervisor] - INFO - 检查周期 #3258
2026-08-09 22:39:12,628 - [Supervisor] - INFO - 检查周期 #3259
2026-08-09 22:39:34,068 - [Supervisor] - INFO - 检查周期 #3260
2026-08-09 22:39:55,342 - [Supervisor] - INFO - 检查周期 #3261
2026-08-09 22:40:16,623 - [Supervisor] - INFO - 检查周期 #3262
2026-08-09 22:40:38,025 - [Supervisor] - INFO - 检查周期 #3263
2026-08-09 22:40:59,364 - [Supervisor] - INFO - 检查周期 #3264
2026-08-09 22:41:20,675 - [Supervisor] - INFO - 检查周期 #3265
2026-08-09 22:41:42,018 - [Supervisor] - INFO - 检查周期 #3266
2026-08-09 22:42:03,344 - [Supervisor] - INFO - 检查周期 #3267
2026-08-09 22:42:24,624 - [Supervisor] - INFO - 检查周期 #3268
2026-08-09 22:42:45,950 - [Supervisor] - INFO - 检查周期 #3269
2026-08-09 22:43:07,348 - [Supervisor] - INFO - 检查周期 #3270
2026-08-09 22:43:28,692 - [Supervisor] - INFO - 检查周期 #3271
2026-08-09 22:43:49,965 - [Supervisor] - INFO - 检查周期 #3272
2026-08-09 22:44:11,295 - [Supervisor] - INFO - 检查周期 #3273
2026-08-09 22:44:32,587 - [Supervisor] - INFO - 检查周期 #3274
2026-08-09 22:44:53,890 - [Supervisor] - INFO - 检查周期 #3275
2026-08-09 22:45:15,164 - [Supervisor] - INFO - 检查周期 #3276
2026-08-09 22:45:36,559 - [Supervisor] - INFO - 检查周期 #3277
2026-08-09 22:45:58,003 - [Supervisor] - INFO - 检查周期 #3278
2026-08-09 22:46:19,302 - [Supervisor] - INFO - 检查周期 #3279
2026-08-09 22:46:40,677 - [Supervisor] - INFO - 检查周期 #3280
2026-08-09 22:47:01,996 - [Supervisor] - INFO - 检查周期 #3281
2026-08-09 22:47:23,271 - [Supervisor] - INFO - 检查周期 #3282
2026-08-09 22:47:44,536 - [Supervisor] - INFO - 检查周期 #3283
2026-08-09 22:48:05,910 - [Supervisor] - INFO - 检查周期 #3284
2026-08-09 22:48:27,334 - [Supervisor] - INFO - 检查周期 #3285
2026-08-09 22:48:48,621 - [Supervisor] - INFO - 检查周期 #3286
2026-08-09 22:49:10,001 - [Supervisor] - INFO - 检查周期 #3287
2026-08-09 22:49:31,286 - [Supervisor] - INFO - 检查周期 #3288
2026-08-09 22:49:52,593 - [Supervisor] - INFO - 检查周期 #3289
2026-08-09 22:50:13,901 - [Supervisor] - INFO - 检查周期 #3290
2026-08-09 22:50:35,224 - [Supervisor] - INFO - 检查周期 #3291
2026-08-09 22:50:56,870 - [Supervisor] - INFO - 检查周期 #3292
2026-08-09 22:51:18,269 - [Supervisor] - INFO - 检查周期 #3293
2026-08-09 22:51:39,638 - [Supervisor] - INFO - 检查周期 #3294
2026-08-09 22:52:00,958 - [Supervisor] - INFO - 检查周期 #3295
2026-08-09 22:52:22,302 - [Supervisor] - INFO - 检查周期 #3296
2026-08-09 22:52:43,625 - [Supervisor] - INFO - 检查周期 #3297
2026-08-09 22:53:05,041 - [Supervisor] - INFO - 检查周期 #3298
2026-08-09 22:53:26,333 - [Supervisor] - INFO - 检查周期 #3299
2026-08-09 22:53:47,624 - [Supervisor] - INFO - 检查周期 #3300
2026-08-09 22:54:08,968 - [Supervisor] - INFO - 检查周期 #3301
2026-08-09 22:54:30,249 - [Supervisor] - INFO - 检查周期 #3302
2026-08-09 22:54:51,694 - [Supervisor] - INFO - 检查周期 #3303
2026-08-09 22:55:13,044 - [Supervisor] - INFO - 检查周期 #3304
2026-08-09 22:55:34,347 - [Supervisor] - INFO - 检查周期 #3305
2026-08-09 22:55:55,648 - [Supervisor] - INFO - 检查周期 #3306
2026-08-09 22:56:17,166 - [Supervisor] - INFO - 检查周期 #3307
2026-08-09 22:56:38,467 - [Supervisor] - INFO - 检查周期 #3308
2026-08-09 22:56:59,774 - [Supervisor] - INFO - 检查周期 #3309
2026-08-09 22:57:21,104 - [Supervisor] - INFO - 检查周期 #3310
2026-08-09 22:57:42,456 - [Supervisor] - INFO - 检查周期 #3311
2026-08-09 22:58:03,771 - [Supervisor] - INFO - 检查周期 #3312
2026-08-09 22:58:25,240 - [Supervisor] - INFO - 检查周期 #3313
2026-08-09 22:58:46,639 - [Supervisor] - INFO - 检查周期 #3314
2026-08-09 22:59:07,925 - [Supervisor] - INFO - 检查周期 #3315
2026-08-09 22:59:29,413 - [Supervisor] - INFO - 检查周期 #3316
2026-08-09 22:59:50,715 - [Supervisor] - INFO - 检查周期 #3317
2026-08-09 23:00:12,016 - [Supervisor] - INFO - 检查周期 #3318
2026-08-09 23:00:33,364 - [Supervisor] - INFO - 检查周期 #3319
2026-08-09 23:00:54,640 - [Supervisor] - INFO - 检查周期 #3320
2026-08-09 23:01:15,905 - [Supervisor] - INFO - 检查周期 #3321
2026-08-09 23:01:37,193 - [Supervisor] - INFO - 检查周期 #3322
2026-08-09 23:01:58,567 - [Supervisor] - INFO - 检查周期 #3323
2026-08-09 23:02:20,091 - [Supervisor] - INFO - 检查周期 #3324
2026-08-09 23:02:41,564 - [Supervisor] - INFO - 检查周期 #3325
2026-08-09 23:03:02,822 - [Supervisor] - INFO - 检查周期 #3326
2026-08-09 23:03:24,176 - [Supervisor] - INFO - 检查周期 #3327
2026-08-09 23:03:45,577 - [Supervisor] - INFO - 检查周期 #3328
2026-08-09 23:04:06,872 - [Supervisor] - INFO - 检查周期 #3329
2026-08-09 23:04:28,112 - [Supervisor] - INFO - 检查周期 #3330
2026-08-09 23:04:49,442 - [Supervisor] - INFO - 检查周期 #3331
2026-08-09 23:05:10,763 - [Supervisor] - INFO - 检查周期 #3332
2026-08-09 23:05:32,108 - [Supervisor] - INFO - 检查周期 #3333
2026-08-09 23:05:53,395 - [Supervisor] - INFO - 检查周期 #3334
2026-08-09 23:06:14,676 - [Supervisor] - INFO - 检查周期 #3335
2026-08-09 23:06:36,117 - [Supervisor] - INFO - 检查周期 #3336
2026-08-09 23:06:57,561 - [Supervisor] - INFO - 检查周期 #3337
2026-08-09 23:07:18,821 - [Supervisor] - INFO - 检查周期 #3338
2026-08-09 23:07:40,108 - [Supervisor] - INFO - 检查周期 #3339
2026-08-09 23:08:01,422 - [Supervisor] - INFO - 检查周期 #3340
2026-08-09 23:08:22,716 - [Supervisor] - INFO - 检查周期 #3341
2026-08-09 23:08:44,155 - [Supervisor] - INFO - 检查周期 #3342
2026-08-09 23:09:05,617 - [Supervisor] - INFO - 检查周期 #3343
2026-08-09 23:09:26,967 - [Supervisor] - INFO - 检查周期 #3344
2026-08-09 23:09:48,320 - [Supervisor] - INFO - 检查周期 #3345
2026-08-09 23:10:09,695 - [Supervisor] - INFO - 检查周期 #3346
2026-08-09 23:10:31,058 - [Supervisor] - INFO - 检查周期 #3347
2026-08-09 23:10:52,347 - [Supervisor] - INFO - 检查周期 #3348
2026-08-09 23:11:14,047 - [Supervisor] - INFO - 检查周期 #3349
2026-08-09 23:11:35,623 - [Supervisor] - INFO - 检查周期 #3350
2026-08-09 23:11:56,987 - [Supervisor] - INFO - 检查周期 #3351
2026-08-09 23:12:18,285 - [Supervisor] - INFO - 检查周期 #3352
2026-08-09 23:12:39,636 - [Supervisor] - INFO - 检查周期 #3353
2026-08-09 23:13:00,946 - [Supervisor] - INFO - 检查周期 #3354
2026-08-09 23:13:22,864 - [Supervisor] - INFO - 检查周期 #3355
2026-08-09 23:13:44,181 - [Supervisor] - INFO - 检查周期 #3356
2026-08-09 23:14:05,499 - [Supervisor] - INFO - 检查周期 #3357
2026-08-09 23:14:26,890 - [Supervisor] - INFO - 检查周期 #3358
2026-08-09 23:14:48,330 - [Supervisor] - INFO - 检查周期 #3359
2026-08-09 23:15:09,626 - [Supervisor] - INFO - 检查周期 #3360
2026-08-09 23:15:30,922 - [Supervisor] - INFO - 检查周期 #3361
2026-08-09 23:15:52,203 - [Supervisor] - INFO - 检查周期 #3362
2026-08-09 23:16:13,493 - [Supervisor] - INFO - 检查周期 #3363
2026-08-09 23:16:34,804 - [Supervisor] - INFO - 检查周期 #3364
2026-08-09 23:16:56,142 - [Supervisor] - INFO - 检查周期 #3365
2026-08-09 23:17:17,432 - [Supervisor] - INFO - 检查周期 #3366
2026-08-09 23:17:38,776 - [Supervisor] - INFO - 检查周期 #3367
2026-08-09 23:18:00,172 - [Supervisor] - INFO - 检查周期 #3368
2026-08-09 23:18:21,507 - [Supervisor] - INFO - 检查周期 #3369
2026-08-09 23:18:42,869 - [Supervisor] - INFO - 检查周期 #3370
2026-08-09 23:19:04,204 - [Supervisor] - INFO - 检查周期 #3371
2026-08-09 23:19:25,609 - [Supervisor] - INFO - 检查周期 #3372
2026-08-09 23:19:46,914 - [Supervisor] - INFO - 检查周期 #3373
2026-08-09 23:20:08,284 - [Supervisor] - INFO - 检查周期 #3374
2026-08-09 23:20:29,640 - [Supervisor] - INFO - 检查周期 #3375
2026-08-09 23:20:50,919 - [Supervisor] - INFO - 检查周期 #3376
2026-08-09 23:21:12,290 - [Supervisor] - INFO - 检查周期 #3377
2026-08-09 23:21:33,796 - [Supervisor] - INFO - 检查周期 #3378
2026-08-09 23:21:55,139 - [Supervisor] - INFO - 检查周期 #3379
2026-08-09 23:22:16,466 - [Supervisor] - INFO - 检查周期 #3380
2026-08-09 23:22:37,861 - [Supervisor] - INFO - 检查周期 #3381
2026-08-09 23:22:59,211 - [Supervisor] - INFO - 检查周期 #3382
2026-08-09 23:23:20,524 - [Supervisor] - INFO - 检查周期 #3383
2026-08-09 23:23:41,932 - [Supervisor] - INFO - 检查周期 #3384
2026-08-09 23:24:03,240 - [Supervisor] - INFO - 检查周期 #3385
2026-08-09 23:24:24,591 - [Supervisor] - INFO - 检查周期 #3386
2026-08-09 23:24:46,036 - [Supervisor] - INFO - 检查周期 #3387
2026-08-09 23:25:07,357 - [Supervisor] - INFO - 检查周期 #3388
2026-08-09 23:25:28,679 - [Supervisor] - INFO - 检查周期 #3389
2026-08-09 23:25:50,030 - [Supervisor] - INFO - 检查周期 #3390
2026-08-09 23:26:11,340 - [Supervisor] - INFO - 检查周期 #3391
2026-08-09 23:26:32,766 - [Supervisor] - INFO - 检查周期 #3392
2026-08-09 23:26:54,242 - [Supervisor] - INFO - 检查周期 #3393
2026-08-09 23:27:15,620 - [Supervisor] - INFO - 检查周期 #3394
2026-08-09 23:27:36,933 - [Supervisor] - INFO - 检查周期 #3395
2026-08-09 23:27:58,212 - [Supervisor] - INFO - 检查周期 #3396
2026-08-09 23:28:19,737 - [Supervisor] - INFO - 检查周期 #3397
2026-08-09 23:28:41,065 - [Supervisor] - INFO - 检查周期 #3398
2026-08-09 23:29:02,508 - [Supervisor] - INFO - 检查周期 #3399
2026-08-09 23:29:23,843 - [Supervisor] - INFO - 检查周期 #3400
2026-08-09 23:29:45,460 - [Supervisor] - INFO - 检查周期 #3401
2026-08-09 23:30:06,754 - [Supervisor] - INFO - 检查周期 #3402
2026-08-09 23:30:28,059 - [Supervisor] - INFO - 检查周期 #3403
2026-08-09 23:30:49,415 - [Supervisor] - INFO - 检查周期 #3404
2026-08-09 23:31:10,770 - [Supervisor] - INFO - 检查周期 #3405
2026-08-09 23:31:32,220 - [Supervisor] - INFO - 检查周期 #3406
2026-08-09 23:31:53,502 - [Supervisor] - INFO - 检查周期 #3407
2026-08-09 23:32:14,820 - [Supervisor] - INFO - 检查周期 #3408
2026-08-09 23:32:36,221 - [Supervisor] - INFO - 检查周期 #3409
2026-08-09 23:32:57,754 - [Supervisor] - INFO - 检查周期 #3410
2026-08-09 23:33:19,212 - [Supervisor] - INFO - 检查周期 #3411
2026-08-09 23:33:40,848 - [Supervisor] - INFO - 检查周期 #3412
2026-08-09 23:34:02,164 - [Supervisor] - INFO - 检查周期 #3413
2026-08-09 23:34:23,477 - [Supervisor] - INFO - 检查周期 #3414
2026-08-09 23:34:44,914 - [Supervisor] - INFO - 检查周期 #3415
2026-08-09 23:35:06,196 - [Supervisor] - INFO - 检查周期 #3416
2026-08-09 23:35:27,492 - [Supervisor] - INFO - 检查周期 #3417
2026-08-09 23:35:48,891 - [Supervisor] - INFO - 检查周期 #3418
2026-08-09 23:36:10,236 - [Supervisor] - INFO - 检查周期 #3419
2026-08-09 23:36:31,505 - [Supervisor] - INFO - 检查周期 #3420
2026-08-09 23:36:52,972 - [Supervisor] - INFO - 检查周期 #3421
2026-08-09 23:37:14,217 - [Supervisor] - INFO - 检查周期 #3422
2026-08-09 23:37:35,556 - [Supervisor] - INFO - 检查周期 #3423
2026-08-09 23:37:56,863 - [Supervisor] - INFO - 检查周期 #3424
2026-08-09 23:38:18,169 - [Supervisor] - INFO - 检查周期 #3425
2026-08-09 23:38:39,487 - [Supervisor] - INFO - 检查周期 #3426
2026-08-09 23:39:00,943 - [Supervisor] - INFO - 检查周期 #3427
2026-08-09 23:39:22,373 - [Supervisor] - INFO - 检查周期 #3428
2026-08-09 23:39:43,931 - [Supervisor] - INFO - 检查周期 #3429
2026-08-09 23:40:05,504 - [Supervisor] - INFO - 检查周期 #3430
2026-08-09 23:40:26,794 - [Supervisor] - INFO - 检查周期 #3431
2026-08-09 23:40:48,276 - [Supervisor] - INFO - 检查周期 #3432
2026-08-09 23:41:09,661 - [Supervisor] - INFO - 检查周期 #3433
2026-08-09 23:41:30,992 - [Supervisor] - INFO - 检查周期 #3434
2026-08-09 23:41:52,467 - [Supervisor] - INFO - 检查周期 #3435
2026-08-09 23:42:13,802 - [Supervisor] - INFO - 检查周期 #3436
2026-08-09 23:42:35,138 - [Supervisor] - INFO - 检查周期 #3437
2026-08-09 23:42:57,017 - [Supervisor] - INFO - 检查周期 #3438
2026-08-09 23:43:18,318 - [Supervisor] - INFO - 检查周期 #3439
2026-08-09 23:43:39,633 - [Supervisor] - INFO - 检查周期 #3440
2026-08-09 23:44:00,976 - [Supervisor] - INFO - 检查周期 #3441
2026-08-09 23:44:22,275 - [Supervisor] - INFO - 检查周期 #3442
2026-08-09 23:44:43,616 - [Supervisor] - INFO - 检查周期 #3443
2026-08-09 23:45:04,770 - [Supervisor] - INFO - 检查周期 #3444
2026-08-09 23:45:26,264 - [Supervisor] - INFO - 检查周期 #3445
2026-08-09 23:45:47,732 - [Supervisor] - INFO - 检查周期 #3446
2026-08-09 23:46:09,077 - [Supervisor] - INFO - 检查周期 #3447
2026-08-09 23:46:30,385 - [Supervisor] - INFO - 检查周期 #3448
2026-08-09 23:46:51,868 - [Supervisor] - INFO - 检查周期 #3449
2026-08-09 23:47:13,168 - [Supervisor] - INFO - 检查周期 #3450
2026-08-09 23:47:34,440 - [Supervisor] - INFO - 检查周期 #3451
2026-08-09 23:47:55,947 - [Supervisor] - INFO - 检查周期 #3452
2026-08-09 23:48:17,217 - [Supervisor] - INFO - 检查周期 #3453
2026-08-09 23:48:38,564 - [Supervisor] - INFO - 检查周期 #3454
2026-08-09 23:49:00,085 - [Supervisor] - INFO - 检查周期 #3455
2026-08-09 23:49:21,565 - [Supervisor] - INFO - 检查周期 #3456
2026-08-09 23:49:43,029 - [Supervisor] - INFO - 检查周期 #3457
2026-08-09 23:50:04,382 - [Supervisor] - INFO - 检查周期 #3458
2026-08-09 23:50:25,774 - [Supervisor] - INFO - 检查周期 #3459
2026-08-09 23:50:47,140 - [Supervisor] - INFO - 检查周期 #3460
2026-08-09 23:51:08,447 - [Supervisor] - INFO - 检查周期 #3461
2026-08-09 23:51:29,745 - [Supervisor] - INFO - 检查周期 #3462
2026-08-09 23:51:51,329 - [Supervisor] - INFO - 检查周期 #3463
2026-08-09 23:52:13,004 - [Supervisor] - INFO - 检查周期 #3464
2026-08-09 23:52:34,330 - [Supervisor] - INFO - 检查周期 #3465
2026-08-09 23:52:55,663 - [Supervisor] - INFO - 检查周期 #3466
2026-08-09 23:53:16,975 - [Supervisor] - INFO - 检查周期 #3467
2026-08-09 23:53:38,296 - [Supervisor] - INFO - 检查周期 #3468
2026-08-09 23:53:59,578 - [Supervisor] - INFO - 检查周期 #3469
2026-08-09 23:54:20,885 - [Supervisor] - INFO - 检查周期 #3470
2026-08-09 23:54:42,178 - [Supervisor] - INFO - 检查周期 #3471
2026-08-09 23:55:03,632 - [Supervisor] - INFO - 检查周期 #3472
2026-08-09 23:55:24,952 - [Supervisor] - INFO - 检查周期 #3473
2026-08-09 23:55:46,312 - [Supervisor] - INFO - 检查周期 #3474
2026-08-09 23:56:07,695 - [Supervisor] - INFO - 检查周期 #3475
2026-08-09 23:56:29,021 - [Supervisor] - INFO - 检查周期 #3476
2026-08-09 23:56:50,334 - [Supervisor] - INFO - 检查周期 #3477
2026-08-09 23:57:11,633 - [Supervisor] - INFO - 检查周期 #3478
2026-08-09 23:57:32,934 - [Supervisor] - INFO - 检查周期 #3479
2026-08-09 23:57:54,357 - [Supervisor] - INFO - 检查周期 #3480
2026-08-09 23:58:15,655 - [Supervisor] - INFO - 检查周期 #3481
2026-08-09 23:58:36,976 - [Supervisor] - INFO - 检查周期 #3482
2026-08-09 23:58:58,405 - [Supervisor] - INFO - 检查周期 #3483
2026-08-09 23:59:19,670 - [Supervisor] - INFO - 检查周期 #3484
2026-08-09 23:59:40,979 - [Supervisor] - INFO - 检查周期 #3485
2026-08-10 00:00:02,395 - [Supervisor] - INFO - 检查周期 #3486
2026-08-10 00:00:23,752 - [Supervisor] - INFO - 检查周期 #3487
2026-08-10 00:00:45,079 - [Supervisor] - INFO - 检查周期 #3488
2026-08-10 00:01:06,429 - [Supervisor] - INFO - 检查周期 #3489
2026-08-10 00:01:27,743 - [Supervisor] - INFO - 检查周期 #3490
2026-08-10 00:01:49,046 - [Supervisor] - INFO - 检查周期 #3491
2026-08-10 00:02:10,340 - [Supervisor] - INFO - 检查周期 #3492
2026-08-10 00:02:31,647 - [Supervisor] - INFO - 检查周期 #3493
2026-08-10 00:02:52,938 - [Supervisor] - INFO - 检查周期 #3494
2026-08-10 00:03:14,251 - [Supervisor] - INFO - 检查周期 #3495
2026-08-10 00:03:35,617 - [Supervisor] - INFO - 检查周期 #3496
2026-08-10 00:03:56,919 - [Supervisor] - INFO - 检查周期 #3497
2026-08-10 00:04:18,432 - [Supervisor] - INFO - 检查周期 #3498
2026-08-10 00:04:39,840 - [Supervisor] - INFO - 检查周期 #3499
2026-08-10 00:05:01,139 - [Supervisor] - INFO - 检查周期 #3500
2026-08-10 00:05:22,542 - [Supervisor] - INFO - 检查周期 #3501
2026-08-10 00:05:43,832 - [Supervisor] - INFO - 检查周期 #3502
2026-08-10 00:06:05,109 - [Supervisor] - INFO - 检查周期 #3503
2026-08-10 00:06:26,369 - [Supervisor] - INFO - 检查周期 #3504
2026-08-10 00:06:47,703 - [Supervisor] - INFO - 检查周期 #3505
2026-08-10 00:07:09,114 - [Supervisor] - INFO - 检查周期 #3506
2026-08-10 00:07:30,415 - [Supervisor] - INFO - 检查周期 #3507
2026-08-10 00:07:51,688 - [Supervisor] - INFO - 检查周期 #3508
2026-08-10 00:08:13,014 - [Supervisor] - INFO - 检查周期 #3509
2026-08-10 00:08:34,348 - [Supervisor] - INFO - 检查周期 #3510
2026-08-10 00:08:55,685 - [Supervisor] - INFO - 检查周期 #3511
2026-08-10 00:09:16,965 - [Supervisor] - INFO - 检查周期 #3512
2026-08-10 00:09:38,502 - [Supervisor] - INFO - 检查周期 #3513
2026-08-10 00:10:00,054 - [Supervisor] - INFO - 检查周期 #3514
2026-08-10 00:10:21,415 - [Supervisor] - INFO - 检查周期 #3515
2026-08-10 00:10:42,845 - [Supervisor] - INFO - 检查周期 #3516
2026-08-10 00:11:04,477 - [Supervisor] - INFO - 检查周期 #3517
2026-08-10 00:11:25,753 - [Supervisor] - INFO - 检查周期 #3518
2026-08-10 00:11:47,126 - [Supervisor] - INFO - 检查周期 #3519
2026-08-10 00:12:08,518 - [Supervisor] - INFO - 检查周期 #3520
2026-08-10 00:12:29,888 - [Supervisor] - INFO - 检查周期 #3521
2026-08-10 00:12:51,332 - [Supervisor] - INFO - 检查周期 #3522
2026-08-10 00:13:12,658 - [Supervisor] - INFO - 检查周期 #3523
2026-08-10 00:13:34,109 - [Supervisor] - INFO - 检查周期 #3524
2026-08-10 00:13:55,520 - [Supervisor] - INFO - 检查周期 #3525
2026-08-10 00:14:16,833 - [Supervisor] - INFO - 检查周期 #3526
2026-08-10 00:14:38,133 - [Supervisor] - INFO - 检查周期 #3527
2026-08-10 00:14:59,482 - [Supervisor] - INFO - 检查周期 #3528
2026-08-10 00:15:20,864 - [Supervisor] - INFO - 检查周期 #3529
2026-08-10 00:15:42,392 - [Supervisor] - INFO - 检查周期 #3530
2026-08-10 00:16:04,325 - [Supervisor] - INFO - 检查周期 #3531
2026-08-10 00:16:25,654 - [Supervisor] - INFO - 检查周期 #3532
2026-08-10 00:16:46,919 - [Supervisor] - INFO - 检查周期 #3533
2026-08-10 00:17:08,266 - [Supervisor] - INFO - 检查周期 #3534
2026-08-10 00:17:29,603 - [Supervisor] - INFO - 检查周期 #3535
2026-08-10 00:17:50,811 - [Supervisor] - INFO - 检查周期 #3536
2026-08-10 00:18:12,102 - [Supervisor] - INFO - 检查周期 #3537
2026-08-10 00:18:33,517 - [Supervisor] - INFO - 检查周期 #3538
2026-08-10 00:18:54,970 - [Supervisor] - INFO - 检查周期 #3539
2026-08-10 00:19:16,465 - [Supervisor] - INFO - 检查周期 #3540
2026-08-10 00:19:37,770 - [Supervisor] - INFO - 检查周期 #3541
2026-08-10 00:19:59,096 - [Supervisor] - INFO - 检查周期 #3542
2026-08-10 00:20:20,444 - [Supervisor] - INFO - 检查周期 #3543
2026-08-10 00:20:41,797 - [Supervisor] - INFO - 检查周期 #3544
2026-08-10 00:21:03,099 - [Supervisor] - INFO - 检查周期 #3545
2026-08-10 00:21:24,435 - [Supervisor] - INFO - 检查周期 #3546
2026-08-10 00:21:46,294 - [Supervisor] - INFO - 检查周期 #3547
2026-08-10 00:22:07,859 - [Supervisor] - INFO - 检查周期 #3548
2026-08-10 00:22:29,192 - [Supervisor] - INFO - 检查周期 #3549
2026-08-10 00:22:50,748 - [Supervisor] - INFO - 检查周期 #3550
2026-08-10 00:23:12,096 - [Supervisor] - INFO - 检查周期 #3551
2026-08-10 00:23:33,390 - [Supervisor] - INFO - 检查周期 #3552
2026-08-10 00:23:54,720 - [Supervisor] - INFO - 检查周期 #3553
2026-08-10 00:24:16,182 - [Supervisor] - INFO - 检查周期 #3554
2026-08-10 00:24:37,531 - [Supervisor] - INFO - 检查周期 #3555
2026-08-10 00:24:58,843 - [Supervisor] - INFO - 检查周期 #3556
2026-08-10 00:25:20,176 - [Supervisor] - INFO - 检查周期 #3557
2026-08-10 00:25:41,641 - [Supervisor] - INFO - 检查周期 #3558
2026-08-10 00:26:02,996 - [Supervisor] - INFO - 检查周期 #3559
2026-08-10 00:26:24,297 - [Supervisor] - INFO - 检查周期 #3560
2026-08-10 00:26:45,706 - [Supervisor] - INFO - 检查周期 #3561
2026-08-10 00:27:07,057 - [Supervisor] - INFO - 检查周期 #3562
2026-08-10 00:27:28,394 - [Supervisor] - INFO - 检查周期 #3563
2026-08-10 00:27:49,855 - [Supervisor] - INFO - 检查周期 #3564
2026-08-10 00:28:11,133 - [Supervisor] - INFO - 检查周期 #3565
2026-08-10 00:28:32,390 - [Supervisor] - INFO - 检查周期 #3566
2026-08-10 00:28:53,840 - [Supervisor] - INFO - 检查周期 #3567
2026-08-10 00:29:15,145 - [Supervisor] - INFO - 检查周期 #3568
2026-08-10 00:29:37,111 - [Supervisor] - INFO - 检查周期 #3569
2026-08-10 00:29:58,812 - [Supervisor] - INFO - 检查周期 #3570
2026-08-10 00:30:20,452 - [Supervisor] - INFO - 检查周期 #3571
2026-08-10 00:30:42,112 - [Supervisor] - INFO - 检查周期 #3572
2026-08-10 00:31:04,605 - [Supervisor] - INFO - 检查周期 #3573
2026-08-10 00:31:26,646 - [Supervisor] - INFO - 检查周期 #3574
2026-08-10 00:31:48,026 - [Supervisor] - INFO - 检查周期 #3575
2026-08-10 00:32:09,380 - [Supervisor] - INFO - 检查周期 #3576
2026-08-10 00:32:30,722 - [Supervisor] - INFO - 检查周期 #3577
2026-08-10 00:32:52,186 - [Supervisor] - INFO - 检查周期 #3578
2026-08-10 00:33:13,513 - [Supervisor] - INFO - 检查周期 #3579
2026-08-10 00:33:34,835 - [Supervisor] - INFO - 检查周期 #3580
2026-08-10 00:33:56,357 - [Supervisor] - INFO - 检查周期 #3581
2026-08-10 00:34:17,723 - [Supervisor] - INFO - 检查周期 #3582
2026-08-10 00:34:39,041 - [Supervisor] - INFO - 检查周期 #3583
2026-08-10 00:35:00,386 - [Supervisor] - INFO - 检查周期 #3584
2026-08-10 00:35:22,006 - [Supervisor] - INFO - 检查周期 #3585
2026-08-10 00:35:43,341 - [Supervisor] - INFO - 检查周期 #3586
2026-08-10 00:36:04,863 - [Supervisor] - INFO - 检查周期 #3587
2026-08-10 00:36:26,188 - [Supervisor] - INFO - 检查周期 #3588
2026-08-10 00:36:47,512 - [Supervisor] - INFO - 检查周期 #3589
2026-08-10 00:37:08,809 - [Supervisor] - INFO - 检查周期 #3590
2026-08-10 00:37:30,128 - [Supervisor] - INFO - 检查周期 #3591
2026-08-10 00:37:51,497 - [Supervisor] - INFO - 检查周期 #3592
2026-08-10 00:38:12,650 - [Supervisor] - INFO - 检查周期 #3593
2026-08-10 00:38:34,231 - [Supervisor] - INFO - 检查周期 #3594
2026-08-10 00:38:55,517 - [Supervisor] - INFO - 检查周期 #3595
2026-08-10 00:39:16,823 - [Supervisor] - INFO - 检查周期 #3596
2026-08-10 00:39:38,172 - [Supervisor] - INFO - 检查周期 #3597
2026-08-10 00:39:59,601 - [Supervisor] - INFO - 检查周期 #3598
2026-08-10 00:40:20,979 - [Supervisor] - INFO - 检查周期 #3599
2026-08-10 00:40:42,280 - [Supervisor] - INFO - 检查周期 #3600
2026-08-10 00:41:03,640 - [Supervisor] - INFO - 检查周期 #3601
2026-08-10 00:41:24,957 - [Supervisor] - INFO - 检查周期 #3602
2026-08-10 00:41:46,283 - [Supervisor] - INFO - 检查周期 #3603
2026-08-10 00:42:07,599 - [Supervisor] - INFO - 检查周期 #3604
2026-08-10 00:42:29,016 - [Supervisor] - INFO - 检查周期 #3605
2026-08-10 00:42:50,359 - [Supervisor] - INFO - 检查周期 #3606
2026-08-10 00:43:11,740 - [Supervisor] - INFO - 检查周期 #3607
2026-08-10 00:43:33,194 - [Supervisor] - INFO - 检查周期 #3608
2026-08-10 00:43:54,524 - [Supervisor] - INFO - 检查周期 #3609
2026-08-10 00:44:15,915 - [Supervisor] - INFO - 检查周期 #3610
2026-08-10 00:44:37,237 - [Supervisor] - INFO - 检查周期 #3611
2026-08-10 00:44:58,692 - [Supervisor] - INFO - 检查周期 #3612
2026-08-10 11:25:32,918 - [Supervisor] - INFO - === Supervisor v1.1 启动 ===
2026-08-10 11:25:32,932 - [Supervisor] - INFO - BASE=/root/loyanbot
2026-08-10 11:25:32,932 - [Supervisor] - INFO - WORKSPACE=/workspace
2026-08-10 11:25:32,932 - [Supervisor] - INFO - 清理僵尸 PID 文件: http_server.pid (PID=6777)
2026-08-10 11:25:32,936 - [Supervisor] - INFO - 清理僵尸 PID 文件: keeper_external.pid (PID=6009)
2026-08-10 11:25:32,937 - [Supervisor] - INFO - 清理僵尸 PID 文件: keeper_system.pid (PID=6010)
2026-08-10 11:25:32,938 - [Supervisor] - INFO - 清理僵尸 PID 文件: keeper_platform.pid (PID=6011)
2026-08-10 11:25:32,938 - [Supervisor] - INFO - 清理僵尸 PID 文件: keeper_terminal.pid (PID=6012)
2026-08-10 11:25:32,938 - [Supervisor] - INFO - 启动 http_server...
2026-08-10 11:25:32,948 - [Supervisor] - INFO - http_server 已启动 PID=21502
2026-08-10 11:25:32,949 - [Supervisor] - INFO - 启动 keeper_external...
2026-08-10 11:25:32,960 - [Supervisor] - INFO - keeper_external 已启动 PID=21503
2026-08-10 11:25:32,960 - [Supervisor] - INFO - 启动 keeper_system...
2026-08-10 11:25:32,968 - [Supervisor] - INFO - keeper_system 已启动 PID=21504
2026-08-10 11:25:32,968 - [Supervisor] - INFO - 启动 keeper_platform...
2026-08-10 11:25:32,980 - [Supervisor] - INFO - keeper_platform 已启动 PID=21505
2026-08-10 11:25:32,980 - [Supervisor] - INFO - 启动 keeper_terminal...
2026-08-10 11:25:32,988 - [Supervisor] - INFO - keeper_terminal 已启动 PID=21506
2026-08-10 11:25:52,989 - [Supervisor] - INFO - 检查周期 #1
2026-08-10 11:26:14,323 - [Supervisor] - INFO - 检查周期 #2
2026-08-10 11:26:36,076 - [Supervisor] - INFO - 检查周期 #3
2026-08-10 11:26:57,622 - [Supervisor] - INFO - 检查周期 #4
2026-08-10 11:27:18,976 - [Supervisor] - INFO - 检查周期 #5
2026-08-10 11:27:40,550 - [Supervisor] - INFO - 检查周期 #6
2026-08-10 11:28:02,147 - [Supervisor] - INFO - 检查周期 #7
2026-08-10 11:28:23,557 - [Supervisor] - INFO - 检查周期 #8
2026-08-10 11:28:45,010 - [Supervisor] - INFO - 检查周期 #9
2026-08-10 11:29:06,524 - [Supervisor] - INFO - 检查周期 #10
2026-08-10 11:29:27,964 - [Supervisor] - INFO - 检查周期 #11
2026-08-10 11:29:49,368 - [Supervisor] - INFO - 检查周期 #12
2026-08-10 11:30:10,386 - [Supervisor] - INFO - 检查周期 #13
2026-08-10 11:30:31,908 - [Supervisor] - INFO - 检查周期 #14
2026-08-10 11:30:53,253 - [Supervisor] - INFO - 检查周期 #15
2026-08-10 11:31:14,625 - [Supervisor] - INFO - 检查周期 #16
2026-08-10 11:31:35,968 - [Supervisor] - INFO - 检查周期 #17
2026-08-10 11:31:57,335 - [Supervisor] - INFO - 检查周期 #18
2026-08-10 11:32:20,702 - [Supervisor] - INFO - 检查周期 #19
2026-08-10 11:32:44,285 - [Supervisor] - INFO - 检查周期 #20
2026-08-10 11:33:06,006 - [Supervisor] - INFO - 检查周期 #21
2026-08-10 11:33:27,796 - [Supervisor] - INFO - 检查周期 #22
2026-08-10 11:33:49,153 - [Supervisor] - INFO - 检查周期 #23
2026-08-10 11:34:10,487 - [Supervisor] - INFO - 检查周期 #24
2026-08-10 11:34:31,923 - [Supervisor] - INFO - 检查周期 #25
2026-08-10 11:34:53,323 - [Supervisor] - INFO - 检查周期 #26
2026-08-10 11:35:14,698 - [Supervisor] - INFO - 检查周期 #27
2026-08-10 11:35:36,064 - [Supervisor] - INFO - 检查周期 #28
2026-08-10 11:35:57,514 - [Supervisor] - INFO - 检查周期 #29
2026-08-10 11:36:19,094 - [Supervisor] - INFO - 检查周期 #30
2026-08-10 11:36:40,602 - [Supervisor] - INFO - 检查周期 #31
2026-08-10 11:37:02,151 - [Supervisor] - INFO - 检查周期 #32
2026-08-10 11:37:23,521 - [Supervisor] - INFO - 检查周期 #33
2026-08-10 11:37:44,880 - [Supervisor] - INFO - 检查周期 #34
2026-08-10 11:38:06,310 - [Supervisor] - INFO - 检查周期 #35
2026-08-10 11:38:27,672 - [Supervisor] - INFO - 检查周期 #36
2026-08-10 11:38:49,081 - [Supervisor] - INFO - 检查周期 #37
2026-08-10 11:39:10,497 - [Supervisor] - INFO - 检查周期 #38
2026-08-10 11:39:31,862 - [Supervisor] - INFO - 检查周期 #39
2026-08-10 11:39:53,598 - [Supervisor] - INFO - 检查周期 #40
2026-08-10 11:40:15,091 - [Supervisor] - INFO - 检查周期 #41
2026-08-10 11:40:36,616 - [Supervisor] - INFO - 检查周期 #42
2026-08-10 11:40:58,002 - [Supervisor] - INFO - 检查周期 #43
2026-08-10 11:41:19,301 - [Supervisor] - INFO - 检查周期 #44
2026-08-10 11:41:40,753 - [Supervisor] - INFO - 检查周期 #45
2026-08-10 11:42:02,249 - [Supervisor] - INFO - 检查周期 #46
2026-08-10 11:42:23,584 - [Supervisor] - INFO - 检查周期 #47
2026-08-10 11:42:44,934 - [Supervisor] - INFO - 检查周期 #48
2026-08-10 11:43:06,378 - [Supervisor] - INFO - 检查周期 #49
2026-08-10 11:43:27,952 - [Supervisor] - INFO - 检查周期 #50
2026-08-10 11:43:49,324 - [Supervisor] - INFO - 检查周期 #51
2026-08-10 11:44:11,925 - [Supervisor] - INFO - 检查周期 #52
2026-08-10 11:44:33,317 - [Supervisor] - INFO - 检查周期 #53
2026-08-10 11:44:54,613 - [Supervisor] - INFO - 检查周期 #54
2026-08-10 11:45:16,840 - [Supervisor] - INFO - 检查周期 #55
2026-08-10 11:45:38,179 - [Supervisor] - INFO - 检查周期 #56
2026-08-10 11:45:59,599 - [Supervisor] - INFO - 检查周期 #57
2026-08-10 11:46:20,925 - [Supervisor] - INFO - 检查周期 #58
2026-08-10 11:46:42,236 - [Supervisor] - INFO - 检查周期 #59
2026-08-10 11:47:03,557 - [Supervisor] - INFO - 检查周期 #60
2026-08-10 11:47:24,959 - [Supervisor] - INFO - 检查周期 #61
2026-08-10 11:47:46,356 - [Supervisor] - INFO - 检查周期 #62
2026-08-10 11:48:07,727 - [Supervisor] - INFO - 检查周期 #63
2026-08-10 11:48:29,222 - [Supervisor] - INFO - 检查周期 #64
2026-08-10 11:48:50,713 - [Supervisor] - INFO - 检查周期 #65
2026-08-10 11:49:12,108 - [Supervisor] - INFO - 检查周期 #66
2026-08-10 11:49:33,830 - [Supervisor] - INFO - 检查周期 #67
2026-08-10 11:49:55,384 - [Supervisor] - INFO - 检查周期 #68
2026-08-10 11:50:16,878 - [Supervisor] - INFO - 检查周期 #69
2026-08-10 11:50:38,444 - [Supervisor] - INFO - 检查周期 #70
2026-08-10 11:50:59,932 - [Supervisor] - INFO - 检查周期 #71
2026-08-10 11:51:21,299 - [Supervisor] - INFO - 检查周期 #72
2026-08-10 11:51:42,834 - [Supervisor] - INFO - 检查周期 #73
2026-08-10 11:52:04,282 - [Supervisor] - INFO - 检查周期 #74
2026-08-10 11:52:25,683 - [Supervisor] - INFO - 检查周期 #75
2026-08-10 11:52:47,146 - [Supervisor] - INFO - 检查周期 #76
2026-08-10 11:53:08,522 - [Supervisor] - INFO - 检查周期 #77
2026-08-10 11:53:30,012 - [Supervisor] - INFO - 检查周期 #78
2026-08-10 11:53:51,357 - [Supervisor] - INFO - 检查周期 #79
2026-08-10 11:54:12,729 - [Supervisor] - INFO - 检查周期 #80
2026-08-10 11:54:34,139 - [Supervisor] - INFO - 检查周期 #81
2026-08-10 11:54:55,501 - [Supervisor] - INFO - 检查周期 #82
2026-08-10 11:55:16,867 - [Supervisor] - INFO - 检查周期 #83
2026-08-10 11:55:38,441 - [Supervisor] - INFO - 检查周期 #84
2026-08-10 11:55:59,817 - [Supervisor] - INFO - 检查周期 #85
2026-08-10 11:56:21,271 - [Supervisor] - INFO - 检查周期 #86
2026-08-10 11:56:42,797 - [Supervisor] - INFO - 检查周期 #87
2026-08-10 11:57:04,494 - [Supervisor] - INFO - 检查周期 #88
2026-08-10 11:57:25,871 - [Supervisor] - INFO - 检查周期 #89
2026-08-10 11:57:47,228 - [Supervisor] - INFO - 检查周期 #90
2026-08-10 11:58:08,576 - [Supervisor] - INFO - 检查周期 #91
2026-08-10 11:58:30,374 - [Supervisor] - INFO - 检查周期 #92
2026-08-10 11:58:51,908 - [Supervisor] - INFO - 检查周期 #93
2026-08-10 11:59:13,305 - [Supervisor] - INFO - 检查周期 #94
2026-08-10 11:59:34,796 - [Supervisor] - INFO - 检查周期 #95
2026-08-10 11:59:56,346 - [Supervisor] - INFO - 检查周期 #96
2026-08-10 12:00:17,712 - [Supervisor] - INFO - 检查周期 #97
2026-08-10 12:00:39,316 - [Supervisor] - INFO - 检查周期 #98
2026-08-10 12:01:00,662 - [Supervisor] - INFO - 检查周期 #99
2026-08-10 12:01:22,157 - [Supervisor] - INFO - 检查周期 #100
2026-08-10 12:01:43,598 - [Supervisor] - INFO - 检查周期 #101
2026-08-10 12:02:04,993 - [Supervisor] - INFO - 检查周期 #102
2026-08-10 12:02:26,546 - [Supervisor] - INFO - 检查周期 #103
2026-08-10 12:02:47,927 - [Supervisor] - INFO - 检查周期 #104
2026-08-10 12:03:09,317 - [Supervisor] - INFO - 检查周期 #105
2026-08-10 12:03:30,699 - [Supervisor] - INFO - 检查周期 #106
2026-08-10 12:03:52,181 - [Supervisor] - INFO - 检查周期 #107
2026-08-10 12:04:13,486 - [Supervisor] - INFO - 检查周期 #108
2026-08-10 12:04:34,826 - [Supervisor] - INFO - 检查周期 #109
2026-08-10 12:04:56,185 - [Supervisor] - INFO - 检查周期 #110
2026-08-10 12:05:17,414 - [Supervisor] - INFO - 检查周期 #111
2026-08-10 12:05:38,755 - [Supervisor] - INFO - 检查周期 #112
2026-08-10 12:06:00,153 - [Supervisor] - INFO - 检查周期 #113
2026-08-10 12:06:21,474 - [Supervisor] - INFO - 检查周期 #114
2026-08-10 12:06:43,065 - [Supervisor] - INFO - 检查周期 #115
2026-08-10 12:07:04,423 - [Supervisor] - INFO - 检查周期 #116
2026-08-10 12:07:25,843 - [Supervisor] - INFO - 检查周期 #117
2026-08-10 12:07:47,285 - [Supervisor] - INFO - 检查周期 #118
2026-08-10 12:08:08,785 - [Supervisor] - INFO - 检查周期 #119
2026-08-10 12:08:30,128 - [Supervisor] - INFO - 检查周期 #120
2026-08-10 12:08:51,619 - [Supervisor] - INFO - 检查周期 #121
2026-08-10 12:09:13,052 - [Supervisor] - INFO - 检查周期 #122
2026-08-10 12:09:34,487 - [Supervisor] - INFO - 检查周期 #123
2026-08-10 12:09:56,124 - [Supervisor] - INFO - 检查周期 #124
2026-08-10 12:10:17,439 - [Supervisor] - INFO - 检查周期 #125
2026-08-10 12:10:38,896 - [Supervisor] - INFO - 检查周期 #126
2026-08-10 12:11:00,422 - [Supervisor] - INFO - 检查周期 #127
2026-08-10 12:11:21,859 - [Supervisor] - INFO - 检查周期 #128
2026-08-10 12:11:43,320 - [Supervisor] - INFO - 检查周期 #129
2026-08-10 12:12:04,677 - [Supervisor] - INFO - 检查周期 #130
2026-08-10 12:12:26,076 - [Supervisor] - INFO - 检查周期 #131
2026-08-10 12:12:47,560 - [Supervisor] - INFO - 检查周期 #132
2026-08-10 12:13:08,967 - [Supervisor] - INFO - 检查周期 #133
2026-08-10 12:13:30,326 - [Supervisor] - INFO - 检查周期 #134
2026-08-10 12:13:51,762 - [Supervisor] - INFO - 检查周期 #135
2026-08-10 12:14:13,110 - [Supervisor] - INFO - 检查周期 #136
2026-08-10 12:14:34,483 - [Supervisor] - INFO - 检查周期 #137
2026-08-10 12:14:56,091 - [Supervisor] - INFO - 检查周期 #138
2026-08-10 12:15:17,468 - [Supervisor] - INFO - 检查周期 #139
2026-08-10 12:15:38,844 - [Supervisor] - INFO - 检查周期 #140
2026-08-10 12:16:00,281 - [Supervisor] - INFO - 检查周期 #141
2026-08-10 12:16:21,733 - [Supervisor] - INFO - 检查周期 #142
2026-08-10 12:16:43,156 - [Supervisor] - INFO - 检查周期 #143
2026-08-10 12:17:04,549 - [Supervisor] - INFO - 检查周期 #144
2026-08-10 12:17:25,833 - [Supervisor] - INFO - 检查周期 #145
2026-08-10 12:17:47,193 - [Supervisor] - INFO - 检查周期 #146
2026-08-10 12:18:08,514 - [Supervisor] - INFO - 检查周期 #147
2026-08-10 12:18:29,866 - [Supervisor] - INFO - 检查周期 #148
2026-08-10 12:18:51,251 - [Supervisor] - INFO - 检查周期 #149
2026-08-10 12:19:12,681 - [Supervisor] - INFO - 检查周期 #150
2026-08-10 12:19:34,068 - [Supervisor] - INFO - 检查周期 #151
2026-08-10 12:19:55,360 - [Supervisor] - INFO - 检查周期 #152
2026-08-10 12:20:16,755 - [Supervisor] - INFO - 检查周期 #153
2026-08-10 12:20:38,235 - [Supervisor] - INFO - 检查周期 #154
2026-08-10 12:21:00,042 - [Supervisor] - INFO - 检查周期 #155
2026-08-10 12:21:21,416 - [Supervisor] - INFO - 检查周期 #156
2026-08-10 12:21:42,770 - [Supervisor] - INFO - 检查周期 #157
2026-08-10 12:22:04,570 - [Supervisor] - INFO - 检查周期 #158
2026-08-10 12:22:26,140 - [Supervisor] - INFO - 检查周期 #159
2026-08-10 12:22:47,570 - [Supervisor] - INFO - 检查周期 #160
2026-08-10 12:23:09,023 - [Supervisor] - INFO - 检查周期 #161
2026-08-10 12:23:30,389 - [Supervisor] - INFO - 检查周期 #162
2026-08-10 12:23:51,911 - [Supervisor] - INFO - 检查周期 #163
2026-08-10 12:24:13,280 - [Supervisor] - INFO - 检查周期 #164
2026-08-10 12:24:34,729 - [Supervisor] - INFO - 检查周期 #165
2026-08-10 12:24:56,185 - [Supervisor] - INFO - 检查周期 #166
2026-08-10 12:25:17,556 - [Supervisor] - INFO - 检查周期 #167
2026-08-10 12:25:38,921 - [Supervisor] - INFO - 检查周期 #168
2026-08-10 12:26:00,348 - [Supervisor] - INFO - 检查周期 #169
2026-08-10 12:26:21,765 - [Supervisor] - INFO - 检查周期 #170
2026-08-10 12:26:43,105 - [Supervisor] - INFO - 检查周期 #171
2026-08-10 12:27:04,412 - [Supervisor] - INFO - 检查周期 #172
2026-08-10 12:27:25,859 - [Supervisor] - INFO - 检查周期 #173
2026-08-10 12:27:47,283 - [Supervisor] - INFO - 检查周期 #174
2026-08-10 12:28:08,830 - [Supervisor] - INFO - 检查周期 #175
2026-08-10 12:28:30,517 - [Supervisor] - INFO - 检查周期 #176
2026-08-10 12:28:51,846 - [Supervisor] - INFO - 检查周期 #177
2026-08-10 12:29:13,143 - [Supervisor] - INFO - 检查周期 #178
2026-08-10 12:29:34,484 - [Supervisor] - INFO - 检查周期 #179
2026-08-10 12:29:55,843 - [Supervisor] - INFO - 检查周期 #180
2026-08-10 12:30:22,038 - [Supervisor] - INFO - 检查周期 #181
2026-08-10 12:30:43,402 - [Supervisor] - INFO - 检查周期 #182
2026-08-10 12:31:05,035 - [Supervisor] - INFO - 检查周期 #183
2026-08-10 12:31:26,489 - [Supervisor] - INFO - 检查周期 #184
2026-08-10 12:31:47,896 - [Supervisor] - INFO - 检查周期 #185
2026-08-10 12:32:09,357 - [Supervisor] - INFO - 检查周期 #186
2026-08-10 12:32:30,796 - [Supervisor] - INFO - 检查周期 #187
2026-08-10 12:32:52,182 - [Supervisor] - INFO - 检查周期 #188
2026-08-10 12:33:13,565 - [Supervisor] - INFO - 检查周期 #189
2026-08-10 12:33:35,063 - [Supervisor] - INFO - 检查周期 #190
2026-08-10 12:33:56,511 - [Supervisor] - INFO - 检查周期 #191
2026-08-10 12:34:17,893 - [Supervisor] - INFO - 检查周期 #192
2026-08-10 12:34:39,526 - [Supervisor] - INFO - 检查周期 #193
2026-08-10 12:35:01,198 - [Supervisor] - INFO - 检查周期 #194
2026-08-10 12:35:22,553 - [Supervisor] - INFO - 检查周期 #195
2026-08-10 12:35:44,007 - [Supervisor] - INFO - 检查周期 #196
2026-08-10 12:36:05,414 - [Supervisor] - INFO - 检查周期 #197
2026-08-10 12:36:26,810 - [Supervisor] - INFO - 检查周期 #198
2026-08-10 12:36:48,270 - [Supervisor] - INFO - 检查周期 #199
2026-08-10 12:37:09,612 - [Supervisor] - INFO - 检查周期 #200
2026-08-10 12:37:30,986 - [Supervisor] - INFO - 检查周期 #201
2026-08-10 12:37:52,437 - [Supervisor] - INFO - 检查周期 #202
2026-08-10 12:38:14,007 - [Supervisor] - INFO - 检查周期 #203
2026-08-10 12:38:35,338 - [Supervisor] - INFO - 检查周期 #204
2026-08-10 12:38:56,701 - [Supervisor] - INFO - 检查周期 #205
2026-08-10 12:39:18,131 - [Supervisor] - INFO - 检查周期 #206
2026-08-10 12:39:39,451 - [Supervisor] - INFO - 检查周期 #207
2026-08-10 12:40:01,102 - [Supervisor] - INFO - 检查周期 #208
2026-08-10 12:40:22,557 - [Supervisor] - INFO - 检查周期 #209
2026-08-10 12:40:43,878 - [Supervisor] - INFO - 检查周期 #210
2026-08-10 12:41:05,221 - [Supervisor] - INFO - 检查周期 #211
2026-08-10 12:41:26,739 - [Supervisor] - INFO - 检查周期 #212
2026-08-10 12:41:48,107 - [Supervisor] - INFO - 检查周期 #213
2026-08-10 12:42:09,422 - [Supervisor] - INFO - 检查周期 #214
2026-08-10 12:42:30,772 - [Supervisor] - INFO - 检查周期 #215
2026-08-10 12:42:52,241 - [Supervisor] - INFO - 检查周期 #216
2026-08-10 12:43:13,785 - [Supervisor] - INFO - 检查周期 #217
2026-08-10 12:43:35,314 - [Supervisor] - INFO - 检查周期 #218
2026-08-10 12:43:56,668 - [Supervisor] - INFO - 检查周期 #219
2026-08-10 12:44:18,060 - [Supervisor] - INFO - 检查周期 #220
2026-08-10 12:44:39,272 - [Supervisor] - INFO - 检查周期 #221
2026-08-10 12:45:00,660 - [Supervisor] - INFO - 检查周期 #222
2026-08-10 12:45:22,326 - [Supervisor] - INFO - 检查周期 #223
2026-08-10 12:45:43,652 - [Supervisor] - INFO - 检查周期 #224
2026-08-10 12:46:05,108 - [Supervisor] - INFO - 检查周期 #225
2026-08-10 12:46:26,506 - [Supervisor] - INFO - 检查周期 #226
2026-08-10 12:46:48,013 - [Supervisor] - INFO - 检查周期 #227
2026-08-10 12:47:09,435 - [Supervisor] - INFO - 检查周期 #228
2026-08-10 12:47:30,732 - [Supervisor] - INFO - 检查周期 #229
2026-08-10 12:47:52,181 - [Supervisor] - INFO - 检查周期 #230
2026-08-10 12:48:13,365 - [Supervisor] - INFO - 检查周期 #231
2026-08-10 12:48:34,717 - [Supervisor] - INFO - 检查周期 #232
2026-08-10 12:48:56,158 - [Supervisor] - INFO - 检查周期 #233
2026-08-10 12:49:17,626 - [Supervisor] - INFO - 检查周期 #234
2026-08-10 12:49:39,157 - [Supervisor] - INFO - 检查周期 #235
2026-08-10 12:50:00,659 - [Supervisor] - INFO - 检查周期 #236
2026-08-10 12:50:22,045 - [Supervisor] - INFO - 检查周期 #237
2026-08-10 12:50:43,388 - [Supervisor] - INFO - 检查周期 #238
2026-08-10 12:51:04,927 - [Supervisor] - INFO - 检查周期 #239
2026-08-10 12:51:26,351 - [Supervisor] - INFO - 检查周期 #240
2026-08-10 12:51:47,772 - [Supervisor] - INFO - 检查周期 #241
2026-08-10 12:52:09,094 - [Supervisor] - INFO - 检查周期 #242
2026-08-10 12:52:30,530 - [Supervisor] - INFO - 检查周期 #243
2026-08-10 12:52:52,045 - [Supervisor] - INFO - 检查周期 #244
2026-08-10 12:53:13,545 - [Supervisor] - INFO - 检查周期 #245
2026-08-10 12:53:34,982 - [Supervisor] - INFO - 检查周期 #246
2026-08-10 12:53:56,638 - [Supervisor] - INFO - 检查周期 #247
2026-08-10 12:54:18,348 - [Supervisor] - INFO - 检查周期 #248
2026-08-10 12:54:39,795 - [Supervisor] - INFO - 检查周期 #249
2026-08-10 12:55:01,115 - [Supervisor] - INFO - 检查周期 #250
2026-08-10 12:55:22,566 - [Supervisor] - INFO - 检查周期 #251
2026-08-10 12:55:43,943 - [Supervisor] - INFO - 检查周期 #252
2026-08-10 12:56:05,469 - [Supervisor] - INFO - 检查周期 #253
2026-08-10 12:56:26,790 - [Supervisor] - INFO - 检查周期 #254
2026-08-10 12:56:48,082 - [Supervisor] - INFO - 检查周期 #255
2026-08-10 12:57:09,540 - [Supervisor] - INFO - 检查周期 #256
2026-08-10 12:57:30,875 - [Supervisor] - INFO - 检查周期 #257
2026-08-10 12:57:52,248 - [Supervisor] - INFO - 检查周期 #258
2026-08-10 12:58:13,617 - [Supervisor] - INFO - 检查周期 #259
2026-08-10 12:58:34,998 - [Supervisor] - INFO - 检查周期 #260
2026-08-10 12:58:56,367 - [Supervisor] - INFO - 检查周期 #261
2026-08-10 12:59:17,718 - [Supervisor] - INFO - 检查周期 #262
2026-08-10 12:59:39,157 - [Supervisor] - INFO - 检查周期 #263
2026-08-10 13:00:00,637 - [Supervisor] - INFO - 检查周期 #264
2026-08-10 13:00:22,056 - [Supervisor] - INFO - 检查周期 #265
2026-08-10 13:00:43,464 - [Supervisor] - INFO - 检查周期 #266
2026-08-10 13:01:04,942 - [Supervisor] - INFO - 检查周期 #267
2026-08-10 13:01:26,380 - [Supervisor] - INFO - 检查周期 #268
2026-08-10 13:01:47,945 - [Supervisor] - INFO - 检查周期 #269
2026-08-10 13:02:09,445 - [Supervisor] - INFO - 检查周期 #270
2026-08-10 13:02:30,945 - [Supervisor] - INFO - 检查周期 #271
2026-08-10 13:02:52,311 - [Supervisor] - INFO - 检查周期 #272
2026-08-10 13:03:13,866 - [Supervisor] - INFO - 检查周期 #273
2026-08-10 13:03:35,286 - [Supervisor] - INFO - 检查周期 #274
2026-08-10 13:03:56,790 - [Supervisor] - INFO - 检查周期 #275
2026-08-10 13:04:18,303 - [Supervisor] - INFO - 检查周期 #276
2026-08-10 13:04:39,794 - [Supervisor] - INFO - 检查周期 #277
2026-08-10 13:05:01,161 - [Supervisor] - INFO - 检查周期 #278
2026-08-10 13:05:22,502 - [Supervisor] - INFO - 检查周期 #279
2026-08-10 13:05:43,800 - [Supervisor] - INFO - 检查周期 #280
2026-08-10 13:06:05,331 - [Supervisor] - INFO - 检查周期 #281
2026-08-10 13:06:26,679 - [Supervisor] - INFO - 检查周期 #282
2026-08-10 13:06:48,135 - [Supervisor] - INFO - 检查周期 #283
2026-08-10 13:07:09,620 - [Supervisor] - INFO - 检查周期 #284
2026-08-10 13:07:30,960 - [Supervisor] - INFO - 检查周期 #285
2026-08-10 13:07:52,296 - [Supervisor] - INFO - 检查周期 #286
2026-08-10 13:08:13,700 - [Supervisor] - INFO - 检查周期 #287
2026-08-10 13:08:34,990 - [Supervisor] - INFO - 检查周期 #288
2026-08-10 13:08:56,538 - [Supervisor] - INFO - 检查周期 #289
2026-08-10 13:09:17,935 - [Supervisor] - INFO - 检查周期 #290
2026-08-10 13:09:39,431 - [Supervisor] - INFO - 检查周期 #291
2026-08-10 13:10:00,848 - [Supervisor] - INFO - 检查周期 #292
2026-08-10 13:10:22,205 - [Supervisor] - INFO - 检查周期 #293
2026-08-10 13:10:43,581 - [Supervisor] - INFO - 检查周期 #294
2026-08-10 13:11:05,113 - [Supervisor] - INFO - 检查周期 #295
2026-08-10 13:11:26,452 - [Supervisor] - INFO - 检查周期 #296
2026-08-10 13:11:47,884 - [Supervisor] - INFO - 检查周期 #297
2026-08-10 13:12:09,252 - [Supervisor] - INFO - 检查周期 #298
2026-08-10 13:12:30,626 - [Supervisor] - INFO - 检查周期 #299
2026-08-10 13:12:52,087 - [Supervisor] - INFO - 检查周期 #300
2026-08-10 13:13:13,414 - [Supervisor] - INFO - 检查周期 #301
2026-08-10 13:13:34,724 - [Supervisor] - INFO - 检查周期 #302
2026-08-10 13:13:56,096 - [Supervisor] - INFO - 检查周期 #303
2026-08-10 13:14:18,146 - [Supervisor] - INFO - 检查周期 #304
2026-08-10 13:14:39,686 - [Supervisor] - INFO - 检查周期 #305
2026-08-10 13:15:01,004 - [Supervisor] - INFO - 检查周期 #306
2026-08-10 13:15:22,445 - [Supervisor] - INFO - 检查周期 #307
2026-08-10 13:15:43,854 - [Supervisor] - INFO - 检查周期 #308
2026-08-10 13:16:05,243 - [Supervisor] - INFO - 检查周期 #309
2026-08-10 13:16:27,692 - [Supervisor] - INFO - 检查周期 #310
2026-08-10 13:16:49,092 - [Supervisor] - INFO - 检查周期 #311
2026-08-10 13:17:10,461 - [Supervisor] - INFO - 检查周期 #312
2026-08-10 13:17:31,932 - [Supervisor] - INFO - 检查周期 #313
2026-08-10 13:17:53,382 - [Supervisor] - INFO - 检查周期 #314
2026-08-10 13:18:14,743 - [Supervisor] - INFO - 检查周期 #315
2026-08-10 13:18:36,072 - [Supervisor] - INFO - 检查周期 #316
2026-08-10 13:18:57,400 - [Supervisor] - INFO - 检查周期 #317
2026-08-10 13:19:18,732 - [Supervisor] - INFO - 检查周期 #318
2026-08-10 13:19:40,024 - [Supervisor] - INFO - 检查周期 #319
2026-08-10 13:20:01,419 - [Supervisor] - INFO - 检查周期 #320
2026-08-10 13:20:22,830 - [Supervisor] - INFO - 检查周期 #321
2026-08-10 13:20:44,176 - [Supervisor] - INFO - 检查周期 #322
2026-08-10 13:21:05,657 - [Supervisor] - INFO - 检查周期 #323
2026-08-10 13:21:27,113 - [Supervisor] - INFO - 检查周期 #324
2026-08-10 13:21:48,486 - [Supervisor] - INFO - 检查周期 #325
2026-08-10 13:22:09,870 - [Supervisor] - INFO - 检查周期 #326
2026-08-10 13:22:31,238 - [Supervisor] - INFO - 检查周期 #327
2026-08-10 13:22:52,607 - [Supervisor] - INFO - 检查周期 #328
2026-08-10 13:23:13,949 - [Supervisor] - INFO - 检查周期 #329
2026-08-10 13:23:35,372 - [Supervisor] - INFO - 检查周期 #330
2026-08-10 13:23:56,695 - [Supervisor] - INFO - 检查周期 #331
2026-08-10 13:24:18,005 - [Supervisor] - INFO - 检查周期 #332
2026-08-10 13:24:39,312 - [Supervisor] - INFO - 检查周期 #333
2026-08-10 13:25:00,687 - [Supervisor] - INFO - 检查周期 #334
2026-08-10 13:25:22,140 - [Supervisor] - INFO - 检查周期 #335
2026-08-10 13:25:43,507 - [Supervisor] - INFO - 检查周期 #336
2026-08-10 13:26:04,784 - [Supervisor] - INFO - 检查周期 #337
2026-08-10 13:26:26,449 - [Supervisor] - INFO - 检查周期 #338
2026-08-10 13:26:47,794 - [Supervisor] - INFO - 检查周期 #339
2026-08-10 13:27:09,312 - [Supervisor] - INFO - 检查周期 #340
2026-08-10 13:27:30,630 - [Supervisor] - INFO - 检查周期 #341
2026-08-10 13:27:52,002 - [Supervisor] - INFO - 检查周期 #342
2026-08-10 13:28:13,345 - [Supervisor] - INFO - 检查周期 #343
2026-08-10 13:28:34,718 - [Supervisor] - INFO - 检查周期 #344
2026-08-10 13:28:56,041 - [Supervisor] - INFO - 检查周期 #345
2026-08-10 13:29:17,377 - [Supervisor] - INFO - 检查周期 #346
2026-08-10 13:29:38,758 - [Supervisor] - INFO - 检查周期 #347
2026-08-10 13:30:00,101 - [Supervisor] - INFO - 检查周期 #348
2026-08-10 13:30:21,530 - [Supervisor] - INFO - 检查周期 #349
2026-08-10 13:30:42,946 - [Supervisor] - INFO - 检查周期 #350
2026-08-10 13:31:04,607 - [Supervisor] - INFO - 检查周期 #351
2026-08-10 13:31:25,995 - [Supervisor] - INFO - 检查周期 #352
2026-08-10 13:31:47,300 - [Supervisor] - INFO - 检查周期 #353
2026-08-10 13:32:08,634 - [Supervisor] - INFO - 检查周期 #354
2026-08-10 13:32:29,945 - [Supervisor] - INFO - 检查周期 #355
2026-08-10 13:32:51,480 - [Supervisor] - INFO - 检查周期 #356
2026-08-10 13:33:12,813 - [Supervisor] - INFO - 检查周期 #357
2026-08-10 13:33:34,251 - [Supervisor] - INFO - 检查周期 #358
2026-08-10 13:33:55,613 - [Supervisor] - INFO - 检查周期 #359
2026-08-10 13:34:17,009 - [Supervisor] - INFO - 检查周期 #360
2026-08-10 13:34:38,372 - [Supervisor] - INFO - 检查周期 #361
2026-08-10 13:34:59,757 - [Supervisor] - INFO - 检查周期 #362
2026-08-10 13:35:21,216 - [Supervisor] - INFO - 检查周期 #363
2026-08-10 13:35:42,569 - [Supervisor] - INFO - 检查周期 #364
2026-08-10 13:36:03,989 - [Supervisor] - INFO - 检查周期 #365
2026-08-10 13:36:25,360 - [Supervisor] - INFO - 检查周期 #366
2026-08-10 13:36:46,722 - [Supervisor] - INFO - 检查周期 #367
2026-08-10 13:37:08,137 - [Supervisor] - INFO - 检查周期 #368
2026-08-10 13:37:29,489 - [Supervisor] - INFO - 检查周期 #369
2026-08-10 13:37:50,886 - [Supervisor] - INFO - 检查周期 #370
2026-08-10 13:38:12,403 - [Supervisor] - INFO - 检查周期 #371
2026-08-10 13:38:33,729 - [Supervisor] - INFO - 检查周期 #372
2026-08-10 13:38:55,215 - [Supervisor] - INFO - 检查周期 #373
2026-08-10 13:39:16,576 - [Supervisor] - INFO - 检查周期 #374
2026-08-10 13:39:37,923 - [Supervisor] - INFO - 检查周期 #375
2026-08-10 13:39:59,275 - [Supervisor] - INFO - 检查周期 #376
2026-08-10 13:40:20,866 - [Supervisor] - INFO - 检查周期 #377
2026-08-10 13:40:42,223 - [Supervisor] - INFO - 检查周期 #378
2026-08-10 13:41:03,733 - [Supervisor] - INFO - 检查周期 #379
2026-08-10 13:41:25,073 - [Supervisor] - INFO - 检查周期 #380
2026-08-10 13:41:46,426 - [Supervisor] - INFO - 检查周期 #381
2026-08-10 13:42:07,951 - [Supervisor] - INFO - 检查周期 #382
2026-08-10 13:42:29,336 - [Supervisor] - INFO - 检查周期 #383
2026-08-10 13:42:50,643 - [Supervisor] - INFO - 检查周期 #384
2026-08-10 13:43:12,331 - [Supervisor] - INFO - 检查周期 #385
2026-08-10 13:43:33,744 - [Supervisor] - INFO - 检查周期 #386
2026-08-10 13:43:55,175 - [Supervisor] - INFO - 检查周期 #387
2026-08-10 13:44:16,469 - [Supervisor] - INFO - 检查周期 #388
2026-08-10 13:44:37,802 - [Supervisor] - INFO - 检查周期 #389
2026-08-10 13:44:59,162 - [Supervisor] - INFO - 检查周期 #390
2026-08-10 13:45:20,479 - [Supervisor] - INFO - 检查周期 #391
2026-08-10 13:45:41,784 - [Supervisor] - INFO - 检查周期 #392
2026-08-10 13:46:03,278 - [Supervisor] - INFO - 检查周期 #393
2026-08-10 13:46:24,846 - [Supervisor] - INFO - 检查周期 #394
2026-08-10 13:46:46,178 - [Supervisor] - INFO - 检查周期 #395
2026-08-10 13:47:07,770 - [Supervisor] - INFO - 检查周期 #396
2026-08-10 13:47:29,243 - [Supervisor] - INFO - 检查周期 #397
2026-08-10 13:47:50,574 - [Supervisor] - INFO - 检查周期 #398
2026-08-10 13:48:12,160 - [Supervisor] - INFO - 检查周期 #399
2026-08-10 13:48:33,544 - [Supervisor] - INFO - 检查周期 #400
2026-08-10 13:48:54,881 - [Supervisor] - INFO - 检查周期 #401
2026-08-10 13:49:16,389 - [Supervisor] - INFO - 检查周期 #402
2026-08-10 13:49:37,769 - [Supervisor] - INFO - 检查周期 #403
2026-08-10 13:49:59,178 - [Supervisor] - INFO - 检查周期 #404
2026-08-10 13:50:20,542 - [Supervisor] - INFO - 检查周期 #405
2026-08-10 13:50:41,991 - [Supervisor] - INFO - 检查周期 #406
2026-08-10 13:51:03,376 - [Supervisor] - INFO - 检查周期 #407
2026-08-10 13:51:24,730 - [Supervisor] - INFO - 检查周期 #408
2026-08-10 13:51:46,091 - [Supervisor] - INFO - 检查周期 #409
2026-08-10 13:52:07,466 - [Supervisor] - INFO - 检查周期 #410
2026-08-10 13:52:28,773 - [Supervisor] - INFO - 检查周期 #411
2026-08-10 13:52:50,177 - [Supervisor] - INFO - 检查周期 #412
2026-08-10 13:53:11,618 - [Supervisor] - INFO - 检查周期 #413
2026-08-10 13:53:33,029 - [Supervisor] - INFO - 检查周期 #414
2026-08-10 13:53:54,394 - [Supervisor] - INFO - 检查周期 #415
2026-08-10 13:54:15,362 - [Supervisor] - INFO - 检查周期 #416
2026-08-10 13:54:36,833 - [Supervisor] - INFO - 检查周期 #417
2026-08-10 13:54:58,221 - [Supervisor] - INFO - 检查周期 #418
2026-08-10 13:55:19,566 - [Supervisor] - INFO - 检查周期 #419
2026-08-10 13:55:40,879 - [Supervisor] - INFO - 检查周期 #420
2026-08-10 13:56:02,421 - [Supervisor] - INFO - 检查周期 #421
2026-08-10 13:56:23,761 - [Supervisor] - INFO - 检查周期 #422
2026-08-10 13:56:45,145 - [Supervisor] - INFO - 检查周期 #423
2026-08-10 13:57:06,976 - [Supervisor] - INFO - 检查周期 #424
2026-08-10 13:57:28,323 - [Supervisor] - INFO - 检查周期 #425
2026-08-10 13:57:49,835 - [Supervisor] - INFO - 检查周期 #426
2026-08-10 13:58:12,297 - [Supervisor] - INFO - 检查周期 #427
2026-08-10 13:58:33,613 - [Supervisor] - INFO - 检查周期 #428
2026-08-10 13:58:54,965 - [Supervisor] - INFO - 检查周期 #429
2026-08-10 13:59:16,432 - [Supervisor] - INFO - 检查周期 #430
2026-08-10 13:59:38,104 - [Supervisor] - INFO - 检查周期 #431
2026-08-10 13:59:59,439 - [Supervisor] - INFO - 检查周期 #432
2026-08-10 14:00:20,904 - [Supervisor] - INFO - 检查周期 #433
2026-08-10 14:00:42,238 - [Supervisor] - INFO - 检查周期 #434
2026-08-10 14:01:03,644 - [Supervisor] - INFO - 检查周期 #435
2026-08-10 14:01:25,152 - [Supervisor] - INFO - 检查周期 #436
2026-08-10 14:01:46,492 - [Supervisor] - INFO - 检查周期 #437
2026-08-10 14:02:08,069 - [Supervisor] - INFO - 检查周期 #438
2026-08-10 14:02:29,512 - [Supervisor] - INFO - 检查周期 #439
2026-08-10 14:02:51,176 - [Supervisor] - INFO - 检查周期 #440
2026-08-10 14:03:12,627 - [Supervisor] - INFO - 检查周期 #441
2026-08-10 14:03:34,030 - [Supervisor] - INFO - 检查周期 #442
2026-08-10 14:03:55,410 - [Supervisor] - INFO - 检查周期 #443
2026-08-10 14:04:16,821 - [Supervisor] - INFO - 检查周期 #444
2026-08-10 14:04:38,206 - [Supervisor] - INFO - 检查周期 #445
2026-08-10 14:04:59,693 - [Supervisor] - INFO - 检查周期 #446
2026-08-10 14:05:21,043 - [Supervisor] - INFO - 检查周期 #447
2026-08-10 14:05:42,460 - [Supervisor] - INFO - 检查周期 #448
2026-08-10 14:06:03,908 - [Supervisor] - INFO - 检查周期 #449
2026-08-10 14:06:25,343 - [Supervisor] - INFO - 检查周期 #450
2026-08-10 14:06:46,719 - [Supervisor] - INFO - 检查周期 #451
2026-08-10 14:07:08,187 - [Supervisor] - INFO - 检查周期 #452
2026-08-10 14:07:29,545 - [Supervisor] - INFO - 检查周期 #453
2026-08-10 14:07:50,936 - [Supervisor] - INFO - 检查周期 #454
2026-08-10 14:08:12,320 - [Supervisor] - INFO - 检查周期 #455
2026-08-10 14:08:33,749 - [Supervisor] - INFO - 检查周期 #456
2026-08-10 14:08:55,380 - [Supervisor] - INFO - 检查周期 #457
2026-08-10 14:09:16,770 - [Supervisor] - INFO - 检查周期 #458
2026-08-10 14:09:38,140 - [Supervisor] - INFO - 检查周期 #459
2026-08-10 14:09:59,477 - [Supervisor] - INFO - 检查周期 #460
2026-08-10 14:10:21,225 - [Supervisor] - INFO - 检查周期 #461
2026-08-10 14:10:42,672 - [Supervisor] - INFO - 检查周期 #462
2026-08-10 14:11:04,066 - [Supervisor] - INFO - 检查周期 #463
2026-08-10 14:11:25,791 - [Supervisor] - INFO - 检查周期 #464
2026-08-10 14:11:47,535 - [Supervisor] - INFO - 检查周期 #465
2026-08-10 14:12:09,095 - [Supervisor] - INFO - 检查周期 #466
2026-08-10 14:12:30,475 - [Supervisor] - INFO - 检查周期 #467
2026-08-10 14:12:51,952 - [Supervisor] - INFO - 检查周期 #468
2026-08-10 14:13:13,305 - [Supervisor] - INFO - 检查周期 #469
2026-08-10 14:13:34,270 - [Supervisor] - INFO - 检查周期 #470
2026-08-10 14:13:55,294 - [Supervisor] - INFO - 检查周期 #471
2026-08-10 14:14:16,260 - [Supervisor] - INFO - 检查周期 #472
2026-08-10 14:14:37,232 - [Supervisor] - INFO - 检查周期 #473
2026-08-10 14:14:58,122 - [Supervisor] - INFO - 检查周期 #474
2026-08-10 14:15:19,031 - [Supervisor] - INFO - 检查周期 #475
2026-08-10 14:15:39,952 - [Supervisor] - INFO - 检查周期 #476
2026-08-10 14:16:00,816 - [Supervisor] - INFO - 检查周期 #477
2026-08-10 14:16:21,721 - [Supervisor] - INFO - 检查周期 #478
2026-08-10 14:16:42,623 - [Supervisor] - INFO - 检查周期 #479
2026-08-10 14:17:03,562 - [Supervisor] - INFO - 检查周期 #480
2026-08-10 14:17:24,558 - [Supervisor] - INFO - 检查周期 #481
2026-08-10 14:17:45,509 - [Supervisor] - INFO - 检查周期 #482
2026-08-10 14:18:06,394 - [Supervisor] - INFO - 检查周期 #483
2026-08-10 14:18:27,370 - [Supervisor] - INFO - 检查周期 #484
2026-08-10 14:18:48,310 - [Supervisor] - INFO - 检查周期 #485
2026-08-10 14:19:09,234 - [Supervisor] - INFO - 检查周期 #486
2026-08-10 14:19:30,201 - [Supervisor] - INFO - 检查周期 #487
2026-08-10 14:19:51,112 - [Supervisor] - INFO - 检查周期 #488
2026-08-10 14:20:12,053 - [Supervisor] - INFO - 检查周期 #489
2026-08-10 14:20:33,006 - [Supervisor] - INFO - 检查周期 #490
2026-08-10 14:20:54,097 - [Supervisor] - INFO - 检查周期 #491
2026-08-10 14:21:15,018 - [Supervisor] - INFO - 检查周期 #492
2026-08-10 14:21:36,027 - [Supervisor] - INFO - 检查周期 #493
2026-08-10 14:21:56,899 - [Supervisor] - INFO - 检查周期 #494
2026-08-10 14:22:17,856 - [Supervisor] - INFO - 检查周期 #495
2026-08-10 14:22:38,761 - [Supervisor] - INFO - 检查周期 #496
2026-08-10 14:22:59,701 - [Supervisor] - INFO - 检查周期 #497
2026-08-10 14:23:20,612 - [Supervisor] - INFO - 检查周期 #498
2026-08-10 14:23:41,503 - [Supervisor] - INFO - 检查周期 #499
2026-08-10 14:24:02,456 - [Supervisor] - INFO - 检查周期 #500
2026-08-10 14:24:23,376 - [Supervisor] - INFO - 检查周期 #501
2026-08-10 14:24:44,345 - [Supervisor] - INFO - 检查周期 #502
2026-08-10 14:25:05,248 - [Supervisor] - INFO - 检查周期 #503
2026-08-10 14:25:26,120 - [Supervisor] - INFO - 检查周期 #504
2026-08-10 14:25:47,066 - [Supervisor] - INFO - 检查周期 #505
2026-08-10 14:26:08,055 - [Supervisor] - INFO - 检查周期 #506
2026-08-10 14:26:28,921 - [Supervisor] - INFO - 检查周期 #507
2026-08-10 14:26:49,819 - [Supervisor] - INFO - 检查周期 #508
2026-08-10 14:27:10,730 - [Supervisor] - INFO - 检查周期 #509
2026-08-10 14:27:31,628 - [Supervisor] - INFO - 检查周期 #510
2026-08-10 14:27:52,492 - [Supervisor] - INFO - 检查周期 #511
2026-08-10 14:28:13,509 - [Supervisor] - INFO - 检查周期 #512
2026-08-10 14:28:34,493 - [Supervisor] - INFO - 检查周期 #513
2026-08-10 14:28:55,421 - [Supervisor] - INFO - 检查周期 #514
2026-08-10 14:29:16,352 - [Supervisor] - INFO - 检查周期 #515
2026-08-10 14:29:37,235 - [Supervisor] - INFO - 检查周期 #516
2026-08-10 14:29:58,136 - [Supervisor] - INFO - 检查周期 #517
2026-08-10 14:30:19,073 - [Supervisor] - INFO - 检查周期 #518
2026-08-10 14:30:39,960 - [Supervisor] - INFO - 检查周期 #519
2026-08-10 14:31:00,949 - [Supervisor] - INFO - 检查周期 #520
2026-08-10 14:31:21,872 - [Supervisor] - INFO - 检查周期 #521
2026-08-10 14:31:42,847 - [Supervisor] - INFO - 检查周期 #522
2026-08-10 14:32:03,749 - [Supervisor] - INFO - 检查周期 #523
2026-08-10 14:32:24,704 - [Supervisor] - INFO - 检查周期 #524
2026-08-10 14:32:45,614 - [Supervisor] - INFO - 检查周期 #525
2026-08-10 14:33:06,539 - [Supervisor] - INFO - 检查周期 #526
2026-08-10 14:33:27,825 - [Supervisor] - INFO - 检查周期 #527
2026-08-10 14:33:48,752 - [Supervisor] - INFO - 检查周期 #528
2026-08-10 14:34:09,815 - [Supervisor] - INFO - 检查周期 #529
2026-08-10 14:34:30,717 - [Supervisor] - INFO - 检查周期 #530
2026-08-10 14:34:51,649 - [Supervisor] - INFO - 检查周期 #531
2026-08-10 14:35:13,553 - [Supervisor] - INFO - 检查周期 #532
2026-08-10 14:35:34,581 - [Supervisor] - INFO - 检查周期 #533
2026-08-10 14:35:55,477 - [Supervisor] - INFO - 检查周期 #534
2026-08-10 14:36:16,471 - [Supervisor] - INFO - 检查周期 #535
2026-08-10 14:36:37,404 - [Supervisor] - INFO - 检查周期 #536
2026-08-10 14:36:58,329 - [Supervisor] - INFO - 检查周期 #537
2026-08-10 14:37:19,287 - [Supervisor] - INFO - 检查周期 #538
2026-08-10 14:37:40,251 - [Supervisor] - INFO - 检查周期 #539
2026-08-10 14:38:01,401 - [Supervisor] - INFO - 检查周期 #540
2026-08-10 14:38:22,473 - [Supervisor] - INFO - 检查周期 #541
2026-08-10 14:38:43,607 - [Supervisor] - INFO - 检查周期 #542
2026-08-10 14:39:04,615 - [Supervisor] - INFO - 检查周期 #543
2026-08-10 14:39:25,417 - [Supervisor] - INFO - 检查周期 #544
2026-08-10 14:39:46,294 - [Supervisor] - INFO - 检查周期 #545
2026-08-10 14:40:07,180 - [Supervisor] - INFO - 检查周期 #546
2026-08-10 14:40:28,106 - [Supervisor] - INFO - 检查周期 #547
2026-08-10 14:40:49,063 - [Supervisor] - INFO - 检查周期 #548
2026-08-10 14:41:10,034 - [Supervisor] - INFO - 检查周期 #549
2026-08-10 14:41:30,943 - [Supervisor] - INFO - 检查周期 #550
2026-08-10 14:41:51,812 - [Supervisor] - INFO - 检查周期 #551
2026-08-10 14:42:12,699 - [Supervisor] - INFO - 检查周期 #552
2026-08-10 14:42:33,635 - [Supervisor] - INFO - 检查周期 #553
2026-08-10 14:42:54,661 - [Supervisor] - INFO - 检查周期 #554
2026-08-10 14:43:15,629 - [Supervisor] - INFO - 检查周期 #555
2026-08-10 14:43:36,516 - [Supervisor] - INFO - 检查周期 #556
2026-08-10 14:43:57,465 - [Supervisor] - INFO - 检查周期 #557
2026-08-10 14:44:18,400 - [Supervisor] - INFO - 检查周期 #558
2026-08-10 14:44:39,334 - [Supervisor] - INFO - 检查周期 #559
2026-08-10 14:45:01,943 - [Supervisor] - INFO - 检查周期 #560
2026-08-10 14:45:36,516 - [Supervisor] - INFO - 检查周期 #561
2026-08-10 14:45:59,266 - [Supervisor] - INFO - 检查周期 #562
2026-08-10 14:46:20,170 - [Supervisor] - INFO - 检查周期 #563
2026-08-10 14:46:41,114 - [Supervisor] - INFO - 检查周期 #564
2026-08-10 14:47:01,992 - [Supervisor] - INFO - 检查周期 #565
2026-08-10 14:47:22,919 - [Supervisor] - INFO - 检查周期 #566
2026-08-10 14:47:43,789 - [Supervisor] - INFO - 检查周期 #567
2026-08-10 14:48:04,785 - [Supervisor] - INFO - 检查周期 #568
2026-08-10 14:48:25,785 - [Supervisor] - INFO - 检查周期 #569
2026-08-10 14:48:46,675 - [Supervisor] - INFO - 检查周期 #570
2026-08-10 14:49:07,633 - [Supervisor] - INFO - 检查周期 #571
2026-08-10 14:49:28,605 - [Supervisor] - INFO - 检查周期 #572
2026-08-10 14:49:49,519 - [Supervisor] - INFO - 检查周期 #573
2026-08-10 14:50:11,161 - [Supervisor] - INFO - 检查周期 #574
2026-08-10 14:50:32,384 - [Supervisor] - INFO - 检查周期 #575
2026-08-10 14:50:53,283 - [Supervisor] - INFO - 检查周期 #576
2026-08-10 14:51:14,220 - [Supervisor] - INFO - 检查周期 #577
2026-08-10 14:51:35,113 - [Supervisor] - INFO - 检查周期 #578
2026-08-10 14:51:56,013 - [Supervisor] - INFO - 检查周期 #579
2026-08-10 14:52:16,908 - [Supervisor] - INFO - 检查周期 #580
2026-08-10 14:52:37,822 - [Supervisor] - INFO - 检查周期 #581
2026-08-10 14:52:58,648 - [Supervisor] - INFO - 检查周期 #582
2026-08-10 14:53:19,534 - [Supervisor] - INFO - 检查周期 #583
2026-08-10 14:53:40,455 - [Supervisor] - INFO - 检查周期 #584
2026-08-10 14:54:01,390 - [Supervisor] - INFO - 检查周期 #585
2026-08-10 14:54:22,292 - [Supervisor] - INFO - 检查周期 #586
2026-08-10 14:54:43,273 - [Supervisor] - INFO - 检查周期 #587
2026-08-10 14:55:04,225 - [Supervisor] - INFO - 检查周期 #588
2026-08-10 14:55:25,140 - [Supervisor] - INFO - 检查周期 #589
2026-08-10 14:55:46,188 - [Supervisor] - INFO - 检查周期 #590
2026-08-10 14:56:07,106 - [Supervisor] - INFO - 检查周期 #591
2026-08-10 14:56:28,109 - [Supervisor] - INFO - 检查周期 #592
2026-08-10 14:56:49,025 - [Supervisor] - INFO - 检查周期 #593
2026-08-10 14:57:09,988 - [Supervisor] - INFO - 检查周期 #594
2026-08-10 14:57:30,826 - [Supervisor] - INFO - 检查周期 #595
2026-08-10 14:57:51,775 - [Supervisor] - INFO - 检查周期 #596
2026-08-10 14:58:12,655 - [Supervisor] - INFO - 检查周期 #597
2026-08-10 14:58:33,619 - [Supervisor] - INFO - 检查周期 #598
2026-08-10 14:58:54,579 - [Supervisor] - INFO - 检查周期 #599
2026-08-10 14:59:15,491 - [Supervisor] - INFO - 检查周期 #600
2026-08-10 14:59:36,387 - [Supervisor] - INFO - 检查周期 #601
2026-08-10 14:59:57,278 - [Supervisor] - INFO - 检查周期 #602
2026-08-10 15:00:18,222 - [Supervisor] - INFO - 检查周期 #603
2026-08-10 15:00:39,115 - [Supervisor] - INFO - 检查周期 #604
2026-08-10 15:01:00,018 - [Supervisor] - INFO - 检查周期 #605
2026-08-10 15:01:20,917 - [Supervisor] - INFO - 检查周期 #606
2026-08-10 15:01:41,835 - [Supervisor] - INFO - 检查周期 #607
2026-08-10 15:02:02,742 - [Supervisor] - INFO - 检查周期 #608
2026-08-10 15:02:23,665 - [Supervisor] - INFO - 检查周期 #609
2026-08-10 15:02:44,727 - [Supervisor] - INFO - 检查周期 #610
2026-08-10 15:03:05,777 - [Supervisor] - INFO - 检查周期 #611
2026-08-10 15:03:26,663 - [Supervisor] - INFO - 检查周期 #612
2026-08-10 15:03:47,570 - [Supervisor] - INFO - 检查周期 #613
2026-08-10 15:04:08,294 - [Supervisor] - INFO - 检查周期 #614
2026-08-10 15:04:29,148 - [Supervisor] - INFO - 检查周期 #615
2026-08-10 15:04:51,909 - [Supervisor] - INFO - 检查周期 #616
2026-08-10 15:05:12,893 - [Supervisor] - INFO - 检查周期 #617
2026-08-10 15:05:33,833 - [Supervisor] - INFO - 检查周期 #618
2026-08-10 15:05:54,771 - [Supervisor] - INFO - 检查周期 #619
2026-08-10 15:06:15,747 - [Supervisor] - INFO - 检查周期 #620
2026-08-10 15:06:36,620 - [Supervisor] - INFO - 检查周期 #621
2026-08-10 15:06:57,624 - [Supervisor] - INFO - 检查周期 #622
2026-08-10 15:07:18,521 - [Supervisor] - INFO - 检查周期 #623
2026-08-10 15:07:39,394 - [Supervisor] - INFO - 检查周期 #624
2026-08-10 15:08:00,397 - [Supervisor] - INFO - 检查周期 #625
2026-08-10 15:08:21,429 - [Supervisor] - INFO - 检查周期 #626
2026-08-10 15:08:42,353 - [Supervisor] - INFO - 检查周期 #627
2026-08-10 15:09:03,277 - [Supervisor] - INFO - 检查周期 #628
2026-08-10 15:09:24,182 - [Supervisor] - INFO - 检查周期 #629
2026-08-10 15:09:45,127 - [Supervisor] - INFO - 检查周期 #630
2026-08-10 15:10:06,229 - [Supervisor] - INFO - 检查周期 #631
2026-08-10 15:10:27,154 - [Supervisor] - INFO - 检查周期 #632
2026-08-10 15:10:48,150 - [Supervisor] - INFO - 检查周期 #633
2026-08-10 15:11:09,128 - [Supervisor] - INFO - 检查周期 #634
2026-08-10 15:11:30,073 - [Supervisor] - INFO - 检查周期 #635
2026-08-10 15:11:51,057 - [Supervisor] - INFO - 检查周期 #636
2026-08-10 15:12:11,876 - [Supervisor] - INFO - 检查周期 #637
2026-08-10 15:12:32,728 - [Supervisor] - INFO - 检查周期 #638
2026-08-10 15:12:53,576 - [Supervisor] - INFO - 检查周期 #639
2026-08-10 15:13:15,028 - [Supervisor] - INFO - 检查周期 #640
2026-08-10 15:13:35,881 - [Supervisor] - INFO - 检查周期 #641
2026-08-10 15:13:56,894 - [Supervisor] - INFO - 检查周期 #642
2026-08-10 15:14:17,858 - [Supervisor] - INFO - 检查周期 #643
2026-08-10 15:14:38,857 - [Supervisor] - INFO - 检查周期 #644
2026-08-10 15:14:59,826 - [Supervisor] - INFO - 检查周期 #645
2026-08-10 15:15:20,789 - [Supervisor] - INFO - 检查周期 #646
2026-08-10 15:15:41,778 - [Supervisor] - INFO - 检查周期 #647
2026-08-10 15:16:02,735 - [Supervisor] - INFO - 检查周期 #648
2026-08-10 15:16:23,700 - [Supervisor] - INFO - 检查周期 #649
2026-08-10 15:16:44,617 - [Supervisor] - INFO - 检查周期 #650
2026-08-10 15:17:05,429 - [Supervisor] - INFO - 检查周期 #651
2026-08-10 15:17:26,365 - [Supervisor] - INFO - 检查周期 #652
2026-08-10 15:17:47,234 - [Supervisor] - INFO - 检查周期 #653
2026-08-10 15:18:08,070 - [Supervisor] - INFO - 检查周期 #654
2026-08-10 15:18:28,938 - [Supervisor] - INFO - 检查周期 #655
2026-08-10 15:18:49,886 - [Supervisor] - INFO - 检查周期 #656
2026-08-10 15:19:10,842 - [Supervisor] - INFO - 检查周期 #657
2026-08-10 15:19:31,731 - [Supervisor] - INFO - 检查周期 #658
2026-08-10 15:19:52,515 - [Supervisor] - INFO - 检查周期 #659
2026-08-10 15:20:13,469 - [Supervisor] - INFO - 检查周期 #660
2026-08-10 15:20:34,485 - [Supervisor] - INFO - 检查周期 #661
2026-08-10 15:20:55,440 - [Supervisor] - INFO - 检查周期 #662
2026-08-10 15:21:16,395 - [Supervisor] - INFO - 检查周期 #663
2026-08-10 15:21:37,301 - [Supervisor] - INFO - 检查周期 #664
2026-08-10 15:21:58,221 - [Supervisor] - INFO - 检查周期 #665
2026-08-10 15:22:19,160 - [Supervisor] - INFO - 检查周期 #666
2026-08-10 15:22:40,367 - [Supervisor] - INFO - 检查周期 #667
2026-08-10 15:23:01,236 - [Supervisor] - INFO - 检查周期 #668
2026-08-10 15:23:22,787 - [Supervisor] - INFO - 检查周期 #669
2026-08-10 15:23:43,965 - [Supervisor] - INFO - 检查周期 #670
2026-08-10 15:24:05,051 - [Supervisor] - INFO - 检查周期 #671
2026-08-10 15:24:25,963 - [Supervisor] - INFO - 检查周期 #672
2026-08-10 15:24:46,927 - [Supervisor] - INFO - 检查周期 #673
2026-08-10 15:25:07,764 - [Supervisor] - INFO - 检查周期 #674
2026-08-10 15:25:28,722 - [Supervisor] - INFO - 检查周期 #675
2026-08-10 15:25:28,725 - [Supervisor] - INFO - keeper_external (PID=21503) 已死亡，重启...
2026-08-10 15:25:28,727 - [Supervisor] - INFO - 启动 keeper_external...
2026-08-10 15:25:28,883 - [Supervisor] - INFO - keeper_external 已启动 PID=31548
2026-08-10 15:25:49,966 - [Supervisor] - INFO - 检查周期 #676
2026-08-10 15:26:10,863 - [Supervisor] - INFO - 检查周期 #677
2026-08-10 15:26:31,940 - [Supervisor] - INFO - 检查周期 #678
2026-08-10 15:26:52,945 - [Supervisor] - INFO - 检查周期 #679
2026-08-10 15:27:13,882 - [Supervisor] - INFO - 检查周期 #680
2026-08-10 15:30:03,343 - [Supervisor] - INFO - === Supervisor v1.1 启动 ===
2026-08-10 15:30:03,347 - [Supervisor] - INFO - BASE=/root/loyanbot
2026-08-10 15:30:03,347 - [Supervisor] - INFO - WORKSPACE=/workspace
2026-08-10 15:30:23,356 - [Supervisor] - INFO - 检查周期 #1
2026-08-10 15:30:44,096 - [Supervisor] - INFO - 检查周期 #2
2026-08-10 15:31:05,171 - [Supervisor] - INFO - 检查周期 #3
2026-08-10 15:31:26,013 - [Supervisor] - INFO - 检查周期 #4
2026-08-10 15:31:46,946 - [Supervisor] - INFO - 检查周期 #5
2026-08-10 15:32:07,957 - [Supervisor] - INFO - 检查周期 #6
2026-08-10 15:32:28,995 - [Supervisor] - INFO - 检查周期 #7
2026-08-10 15:32:52,622 - [Supervisor] - INFO - 检查周期 #8
2026-08-10 15:33:13,525 - [Supervisor] - INFO - 检查周期 #9
2026-08-10 15:33:34,670 - [Supervisor] - INFO - 检查周期 #10
2026-08-10 15:33:55,868 - [Supervisor] - INFO - 检查周期 #11
2026-08-10 15:34:16,855 - [Supervisor] - INFO - 检查周期 #12
2026-08-10 15:34:38,204 - [Supervisor] - INFO - 检查周期 #13
2026-08-10 15:34:59,143 - [Supervisor] - INFO - 检查周期 #14
2026-08-10 15:35:21,557 - [Supervisor] - INFO - 检查周期 #15
2026-08-10 15:35:57,674 - [Supervisor] - INFO - 检查周期 #16
2026-08-10 15:36:18,994 - [Supervisor] - INFO - 检查周期 #17
2026-08-10 15:36:40,334 - [Supervisor] - INFO - 检查周期 #18
2026-08-10 15:37:01,295 - [Supervisor] - INFO - 检查周期 #19
2026-08-10 15:37:23,506 - [Supervisor] - INFO - 检查周期 #20
2026-08-10 15:37:55,909 - [Supervisor] - INFO - 检查周期 #21
2026-08-10 15:38:19,509 - [Supervisor] - INFO - 检查周期 #22
2026-08-10 15:38:40,469 - [Supervisor] - INFO - 检查周期 #23
2026-08-10 15:39:01,401 - [Supervisor] - INFO - 检查周期 #24
2026-08-10 15:39:30,134 - [Supervisor] - INFO - 检查周期 #25
2026-08-10 15:39:51,067 - [Supervisor] - INFO - 检查周期 #26
2026-08-10 15:40:12,023 - [Supervisor] - INFO - 检查周期 #27
2026-08-10 15:40:32,994 - [Supervisor] - INFO - 检查周期 #28
2026-08-10 15:40:54,972 - [Supervisor] - INFO - 检查周期 #29
2026-08-10 15:41:16,049 - [Supervisor] - INFO - 检查周期 #30
2026-08-10 15:41:37,040 - [Supervisor] - INFO - 检查周期 #31
2026-08-10 15:41:57,955 - [Supervisor] - INFO - 检查周期 #32
2026-08-10 15:42:22,441 - [Supervisor] - INFO - 检查周期 #33
2026-08-10 15:42:43,469 - [Supervisor] - INFO - 检查周期 #34
2026-08-10 15:43:18,090 - [Supervisor] - INFO - 检查周期 #35
2026-08-10 15:43:39,565 - [Supervisor] - INFO - 检查周期 #36
2026-08-10 15:44:15,236 - [Supervisor] - INFO - 检查周期 #37
2026-08-10 15:44:37,097 - [Supervisor] - INFO - 检查周期 #38
2026-08-10 15:45:01,088 - [Supervisor] - INFO - 检查周期 #39
2026-08-10 15:45:24,613 - [Supervisor] - INFO - 检查周期 #40
2026-08-10 15:45:48,532 - [Supervisor] - INFO - 检查周期 #41
2026-08-10 15:46:12,354 - [Supervisor] - INFO - 检查周期 #42
2026-08-10 15:46:33,582 - [Supervisor] - INFO - 检查周期 #43
2026-08-10 15:46:54,566 - [Supervisor] - INFO - 检查周期 #44
2026-08-10 15:47:16,641 - [Supervisor] - INFO - 检查周期 #45
2026-08-10 15:47:38,345 - [Supervisor] - INFO - 检查周期 #46
2026-08-10 15:47:59,631 - [Supervisor] - INFO - 检查周期 #47
2026-08-10 15:48:20,790 - [Supervisor] - INFO - 检查周期 #48
2026-08-10 15:48:41,826 - [Supervisor] - INFO - 检查周期 #49
2026-08-10 15:49:03,154 - [Supervisor] - INFO - 检查周期 #50
2026-08-10 15:49:24,509 - [Supervisor] - INFO - 检查周期 #51
2026-08-10 15:49:45,736 - [Supervisor] - INFO - 检查周期 #52
2026-08-10 15:50:06,719 - [Supervisor] - INFO - 检查周期 #53
2026-08-10 15:50:28,597 - [Supervisor] - INFO - 检查周期 #54
2026-08-10 15:50:49,924 - [Supervisor] - INFO - 检查周期 #55
2026-08-10 15:51:10,948 - [Supervisor] - INFO - 检查周期 #56
2026-08-10 15:51:31,949 - [Supervisor] - INFO - 检查周期 #57
2026-08-10 15:51:52,835 - [Supervisor] - INFO - 检查周期 #58
2026-08-10 15:52:13,746 - [Supervisor] - INFO - 检查周期 #59
2026-08-10 15:52:34,676 - [Supervisor] - INFO - 检查周期 #60
2026-08-10 15:52:55,586 - [Supervisor] - INFO - 检查周期 #61
2026-08-10 15:53:16,507 - [Supervisor] - INFO - 检查周期 #62
2026-08-10 15:53:37,432 - [Supervisor] - INFO - 检查周期 #63
2026-08-10 15:53:58,385 - [Supervisor] - INFO - 检查周期 #64
2026-08-10 15:54:19,340 - [Supervisor] - INFO - 检查周期 #65
2026-08-10 15:54:40,446 - [Supervisor] - INFO - 检查周期 #66
2026-08-10 15:55:01,395 - [Supervisor] - INFO - 检查周期 #67
2026-08-10 15:55:22,326 - [Supervisor] - INFO - 检查周期 #68
2026-08-10 15:55:43,233 - [Supervisor] - INFO - 检查周期 #69
2026-08-10 15:56:04,044 - [Supervisor] - INFO - 检查周期 #70
2026-08-10 15:56:24,870 - [Supervisor] - INFO - 检查周期 #71
2026-08-10 15:56:45,729 - [Supervisor] - INFO - 检查周期 #72
2026-08-10 15:57:06,601 - [Supervisor] - INFO - 检查周期 #73
2026-08-10 15:57:27,622 - [Supervisor] - INFO - 检查周期 #74
2026-08-10 15:57:48,553 - [Supervisor] - INFO - 检查周期 #75
2026-08-10 15:58:09,452 - [Supervisor] - INFO - 检查周期 #76
2026-08-10 15:58:30,376 - [Supervisor] - INFO - 检查周期 #77
2026-08-10 15:58:51,200 - [Supervisor] - INFO - 检查周期 #78
2026-08-10 15:59:12,147 - [Supervisor] - INFO - 检查周期 #79
2026-08-10 15:59:33,111 - [Supervisor] - INFO - 检查周期 #80
2026-08-10 15:59:54,032 - [Supervisor] - INFO - 检查周期 #81
2026-08-10 16:00:14,937 - [Supervisor] - INFO - 检查周期 #82
2026-08-10 16:00:35,854 - [Supervisor] - INFO - 检查周期 #83
2026-08-10 16:00:56,773 - [Supervisor] - INFO - 检查周期 #84
2026-08-10 16:01:17,682 - [Supervisor] - INFO - 检查周期 #85
2026-08-10 16:01:38,652 - [Supervisor] - INFO - 检查周期 #86
2026-08-10 16:01:59,600 - [Supervisor] - INFO - 检查周期 #87
2026-08-10 16:02:20,542 - [Supervisor] - INFO - 检查周期 #88
2026-08-10 16:02:41,530 - [Supervisor] - INFO - 检查周期 #89
2026-08-10 16:03:02,424 - [Supervisor] - INFO - 检查周期 #90
2026-08-10 16:03:23,362 - [Supervisor] - INFO - 检查周期 #91
2026-08-10 16:03:44,324 - [Supervisor] - INFO - 检查周期 #92
2026-08-10 16:04:05,277 - [Supervisor] - INFO - 检查周期 #93
2026-08-10 16:04:26,187 - [Supervisor] - INFO - 检查周期 #94
2026-08-10 16:04:47,131 - [Supervisor] - INFO - 检查周期 #95
2026-08-10 16:05:08,015 - [Supervisor] - INFO - 检查周期 #96
2026-08-10 16:05:28,898 - [Supervisor] - INFO - 检查周期 #97
2026-08-10 16:05:49,798 - [Supervisor] - INFO - 检查周期 #98
2026-08-10 16:06:10,720 - [Supervisor] - INFO - 检查周期 #99
2026-08-10 16:06:31,826 - [Supervisor] - INFO - 检查周期 #100
2026-08-10 16:06:52,797 - [Supervisor] - INFO - 检查周期 #101
2026-08-10 16:07:13,715 - [Supervisor] - INFO - 检查周期 #102
2026-08-10 16:07:34,567 - [Supervisor] - INFO - 检查周期 #103
2026-08-10 16:07:55,388 - [Supervisor] - INFO - 检查周期 #104
2026-08-10 16:08:16,251 - [Supervisor] - INFO - 检查周期 #105
2026-08-10 16:08:37,069 - [Supervisor] - INFO - 检查周期 #106
2026-08-10 16:08:57,968 - [Supervisor] - INFO - 检查周期 #107
2026-08-10 16:09:18,890 - [Supervisor] - INFO - 检查周期 #108
2026-08-10 16:09:39,960 - [Supervisor] - INFO - 检查周期 #109
2026-08-10 16:10:00,892 - [Supervisor] - INFO - 检查周期 #110
2026-08-10 16:10:21,915 - [Supervisor] - INFO - 检查周期 #111
2026-08-10 16:10:42,987 - [Supervisor] - INFO - 检查周期 #112
2026-08-10 16:11:03,889 - [Supervisor] - INFO - 检查周期 #113
2026-08-10 16:11:24,798 - [Supervisor] - INFO - 检查周期 #114
2026-08-10 16:11:45,819 - [Supervisor] - INFO - 检查周期 #115
2026-08-10 16:12:06,757 - [Supervisor] - INFO - 检查周期 #116
2026-08-10 16:12:27,700 - [Supervisor] - INFO - 检查周期 #117
2026-08-10 16:12:48,592 - [Supervisor] - INFO - 检查周期 #118
2026-08-10 16:13:09,357 - [Supervisor] - INFO - 检查周期 #119
2026-08-10 16:13:30,265 - [Supervisor] - INFO - 检查周期 #120
2026-08-10 16:13:51,106 - [Supervisor] - INFO - 检查周期 #121
2026-08-10 16:14:11,938 - [Supervisor] - INFO - 检查周期 #122
2026-08-10 16:14:32,785 - [Supervisor] - INFO - 检查周期 #123
2026-08-10 16:14:53,623 - [Supervisor] - INFO - 检查周期 #124
2026-08-10 16:15:14,528 - [Supervisor] - INFO - 检查周期 #125
2026-08-10 16:15:35,413 - [Supervisor] - INFO - 检查周期 #126
2026-08-10 16:15:56,947 - [Supervisor] - INFO - 检查周期 #127
2026-08-10 16:16:17,975 - [Supervisor] - INFO - 检查周期 #128
2026-08-10 16:16:38,918 - [Supervisor] - INFO - 检查周期 #129
2026-08-10 16:16:59,778 - [Supervisor] - INFO - 检查周期 #130
2026-08-10 16:17:20,706 - [Supervisor] - INFO - 检查周期 #131
2026-08-10 16:17:41,809 - [Supervisor] - INFO - 检查周期 #132
2026-08-10 16:18:02,699 - [Supervisor] - INFO - 检查周期 #133
2026-08-10 16:18:23,691 - [Supervisor] - INFO - 检查周期 #134
2026-08-10 16:18:44,643 - [Supervisor] - INFO - 检查周期 #135
2026-08-10 16:19:05,594 - [Supervisor] - INFO - 检查周期 #136
2026-08-10 16:19:26,442 - [Supervisor] - INFO - 检查周期 #137
2026-08-10 16:19:47,363 - [Supervisor] - INFO - 检查周期 #138
2026-08-10 16:20:08,194 - [Supervisor] - INFO - 检查周期 #139
2026-08-10 16:20:29,158 - [Supervisor] - INFO - 检查周期 #140
2026-08-10 16:20:50,093 - [Supervisor] - INFO - 检查周期 #141
2026-08-10 16:21:11,012 - [Supervisor] - INFO - 检查周期 #142
2026-08-10 16:21:32,041 - [Supervisor] - INFO - 检查周期 #143
2026-08-10 16:21:53,009 - [Supervisor] - INFO - 检查周期 #144
2026-08-10 16:22:13,863 - [Supervisor] - INFO - 检查周期 #145
2026-08-10 16:22:34,945 - [Supervisor] - INFO - 检查周期 #146
2026-08-10 16:22:55,848 - [Supervisor] - INFO - 检查周期 #147
2026-08-10 16:23:16,667 - [Supervisor] - INFO - 检查周期 #148
2026-08-10 16:23:37,638 - [Supervisor] - INFO - 检查周期 #149
2026-08-10 16:23:58,682 - [Supervisor] - INFO - 检查周期 #150
2026-08-10 16:24:19,658 - [Supervisor] - INFO - 检查周期 #151
2026-08-10 16:24:40,671 - [Supervisor] - INFO - 检查周期 #152
2026-08-10 16:25:01,667 - [Supervisor] - INFO - 检查周期 #153
2026-08-10 16:25:22,542 - [Supervisor] - INFO - 检查周期 #154
2026-08-10 16:25:43,455 - [Supervisor] - INFO - 检查周期 #155
2026-08-10 16:26:04,463 - [Supervisor] - INFO - 检查周期 #156
2026-08-10 16:26:25,381 - [Supervisor] - INFO - 检查周期 #157
2026-08-10 16:26:46,374 - [Supervisor] - INFO - 检查周期 #158
2026-08-10 16:27:07,327 - [Supervisor] - INFO - 检查周期 #159
2026-08-10 16:27:28,286 - [Supervisor] - INFO - 检查周期 #160
2026-08-10 16:27:49,174 - [Supervisor] - INFO - 检查周期 #161
2026-08-10 16:28:10,094 - [Supervisor] - INFO - 检查周期 #162
2026-08-10 16:28:31,039 - [Supervisor] - INFO - 检查周期 #163
2026-08-10 16:28:51,898 - [Supervisor] - INFO - 检查周期 #164
2026-08-10 16:29:12,780 - [Supervisor] - INFO - 检查周期 #165
2026-08-10 16:34:59,397 - [Supervisor] - INFO - 检查周期 #166
2026-08-10 16:35:20,356 - [Supervisor] - INFO - 检查周期 #167
2026-08-10 16:35:41,248 - [Supervisor] - INFO - 检查周期 #168
2026-08-10 16:36:02,085 - [Supervisor] - INFO - 检查周期 #169
2026-08-10 16:36:22,962 - [Supervisor] - INFO - 检查周期 #170
2026-08-10 16:36:43,900 - [Supervisor] - INFO - 检查周期 #171
2026-08-10 16:37:04,773 - [Supervisor] - INFO - 检查周期 #172
2026-08-10 16:37:25,675 - [Supervisor] - INFO - 检查周期 #173
2026-08-10 16:37:46,631 - [Supervisor] - INFO - 检查周期 #174
2026-08-10 16:38:07,559 - [Supervisor] - INFO - 检查周期 #175
2026-08-10 16:38:28,437 - [Supervisor] - INFO - 检查周期 #176
2026-08-10 16:38:49,383 - [Supervisor] - INFO - 检查周期 #177
2026-08-10 16:39:10,351 - [Supervisor] - INFO - 检查周期 #178
2026-08-10 16:39:31,393 - [Supervisor] - INFO - 检查周期 #179
2026-08-10 16:39:52,371 - [Supervisor] - INFO - 检查周期 #180
2026-08-10 16:40:13,313 - [Supervisor] - INFO - 检查周期 #181
2026-08-10 16:40:34,136 - [Supervisor] - INFO - 检查周期 #182
2026-08-10 16:40:55,059 - [Supervisor] - INFO - 检查周期 #183
2026-08-10 16:41:15,921 - [Supervisor] - INFO - 检查周期 #184
2026-08-10 16:41:36,798 - [Supervisor] - INFO - 检查周期 #185
2026-08-10 16:41:57,767 - [Supervisor] - INFO - 检查周期 #186
2026-08-10 16:42:18,671 - [Supervisor] - INFO - 检查周期 #187
2026-08-10 16:42:39,633 - [Supervisor] - INFO - 检查周期 #188
2026-08-10 16:43:00,518 - [Supervisor] - INFO - 检查周期 #189
2026-08-10 16:43:21,524 - [Supervisor] - INFO - 检查周期 #190
2026-08-10 16:43:42,402 - [Supervisor] - INFO - 检查周期 #191
2026-08-10 16:44:03,378 - [Supervisor] - INFO - 检查周期 #192
2026-08-10 16:44:24,342 - [Supervisor] - INFO - 检查周期 #193
2026-08-10 16:44:45,232 - [Supervisor] - INFO - 检查周期 #194
2026-08-10 16:45:06,175 - [Supervisor] - INFO - 检查周期 #195
2026-08-10 16:45:27,108 - [Supervisor] - INFO - 检查周期 #196
2026-08-10 16:45:48,031 - [Supervisor] - INFO - 检查周期 #197
2026-08-10 16:46:09,248 - [Supervisor] - INFO - 检查周期 #198
2026-08-10 16:46:30,296 - [Supervisor] - INFO - 检查周期 #199
2026-08-10 16:46:51,190 - [Supervisor] - INFO - 检查周期 #200
2026-08-10 16:47:12,039 - [Supervisor] - INFO - 检查周期 #201
2026-08-10 16:47:33,050 - [Supervisor] - INFO - 检查周期 #202
2026-08-10 16:47:53,996 - [Supervisor] - INFO - 检查周期 #203
2026-08-10 16:48:15,016 - [Supervisor] - INFO - 检查周期 #204
2026-08-10 16:48:35,961 - [Supervisor] - INFO - 检查周期 #205
2026-08-10 16:48:56,811 - [Supervisor] - INFO - 检查周期 #206
2026-08-10 16:49:17,693 - [Supervisor] - INFO - 检查周期 #207
2026-08-10 16:49:38,757 - [Supervisor] - INFO - 检查周期 #208
2026-08-10 16:49:59,691 - [Supervisor] - INFO - 检查周期 #209
2026-08-10 16:50:20,704 - [Supervisor] - INFO - 检查周期 #210
2026-08-10 16:50:41,636 - [Supervisor] - INFO - 检查周期 #211
2026-08-10 16:51:02,631 - [Supervisor] - INFO - 检查周期 #212
2026-08-10 16:51:23,662 - [Supervisor] - INFO - 检查周期 #213
2026-08-10 16:51:44,685 - [Supervisor] - INFO - 检查周期 #214
2026-08-10 16:52:05,689 - [Supervisor] - INFO - 检查周期 #215
2026-08-10 16:52:26,705 - [Supervisor] - INFO - 检查周期 #216
2026-08-10 16:52:47,638 - [Supervisor] - INFO - 检查周期 #217
2026-08-10 16:53:08,580 - [Supervisor] - INFO - 检查周期 #218
2026-08-10 16:53:29,559 - [Supervisor] - INFO - 检查周期 #219
2026-08-10 16:53:50,469 - [Supervisor] - INFO - 检查周期 #220
2026-08-10 16:54:11,437 - [Supervisor] - INFO - 检查周期 #221
2026-08-10 16:54:32,348 - [Supervisor] - INFO - 检查周期 #222
2026-08-10 16:54:53,443 - [Supervisor] - INFO - 检查周期 #223
2026-08-10 16:55:14,315 - [Supervisor] - INFO - 检查周期 #224
2026-08-10 16:55:35,300 - [Supervisor] - INFO - 检查周期 #225
2026-08-10 16:55:56,220 - [Supervisor] - INFO - 检查周期 #226
2026-08-10 16:56:17,255 - [Supervisor] - INFO - 检查周期 #227
2026-08-10 17:01:52,360 - [Supervisor] - INFO - 检查周期 #228
2026-08-10 17:02:13,296 - [Supervisor] - INFO - 检查周期 #229
2026-08-10 17:02:34,214 - [Supervisor] - INFO - 检查周期 #230
2026-08-10 17:02:55,184 - [Supervisor] - INFO - 检查周期 #231
2026-08-10 17:03:16,270 - [Supervisor] - INFO - 检查周期 #232
2026-08-10 17:03:37,197 - [Supervisor] - INFO - 检查周期 #233
2026-08-10 17:03:58,212 - [Supervisor] - INFO - 检查周期 #234
2026-08-10 17:04:19,139 - [Supervisor] - INFO - 检查周期 #235
2026-08-10 17:04:40,078 - [Supervisor] - INFO - 检查周期 #236
2026-08-10 17:05:01,162 - [Supervisor] - INFO - 检查周期 #237
2026-08-10 17:05:22,268 - [Supervisor] - INFO - 检查周期 #238
2026-08-10 17:05:22,271 - [Supervisor] - INFO - keeper_system (PID=21504) 已死亡，重启...
2026-08-10 17:05:22,272 - [Supervisor] - INFO - 启动 keeper_system...
2026-08-10 17:05:22,319 - [Supervisor] - INFO - keeper_system 已启动 PID=5015
2026-08-10 17:05:22,434 - [Supervisor] - INFO - keeper_terminal (PID=21506) 已死亡，重启...
2026-08-10 17:05:22,434 - [Supervisor] - INFO - 启动 keeper_terminal...
2026-08-10 17:05:22,437 - [Supervisor] - INFO - keeper_terminal 已启动 PID=5016
2026-08-10 17:05:43,349 - [Supervisor] - INFO - 检查周期 #239
2026-08-10 17:06:04,310 - [Supervisor] - INFO - 检查周期 #240
2026-08-10 17:06:25,306 - [Supervisor] - INFO - 检查周期 #241
2026-08-10 17:06:46,247 - [Supervisor] - INFO - 检查周期 #242
2026-08-10 17:07:07,206 - [Supervisor] - INFO - 检查周期 #243
2026-08-10 17:07:28,107 - [Supervisor] - INFO - 检查周期 #244
2026-08-10 17:07:49,021 - [Supervisor] - INFO - 检查周期 #245
2026-08-10 17:08:09,917 - [Supervisor] - INFO - 检查周期 #246
2026-08-10 17:08:30,860 - [Supervisor] - INFO - 检查周期 #247
2026-08-11 10:55:12,615 - [Supervisor] - INFO - === Supervisor v1.1 启动 ===
2026-08-11 10:55:12,616 - [Supervisor] - INFO - BASE=/root/loyanbot
2026-08-11 10:55:12,616 - [Supervisor] - INFO - WORKSPACE=/workspace
2026-08-11 10:55:12,618 - [Supervisor] - INFO - 清理僵尸 PID 文件: keeper_platform.pid (PID=21505)
2026-08-11 10:55:12,619 - [Supervisor] - INFO - 清理僵尸 PID 文件: keeper_terminal.pid (PID=5016)
2026-08-11 10:55:12,620 - [Supervisor] - INFO - 启动 keeper_platform...
2026-08-11 10:55:12,623 - [Supervisor] - INFO - keeper_platform 已启动 PID=14004
2026-08-11 10:55:12,623 - [Supervisor] - INFO - 启动 keeper_terminal...
2026-08-11 10:55:12,631 - [Supervisor] - INFO - keeper_terminal 已启动 PID=14005
2026-08-11 10:55:32,632 - [Supervisor] - INFO - 检查周期 #1
2026-08-11 10:55:53,600 - [Supervisor] - INFO - 检查周期 #2
2026-08-11 10:56:14,514 - [Supervisor] - INFO - 检查周期 #3
2026-08-11 10:56:35,474 - [Supervisor] - INFO - 检查周期 #4
2026-08-11 10:56:56,469 - [Supervisor] - INFO - 检查周期 #5
2026-08-11 10:57:17,523 - [Supervisor] - INFO - 检查周期 #6
2026-08-11 10:57:38,889 - [Supervisor] - INFO - 检查周期 #7
2026-08-11 10:57:59,873 - [Supervisor] - INFO - 检查周期 #8
2026-08-11 10:58:20,950 - [Supervisor] - INFO - 检查周期 #9
2026-08-11 10:58:41,946 - [Supervisor] - INFO - 检查周期 #10
2026-08-11 10:59:02,870 - [Supervisor] - INFO - 检查周期 #11
2026-08-11 10:59:23,834 - [Supervisor] - INFO - 检查周期 #12
2026-08-11 10:59:44,895 - [Supervisor] - INFO - 检查周期 #13
2026-08-11 11:00:05,827 - [Supervisor] - INFO - 检查周期 #14
2026-08-11 11:00:26,740 - [Supervisor] - INFO - 检查周期 #15
2026-08-11 11:00:47,781 - [Supervisor] - INFO - 检查周期 #16
2026-08-11 11:01:08,698 - [Supervisor] - INFO - 检查周期 #17
2026-08-11 11:01:29,638 - [Supervisor] - INFO - 检查周期 #18
2026-08-11 11:01:50,558 - [Supervisor] - INFO - 检查周期 #19
2026-08-11 11:02:11,461 - [Supervisor] - INFO - 检查周期 #20
2026-08-11 11:02:32,396 - [Supervisor] - INFO - 检查周期 #21
2026-08-11 11:02:53,279 - [Supervisor] - INFO - 检查周期 #22
2026-08-11 11:03:14,237 - [Supervisor] - INFO - 检查周期 #23
2026-08-11 11:03:35,165 - [Supervisor] - INFO - 检查周期 #24
2026-08-11 11:03:57,082 - [Supervisor] - INFO - 检查周期 #25
2026-08-11 11:04:18,066 - [Supervisor] - INFO - 检查周期 #26
2026-08-11 11:04:38,990 - [Supervisor] - INFO - 检查周期 #27
2026-08-11 11:05:01,063 - [Supervisor] - INFO - 检查周期 #28
2026-08-11 11:05:22,551 - [Supervisor] - INFO - 检查周期 #29
2026-08-11 11:05:43,427 - [Supervisor] - INFO - 检查周期 #30
2026-08-11 11:06:04,408 - [Supervisor] - INFO - 检查周期 #31
2026-08-11 11:06:25,341 - [Supervisor] - INFO - 检查周期 #32
2026-08-11 11:06:46,326 - [Supervisor] - INFO - 检查周期 #33
2026-08-11 11:07:07,304 - [Supervisor] - INFO - 检查周期 #34
2026-08-11 11:07:28,223 - [Supervisor] - INFO - 检查周期 #35
2026-08-11 11:07:49,546 - [Supervisor] - INFO - 检查周期 #36
2026-08-11 11:08:11,864 - [Supervisor] - INFO - 检查周期 #37
2026-08-11 11:08:34,149 - [Supervisor] - INFO - 检查周期 #38
2026-08-11 11:08:55,135 - [Supervisor] - INFO - 检查周期 #39
2026-08-11 11:09:16,102 - [Supervisor] - INFO - 检查周期 #40
2026-08-11 11:09:37,014 - [Supervisor] - INFO - 检查周期 #41
2026-08-11 11:09:58,105 - [Supervisor] - INFO - 检查周期 #42
2026-08-11 11:10:19,070 - [Supervisor] - INFO - 检查周期 #43
2026-08-11 11:10:40,055 - [Supervisor] - INFO - 检查周期 #44
2026-08-11 11:11:00,969 - [Supervisor] - INFO - 检查周期 #45
2026-08-11 11:11:24,131 - [Supervisor] - INFO - 检查周期 #46
2026-08-11 11:11:45,050 - [Supervisor] - INFO - 检查周期 #47
2026-08-11 11:12:06,011 - [Supervisor] - INFO - 检查周期 #48
2026-08-11 11:12:26,930 - [Supervisor] - INFO - 检查周期 #49
2026-08-11 11:12:47,850 - [Supervisor] - INFO - 检查周期 #50
2026-08-11 11:13:08,806 - [Supervisor] - INFO - 检查周期 #51
2026-08-11 11:13:29,717 - [Supervisor] - INFO - 检查周期 #52
2026-08-11 11:13:50,656 - [Supervisor] - INFO - 检查周期 #53
2026-08-11 11:14:11,608 - [Supervisor] - INFO - 检查周期 #54
2026-08-11 11:14:32,526 - [Supervisor] - INFO - 检查周期 #55
2026-08-11 11:14:53,438 - [Supervisor] - INFO - 检查周期 #56
2026-08-11 11:15:14,400 - [Supervisor] - INFO - 检查周期 #57
2026-08-11 11:15:35,328 - [Supervisor] - INFO - 检查周期 #58
2026-08-11 11:15:56,240 - [Supervisor] - INFO - 检查周期 #59
2026-08-11 11:16:17,139 - [Supervisor] - INFO - 检查周期 #60
2026-08-11 11:16:38,057 - [Supervisor] - INFO - 检查周期 #61
2026-08-11 11:16:58,986 - [Supervisor] - INFO - 检查周期 #62
2026-08-11 11:17:19,938 - [Supervisor] - INFO - 检查周期 #63
2026-08-11 11:17:40,906 - [Supervisor] - INFO - 检查周期 #64
2026-08-11 11:18:01,931 - [Supervisor] - INFO - 检查周期 #65
2026-08-11 11:18:22,838 - [Supervisor] - INFO - 检查周期 #66
2026-08-11 11:18:43,769 - [Supervisor] - INFO - 检查周期 #67
2026-08-11 11:19:04,764 - [Supervisor] - INFO - 检查周期 #68
2026-08-11 11:19:25,666 - [Supervisor] - INFO - 检查周期 #69
2026-08-11 11:19:46,583 - [Supervisor] - INFO - 检查周期 #70
2026-08-11 11:20:07,528 - [Supervisor] - INFO - 检查周期 #71
2026-08-11 11:20:28,574 - [Supervisor] - INFO - 检查周期 #72
2026-08-11 11:20:49,491 - [Supervisor] - INFO - 检查周期 #73
2026-08-11 11:21:10,480 - [Supervisor] - INFO - 检查周期 #74
2026-08-11 11:21:31,413 - [Supervisor] - INFO - 检查周期 #75
2026-08-11 11:21:52,421 - [Supervisor] - INFO - 检查周期 #76
2026-08-11 11:22:13,350 - [Supervisor] - INFO - 检查周期 #77
2026-08-11 11:22:34,270 - [Supervisor] - INFO - 检查周期 #78
2026-08-11 11:22:55,250 - [Supervisor] - INFO - 检查周期 #79
2026-08-11 11:23:16,167 - [Supervisor] - INFO - 检查周期 #80
2026-08-11 11:23:37,426 - [Supervisor] - INFO - 检查周期 #81
2026-08-11 11:23:58,366 - [Supervisor] - INFO - 检查周期 #82
2026-08-11 11:24:19,337 - [Supervisor] - INFO - 检查周期 #83
2026-08-11 11:24:40,723 - [Supervisor] - INFO - 检查周期 #84
2026-08-11 11:25:02,114 - [Supervisor] - INFO - 检查周期 #85
2026-08-11 11:25:23,466 - [Supervisor] - INFO - 检查周期 #86
2026-08-11 11:25:44,910 - [Supervisor] - INFO - 检查周期 #87
2026-08-11 11:26:05,838 - [Supervisor] - INFO - 检查周期 #88
2026-08-11 11:26:26,770 - [Supervisor] - INFO - 检查周期 #89
2026-08-11 11:26:48,118 - [Supervisor] - INFO - 检查周期 #90
2026-08-11 11:27:09,320 - [Supervisor] - INFO - 检查周期 #91
2026-08-11 11:27:31,284 - [Supervisor] - INFO - 检查周期 #92
2026-08-11 11:27:52,293 - [Supervisor] - INFO - 检查周期 #93
2026-08-11 11:28:13,382 - [Supervisor] - INFO - 检查周期 #94
2026-08-11 11:28:34,457 - [Supervisor] - INFO - 检查周期 #95
2026-08-11 11:28:55,489 - [Supervisor] - INFO - 检查周期 #96
2026-08-11 11:29:16,436 - [Supervisor] - INFO - 检查周期 #97
2026-08-11 11:29:37,363 - [Supervisor] - INFO - 检查周期 #98
2026-08-11 11:29:58,336 - [Supervisor] - INFO - 检查周期 #99
2026-08-11 11:30:19,451 - [Supervisor] - INFO - 检查周期 #100
2026-08-11 11:30:40,609 - [Supervisor] - INFO - 检查周期 #101
2026-08-11 11:31:02,762 - [Supervisor] - INFO - 检查周期 #102
2026-08-11 11:31:23,758 - [Supervisor] - INFO - 检查周期 #103
2026-08-11 11:31:44,688 - [Supervisor] - INFO - 检查周期 #104
2026-08-11 11:32:05,597 - [Supervisor] - INFO - 检查周期 #105
2026-08-11 11:32:26,547 - [Supervisor] - INFO - 检查周期 #106
2026-08-11 11:32:47,478 - [Supervisor] - INFO - 检查周期 #107
2026-08-11 11:33:08,500 - [Supervisor] - INFO - 检查周期 #108
2026-08-11 11:33:29,436 - [Supervisor] - INFO - 检查周期 #109
2026-08-11 11:33:50,437 - [Supervisor] - INFO - 检查周期 #110
2026-08-11 11:34:11,431 - [Supervisor] - INFO - 检查周期 #111
2026-08-11 11:34:32,432 - [Supervisor] - INFO - 检查周期 #112
2026-08-11 11:34:53,178 - [Supervisor] - INFO - 检查周期 #113
2026-08-11 11:35:14,400 - [Supervisor] - INFO - 检查周期 #114
2026-08-11 11:35:35,477 - [Supervisor] - INFO - 检查周期 #115
2026-08-11 11:35:56,411 - [Supervisor] - INFO - 检查周期 #116
2026-08-11 11:36:17,371 - [Supervisor] - INFO - 检查周期 #117
2026-08-11 11:36:38,284 - [Supervisor] - INFO - 检查周期 #118
2026-08-11 11:36:59,226 - [Supervisor] - INFO - 检查周期 #119
2026-08-11 11:37:20,000 - [Supervisor] - INFO - 检查周期 #120
2026-08-11 11:37:40,923 - [Supervisor] - INFO - 检查周期 #121
2026-08-11 11:38:01,810 - [Supervisor] - INFO - 检查周期 #122
2026-08-11 11:38:22,813 - [Supervisor] - INFO - 检查周期 #123
2026-08-11 11:38:43,767 - [Supervisor] - INFO - 检查周期 #124
2026-08-11 11:39:04,715 - [Supervisor] - INFO - 检查周期 #125
2026-08-11 11:39:25,673 - [Supervisor] - INFO - 检查周期 #126
2026-08-11 11:39:46,784 - [Supervisor] - INFO - 检查周期 #127
2026-08-11 11:40:07,708 - [Supervisor] - INFO - 检查周期 #128
2026-08-11 11:40:28,571 - [Supervisor] - INFO - 检查周期 #129
2026-08-11 11:40:49,547 - [Supervisor] - INFO - 检查周期 #130
2026-08-11 11:41:10,485 - [Supervisor] - INFO - 检查周期 #131
2026-08-11 11:41:31,416 - [Supervisor] - INFO - 检查周期 #132
2026-08-11 11:41:52,469 - [Supervisor] - INFO - 检查周期 #133
2026-08-11 11:42:13,437 - [Supervisor] - INFO - 检查周期 #134
2026-08-11 11:42:34,354 - [Supervisor] - INFO - 检查周期 #135
2026-08-11 11:42:55,290 - [Supervisor] - INFO - 检查周期 #136
2026-08-11 11:43:16,270 - [Supervisor] - INFO - 检查周期 #137
2026-08-11 11:43:37,203 - [Supervisor] - INFO - 检查周期 #138
2026-08-11 11:43:58,141 - [Supervisor] - INFO - 检查周期 #139
2026-08-11 11:44:19,033 - [Supervisor] - INFO - 检查周期 #140
2026-08-11 11:44:40,073 - [Supervisor] - INFO - 检查周期 #141
2026-08-11 11:45:01,058 - [Supervisor] - INFO - 检查周期 #142
2026-08-11 11:45:22,059 - [Supervisor] - INFO - 检查周期 #143
2026-08-11 11:45:43,020 - [Supervisor] - INFO - 检查周期 #144
2026-08-11 11:46:03,941 - [Supervisor] - INFO - 检查周期 #145
2026-08-11 11:46:24,840 - [Supervisor] - INFO - 检查周期 #146
2026-08-11 11:46:45,751 - [Supervisor] - INFO - 检查周期 #147
2026-08-11 11:47:06,719 - [Supervisor] - INFO - 检查周期 #148
2026-08-11 11:47:28,139 - [Supervisor] - INFO - 检查周期 #149
2026-08-11 11:47:49,184 - [Supervisor] - INFO - 检查周期 #150
2026-08-11 11:48:10,197 - [Supervisor] - INFO - 检查周期 #151
2026-08-11 11:48:31,146 - [Supervisor] - INFO - 检查周期 #152
2026-08-11 11:48:52,083 - [Supervisor] - INFO - 检查周期 #153
2026-08-11 11:49:13,116 - [Supervisor] - INFO - 检查周期 #154
2026-08-11 11:49:34,014 - [Supervisor] - INFO - 检查周期 #155
2026-08-11 11:49:54,939 - [Supervisor] - INFO - 检查周期 #156
2026-08-11 11:50:15,852 - [Supervisor] - INFO - 检查周期 #157
2026-08-11 11:50:36,795 - [Supervisor] - INFO - 检查周期 #158
2026-08-11 11:50:57,752 - [Supervisor] - INFO - 检查周期 #159
2026-08-11 11:51:18,749 - [Supervisor] - INFO - 检查周期 #160
2026-08-11 11:51:39,685 - [Supervisor] - INFO - 检查周期 #161
2026-08-11 11:52:00,631 - [Supervisor] - INFO - 检查周期 #162
2026-08-11 11:52:21,649 - [Supervisor] - INFO - 检查周期 #163
2026-08-11 11:52:42,636 - [Supervisor] - INFO - 检查周期 #164
2026-08-11 11:53:03,914 - [Supervisor] - INFO - 检查周期 #165
2026-08-11 11:53:24,848 - [Supervisor] - INFO - 检查周期 #166
2026-08-11 11:53:45,771 - [Supervisor] - INFO - 检查周期 #167
2026-08-11 11:54:06,777 - [Supervisor] - INFO - 检查周期 #168
2026-08-11 11:54:27,869 - [Supervisor] - INFO - 检查周期 #169
2026-08-11 11:54:48,787 - [Supervisor] - INFO - 检查周期 #170
2026-08-11 11:55:09,751 - [Supervisor] - INFO - 检查周期 #171
2026-08-11 11:55:30,668 - [Supervisor] - INFO - 检查周期 #172
2026-08-11 11:55:51,639 - [Supervisor] - INFO - 检查周期 #173
2026-08-11 11:56:12,619 - [Supervisor] - INFO - 检查周期 #174
2026-08-11 11:56:33,549 - [Supervisor] - INFO - 检查周期 #175
2026-08-11 11:56:54,450 - [Supervisor] - INFO - 检查周期 #176
2026-08-11 11:57:15,458 - [Supervisor] - INFO - 检查周期 #177
2026-08-11 11:57:36,473 - [Supervisor] - INFO - 检查周期 #178
2026-08-11 11:57:57,429 - [Supervisor] - INFO - 检查周期 #179
2026-08-11 11:58:18,406 - [Supervisor] - INFO - 检查周期 #180
2026-08-11 11:58:39,429 - [Supervisor] - INFO - 检查周期 #181
2026-08-11 11:59:00,371 - [Supervisor] - INFO - 检查周期 #182
2026-08-11 11:59:21,282 - [Supervisor] - INFO - 检查周期 #183
2026-08-11 11:59:42,286 - [Supervisor] - INFO - 检查周期 #184
2026-08-11 12:00:03,685 - [Supervisor] - INFO - 检查周期 #185
2026-08-11 12:00:25,163 - [Supervisor] - INFO - 检查周期 #186
2026-08-11 12:00:46,120 - [Supervisor] - INFO - 检查周期 #187
2026-08-11 12:01:07,162 - [Supervisor] - INFO - 检查周期 #188
2026-08-11 12:01:28,134 - [Supervisor] - INFO - 检查周期 #189
2026-08-11 12:01:49,131 - [Supervisor] - INFO - 检查周期 #190
2026-08-11 12:02:10,075 - [Supervisor] - INFO - 检查周期 #191
2026-08-11 12:02:31,040 - [Supervisor] - INFO - 检查周期 #192
2026-08-11 12:02:52,078 - [Supervisor] - INFO - 检查周期 #193
2026-08-11 12:03:13,058 - [Supervisor] - INFO - 检查周期 #194
2026-08-11 12:03:34,278 - [Supervisor] - INFO - 检查周期 #195
2026-08-11 12:03:55,272 - [Supervisor] - INFO - 检查周期 #196
2026-08-11 12:04:16,661 - [Supervisor] - INFO - 检查周期 #197
2026-08-11 12:04:37,999 - [Supervisor] - INFO - 检查周期 #198
2026-08-11 12:04:58,950 - [Supervisor] - INFO - 检查周期 #199
2026-08-11 12:05:20,007 - [Supervisor] - INFO - 检查周期 #200
2026-08-11 12:05:41,531 - [Supervisor] - INFO - 检查周期 #201
2026-08-11 12:06:03,703 - [Supervisor] - INFO - 检查周期 #202
2026-08-11 12:06:24,640 - [Supervisor] - INFO - 检查周期 #203
2026-08-11 12:06:46,125 - [Supervisor] - INFO - 检查周期 #204
2026-08-11 12:07:07,501 - [Supervisor] - INFO - 检查周期 #205
2026-08-11 12:07:28,999 - [Supervisor] - INFO - 检查周期 #206
2026-08-11 12:07:50,404 - [Supervisor] - INFO - 检查周期 #207
2026-08-11 12:08:11,385 - [Supervisor] - INFO - 检查周期 #208
2026-08-11 12:08:32,470 - [Supervisor] - INFO - 检查周期 #209
2026-08-11 12:08:53,467 - [Supervisor] - INFO - 检查周期 #210
2026-08-11 12:09:14,427 - [Supervisor] - INFO - 检查周期 #211
2026-08-11 12:09:35,397 - [Supervisor] - INFO - 检查周期 #212
2026-08-11 12:09:56,304 - [Supervisor] - INFO - 检查周期 #213
2026-08-11 12:10:17,192 - [Supervisor] - INFO - 检查周期 #214
2026-08-11 12:10:38,126 - [Supervisor] - INFO - 检查周期 #215
2026-08-11 12:10:59,051 - [Supervisor] - INFO - 检查周期 #216
2026-08-11 12:11:20,353 - [Supervisor] - INFO - 检查周期 #217
2026-08-11 12:11:41,344 - [Supervisor] - INFO - 检查周期 #218
2026-08-11 12:12:02,359 - [Supervisor] - INFO - 检查周期 #219
2026-08-11 12:12:23,323 - [Supervisor] - INFO - 检查周期 #220
2026-08-11 12:12:47,417 - [Supervisor] - INFO - 检查周期 #221
2026-08-11 12:13:08,352 - [Supervisor] - INFO - 检查周期 #222
2026-08-11 12:13:29,308 - [Supervisor] - INFO - 检查周期 #223
2026-08-11 12:13:50,219 - [Supervisor] - INFO - 检查周期 #224
2026-08-11 12:14:11,192 - [Supervisor] - INFO - 检查周期 #225
2026-08-11 12:14:32,185 - [Supervisor] - INFO - 检查周期 #226
2026-08-11 12:14:53,080 - [Supervisor] - INFO - 检查周期 #227
2026-08-11 12:15:14,071 - [Supervisor] - INFO - 检查周期 #228
2026-08-11 12:15:35,913 - [Supervisor] - INFO - 检查周期 #229
2026-08-11 12:15:57,756 - [Supervisor] - INFO - 检查周期 #230
2026-08-11 12:16:18,630 - [Supervisor] - INFO - 检查周期 #231
2026-08-11 12:16:39,692 - [Supervisor] - INFO - 检查周期 #232
2026-08-11 12:17:00,596 - [Supervisor] - INFO - 检查周期 #233
2026-08-11 12:17:21,639 - [Supervisor] - INFO - 检查周期 #234
2026-08-11 12:17:42,534 - [Supervisor] - INFO - 检查周期 #235
2026-08-11 12:18:03,549 - [Supervisor] - INFO - 检查周期 #236
2026-08-11 12:18:24,574 - [Supervisor] - INFO - 检查周期 #237
2026-08-11 12:18:45,515 - [Supervisor] - INFO - 检查周期 #238
2026-08-11 12:19:06,517 - [Supervisor] - INFO - 检查周期 #239
2026-08-11 12:19:27,493 - [Supervisor] - INFO - 检查周期 #240
2026-08-11 12:19:48,395 - [Supervisor] - INFO - 检查周期 #241
2026-08-11 12:20:09,374 - [Supervisor] - INFO - 检查周期 #242
2026-08-11 12:20:30,316 - [Supervisor] - INFO - 检查周期 #243
2026-08-11 12:20:51,369 - [Supervisor] - INFO - 检查周期 #244
2026-08-11 12:21:12,286 - [Supervisor] - INFO - 检查周期 #245
2026-08-11 12:21:33,187 - [Supervisor] - INFO - 检查周期 #246
2026-08-11 12:21:54,156 - [Supervisor] - INFO - 检查周期 #247
2026-08-11 12:22:15,109 - [Supervisor] - INFO - 检查周期 #248
2026-08-11 12:22:36,073 - [Supervisor] - INFO - 检查周期 #249
2026-08-11 12:22:56,998 - [Supervisor] - INFO - 检查周期 #250
2026-08-11 12:23:18,048 - [Supervisor] - INFO - 检查周期 #251
2026-08-11 12:23:39,036 - [Supervisor] - INFO - 检查周期 #252
2026-08-11 12:24:00,008 - [Supervisor] - INFO - 检查周期 #253
2026-08-11 12:24:20,940 - [Supervisor] - INFO - 检查周期 #254
2026-08-11 12:24:41,827 - [Supervisor] - INFO - 检查周期 #255
2026-08-11 12:25:02,742 - [Supervisor] - INFO - 检查周期 #256
2026-08-11 12:25:23,706 - [Supervisor] - INFO - 检查周期 #257
2026-08-11 12:25:44,559 - [Supervisor] - INFO - 检查周期 #258
2026-08-11 12:26:05,511 - [Supervisor] - INFO - 检查周期 #259
2026-08-11 12:26:26,441 - [Supervisor] - INFO - 检查周期 #260
2026-08-11 12:26:47,348 - [Supervisor] - INFO - 检查周期 #261
2026-08-11 12:27:08,290 - [Supervisor] - INFO - 检查周期 #262
2026-08-11 12:27:29,323 - [Supervisor] - INFO - 检查周期 #263
2026-08-11 12:27:50,256 - [Supervisor] - INFO - 检查周期 #264
2026-08-11 12:28:11,200 - [Supervisor] - INFO - 检查周期 #265
2026-08-11 12:28:32,160 - [Supervisor] - INFO - 检查周期 #266
2026-08-11 12:28:53,094 - [Supervisor] - INFO - 检查周期 #267
2026-08-11 12:29:14,032 - [Supervisor] - INFO - 检查周期 #268
2026-08-11 12:29:34,935 - [Supervisor] - INFO - 检查周期 #269
2026-08-11 12:29:55,843 - [Supervisor] - INFO - 检查周期 #270
2026-08-11 12:30:16,767 - [Supervisor] - INFO - 检查周期 #271
2026-08-11 12:30:37,726 - [Supervisor] - INFO - 检查周期 #272
2026-08-11 12:30:58,720 - [Supervisor] - INFO - 检查周期 #273
2026-08-11 12:30:59,182 - [Supervisor] - INFO - === Supervisor v1.1 启动 ===
2026-08-11 12:30:59,182 - [Supervisor] - INFO - BASE=/root/loyanbot
2026-08-11 12:30:59,182 - [Supervisor] - INFO - WORKSPACE=/workspace
2026-08-11 12:31:19,183 - [Supervisor] - INFO - 检查周期 #1
2026-08-11 12:31:19,741 - [Supervisor] - INFO - 检查周期 #274
2026-08-11 12:31:40,102 - [Supervisor] - INFO - 检查周期 #2
2026-08-11 12:31:40,647 - [Supervisor] - INFO - 检查周期 #275
2026-08-11 12:32:01,033 - [Supervisor] - INFO - 检查周期 #3
2026-08-11 12:32:01,519 - [Supervisor] - INFO - 检查周期 #276
2026-08-11 12:32:22,230 - [Supervisor] - INFO - 检查周期 #4
2026-08-11 12:32:22,544 - [Supervisor] - INFO - 检查周期 #277
2026-08-11 12:32:43,241 - [Supervisor] - INFO - 检查周期 #5
2026-08-11 12:32:43,484 - [Supervisor] - INFO - 检查周期 #278
2026-08-11 12:33:05,910 - [Supervisor] - INFO - 检查周期 #6
2026-08-11 12:33:06,329 - [Supervisor] - INFO - 检查周期 #279
2026-08-11 12:33:26,883 - [Supervisor] - INFO - 检查周期 #7
2026-08-11 12:33:27,317 - [Supervisor] - INFO - 检查周期 #280
2026-08-11 12:33:47,811 - [Supervisor] - INFO - 检查周期 #8
2026-08-11 12:33:48,217 - [Supervisor] - INFO - 检查周期 #281
2026-08-11 12:34:08,876 - [Supervisor] - INFO - 检查周期 #9
2026-08-11 12:34:11,609 - [Supervisor] - INFO - 检查周期 #282
2026-08-11 12:34:29,883 - [Supervisor] - INFO - 检查周期 #10
2026-08-11 12:34:32,533 - [Supervisor] - INFO - 检查周期 #283
2026-08-11 12:34:50,986 - [Supervisor] - INFO - 检查周期 #11
2026-08-11 12:34:53,675 - [Supervisor] - INFO - 检查周期 #284
2026-08-11 12:35:11,961 - [Supervisor] - INFO - 检查周期 #12
2026-08-11 12:35:14,629 - [Supervisor] - INFO - 检查周期 #285
2026-08-11 12:35:32,913 - [Supervisor] - INFO - 检查周期 #13
2026-08-11 12:35:35,667 - [Supervisor] - INFO - 检查周期 #286
2026-08-11 12:35:53,959 - [Supervisor] - INFO - 检查周期 #14
2026-08-11 12:35:56,684 - [Supervisor] - INFO - 检查周期 #287
2026-08-11 12:36:14,879 - [Supervisor] - INFO - 检查周期 #15
2026-08-11 12:36:17,768 - [Supervisor] - INFO - 检查周期 #288
2026-08-11 12:36:35,812 - [Supervisor] - INFO - 检查周期 #16
2026-08-11 12:36:38,820 - [Supervisor] - INFO - 检查周期 #289
2026-08-11 12:36:56,733 - [Supervisor] - INFO - 检查周期 #17
2026-08-11 12:36:59,707 - [Supervisor] - INFO - 检查周期 #290
2026-08-11 12:37:17,750 - [Supervisor] - INFO - 检查周期 #18
2026-08-11 12:37:20,663 - [Supervisor] - INFO - 检查周期 #291
2026-08-11 12:37:38,674 - [Supervisor] - INFO - 检查周期 #19
2026-08-11 12:37:41,556 - [Supervisor] - INFO - 检查周期 #292
2026-08-11 12:37:59,665 - [Supervisor] - INFO - 检查周期 #20
2026-08-11 12:38:02,485 - [Supervisor] - INFO - 检查周期 #293
2026-08-11 12:38:20,623 - [Supervisor] - INFO - 检查周期 #21
2026-08-11 12:38:23,367 - [Supervisor] - INFO - 检查周期 #294
2026-08-11 12:38:41,542 - [Supervisor] - INFO - 检查周期 #22
2026-08-11 12:38:44,356 - [Supervisor] - INFO - 检查周期 #295
2026-08-11 12:39:02,561 - [Supervisor] - INFO - 检查周期 #23
2026-08-11 12:39:05,409 - [Supervisor] - INFO - 检查周期 #296
2026-08-11 12:39:23,530 - [Supervisor] - INFO - 检查周期 #24
2026-08-11 12:39:26,278 - [Supervisor] - INFO - 检查周期 #297
2026-08-11 12:39:44,457 - [Supervisor] - INFO - 检查周期 #25
2026-08-11 12:39:47,277 - [Supervisor] - INFO - 检查周期 #298
2026-08-11 12:40:05,352 - [Supervisor] - INFO - 检查周期 #26
2026-08-11 12:40:08,125 - [Supervisor] - INFO - 检查周期 #299
2026-08-11 12:40:26,267 - [Supervisor] - INFO - 检查周期 #27
2026-08-11 12:40:29,101 - [Supervisor] - INFO - 检查周期 #300
2026-08-11 12:40:47,195 - [Supervisor] - INFO - 检查周期 #28
2026-08-11 12:40:50,113 - [Supervisor] - INFO - 检查周期 #301
2026-08-11 12:41:08,160 - [Supervisor] - INFO - 检查周期 #29
2026-08-11 12:41:11,020 - [Supervisor] - INFO - 检查周期 #302
2026-08-11 12:41:29,105 - [Supervisor] - INFO - 检查周期 #30
2026-08-11 12:41:31,976 - [Supervisor] - INFO - 检查周期 #303
2026-08-11 12:41:50,047 - [Supervisor] - INFO - 检查周期 #31
2026-08-11 12:41:52,959 - [Supervisor] - INFO - 检查周期 #304
2026-08-11 12:42:10,992 - [Supervisor] - INFO - 检查周期 #32
2026-08-11 12:42:13,878 - [Supervisor] - INFO - 检查周期 #305
2026-08-11 12:42:31,935 - [Supervisor] - INFO - 检查周期 #33
2026-08-11 12:42:34,819 - [Supervisor] - INFO - 检查周期 #306
2026-08-11 12:42:52,862 - [Supervisor] - INFO - 检查周期 #34
2026-08-11 12:42:55,746 - [Supervisor] - INFO - 检查周期 #307
2026-08-11 12:43:13,886 - [Supervisor] - INFO - 检查周期 #35
2026-08-11 12:43:16,718 - [Supervisor] - INFO - 检查周期 #308
2026-08-11 12:43:34,769 - [Supervisor] - INFO - 检查周期 #36
2026-08-11 12:43:37,650 - [Supervisor] - INFO - 检查周期 #309
2026-08-11 12:43:55,700 - [Supervisor] - INFO - 检查周期 #37
2026-08-11 12:43:58,620 - [Supervisor] - INFO - 检查周期 #310
2026-08-11 12:44:16,669 - [Supervisor] - INFO - 检查周期 #38
2026-08-11 12:44:19,510 - [Supervisor] - INFO - 检查周期 #311
2026-08-11 12:44:37,543 - [Supervisor] - INFO - 检查周期 #39
2026-08-11 12:44:40,433 - [Supervisor] - INFO - 检查周期 #312
2026-08-11 12:44:58,451 - [Supervisor] - INFO - 检查周期 #40
2026-08-11 12:45:01,326 - [Supervisor] - INFO - 检查周期 #313
2026-08-11 12:45:19,396 - [Supervisor] - INFO - 检查周期 #41
2026-08-11 12:45:22,252 - [Supervisor] - INFO - 检查周期 #314
2026-08-11 12:45:40,375 - [Supervisor] - INFO - 检查周期 #42
2026-08-11 12:45:43,179 - [Supervisor] - INFO - 检查周期 #315
2026-08-11 12:46:01,331 - [Supervisor] - INFO - 检查周期 #43
2026-08-11 12:46:04,155 - [Supervisor] - INFO - 检查周期 #316
2026-08-11 12:46:22,254 - [Supervisor] - INFO - 检查周期 #44
2026-08-11 12:46:25,059 - [Supervisor] - INFO - 检查周期 #317
2026-08-11 12:46:43,268 - [Supervisor] - INFO - 检查周期 #45
2026-08-11 12:46:46,047 - [Supervisor] - INFO - 检查周期 #318
2026-08-11 12:47:04,200 - [Supervisor] - INFO - 检查周期 #46
2026-08-11 12:47:08,187 - [Supervisor] - INFO - 检查周期 #319
2026-08-11 12:47:25,121 - [Supervisor] - INFO - 检查周期 #47
2026-08-11 12:47:30,151 - [Supervisor] - INFO - 检查周期 #320
2026-08-11 12:47:46,041 - [Supervisor] - INFO - 检查周期 #48
2026-08-11 12:47:51,149 - [Supervisor] - INFO - 检查周期 #321
2026-08-11 12:48:06,969 - [Supervisor] - INFO - 检查周期 #49
2026-08-11 12:48:12,061 - [Supervisor] - INFO - 检查周期 #322
2026-08-11 12:48:27,858 - [Supervisor] - INFO - 检查周期 #50
2026-08-11 12:48:33,127 - [Supervisor] - INFO - 检查周期 #323
2026-08-11 12:48:48,833 - [Supervisor] - INFO - 检查周期 #51
2026-08-11 12:48:54,004 - [Supervisor] - INFO - 检查周期 #324
2026-08-11 12:49:09,796 - [Supervisor] - INFO - 检查周期 #52
2026-08-11 12:49:15,023 - [Supervisor] - INFO - 检查周期 #325
2026-08-11 12:49:30,722 - [Supervisor] - INFO - 检查周期 #53
2026-08-11 12:49:35,931 - [Supervisor] - INFO - 检查周期 #326
2026-08-11 12:49:51,588 - [Supervisor] - INFO - 检查周期 #54
2026-08-11 12:49:56,884 - [Supervisor] - INFO - 检查周期 #327
2026-08-11 12:50:12,503 - [Supervisor] - INFO - 检查周期 #55
2026-08-11 12:50:17,804 - [Supervisor] - INFO - 检查周期 #328
2026-08-11 12:50:33,449 - [Supervisor] - INFO - 检查周期 #56
2026-08-11 12:50:38,718 - [Supervisor] - INFO - 检查周期 #329
2026-08-11 12:50:54,352 - [Supervisor] - INFO - 检查周期 #57
2026-08-11 12:50:59,633 - [Supervisor] - INFO - 检查周期 #330
2026-08-11 12:51:15,400 - [Supervisor] - INFO - 检查周期 #58
2026-08-11 12:51:20,525 - [Supervisor] - INFO - 检查周期 #331
2026-08-11 12:51:36,312 - [Supervisor] - INFO - 检查周期 #59
2026-08-11 12:51:41,397 - [Supervisor] - INFO - 检查周期 #332
2026-08-11 12:51:57,386 - [Supervisor] - INFO - 检查周期 #60
2026-08-11 12:52:02,328 - [Supervisor] - INFO - 检查周期 #333
2026-08-11 12:52:18,305 - [Supervisor] - INFO - 检查周期 #61
2026-08-11 12:52:23,288 - [Supervisor] - INFO - 检查周期 #334
2026-08-11 12:52:39,218 - [Supervisor] - INFO - 检查周期 #62
2026-08-11 12:52:44,237 - [Supervisor] - INFO - 检查周期 #335
2026-08-11 12:53:00,228 - [Supervisor] - INFO - 检查周期 #63
2026-08-11 12:53:05,245 - [Supervisor] - INFO - 检查周期 #336
2026-08-11 12:53:21,278 - [Supervisor] - INFO - 检查周期 #64
2026-08-11 12:53:26,293 - [Supervisor] - INFO - 检查周期 #337
2026-08-11 12:53:42,271 - [Supervisor] - INFO - 检查周期 #65
2026-08-11 12:53:47,185 - [Supervisor] - INFO - 检查周期 #338
2026-08-11 12:54:03,183 - [Supervisor] - INFO - 检查周期 #66
2026-08-11 12:54:08,075 - [Supervisor] - INFO - 检查周期 #339
2026-08-11 12:54:24,098 - [Supervisor] - INFO - 检查周期 #67
2026-08-11 12:54:29,019 - [Supervisor] - INFO - 检查周期 #340
2026-08-11 12:54:45,000 - [Supervisor] - INFO - 检查周期 #68
2026-08-11 12:54:49,975 - [Supervisor] - INFO - 检查周期 #341
2026-08-11 12:55:05,881 - [Supervisor] - INFO - 检查周期 #69
2026-08-11 12:55:10,879 - [Supervisor] - INFO - 检查周期 #342
2026-08-11 12:55:26,753 - [Supervisor] - INFO - 检查周期 #70
2026-08-11 12:55:31,761 - [Supervisor] - INFO - 检查周期 #343
2026-08-11 12:55:47,778 - [Supervisor] - INFO - 检查周期 #71
2026-08-11 12:55:52,662 - [Supervisor] - INFO - 检查周期 #344
2026-08-11 12:56:08,699 - [Supervisor] - INFO - 检查周期 #72
2026-08-11 12:56:13,521 - [Supervisor] - INFO - 检查周期 #345
2026-08-11 12:56:29,616 - [Supervisor] - INFO - 检查周期 #73
2026-08-11 12:56:34,401 - [Supervisor] - INFO - 检查周期 #346
2026-08-11 12:56:50,570 - [Supervisor] - INFO - 检查周期 #74
2026-08-11 12:56:55,348 - [Supervisor] - INFO - 检查周期 #347
2026-08-11 12:57:11,531 - [Supervisor] - INFO - 检查周期 #75
2026-08-11 12:57:16,277 - [Supervisor] - INFO - 检查周期 #348
2026-08-11 12:57:32,463 - [Supervisor] - INFO - 检查周期 #76
2026-08-11 12:57:37,193 - [Supervisor] - INFO - 检查周期 #349
2026-08-11 12:57:53,382 - [Supervisor] - INFO - 检查周期 #77
2026-08-11 12:57:58,115 - [Supervisor] - INFO - 检查周期 #350
2026-08-11 12:58:14,368 - [Supervisor] - INFO - 检查周期 #78
2026-08-11 12:58:19,020 - [Supervisor] - INFO - 检查周期 #351
2026-08-11 12:58:35,242 - [Supervisor] - INFO - 检查周期 #79
2026-08-11 12:58:39,897 - [Supervisor] - INFO - 检查周期 #352
2026-08-11 12:58:56,144 - [Supervisor] - INFO - 检查周期 #80
2026-08-11 12:59:00,890 - [Supervisor] - INFO - 检查周期 #353
2026-08-11 12:59:17,083 - [Supervisor] - INFO - 检查周期 #81
2026-08-11 12:59:21,844 - [Supervisor] - INFO - 检查周期 #354
2026-08-11 12:59:37,994 - [Supervisor] - INFO - 检查周期 #82
2026-08-11 12:59:42,700 - [Supervisor] - INFO - 检查周期 #355
2026-08-11 12:59:58,876 - [Supervisor] - INFO - 检查周期 #83
2026-08-11 13:00:03,542 - [Supervisor] - INFO - 检查周期 #356
2026-08-11 13:00:19,773 - [Supervisor] - INFO - 检查周期 #84
2026-08-11 13:00:24,506 - [Supervisor] - INFO - 检查周期 #357
2026-08-11 13:00:40,684 - [Supervisor] - INFO - 检查周期 #85
2026-08-11 13:00:45,428 - [Supervisor] - INFO - 检查周期 #358
2026-08-11 13:01:01,607 - [Supervisor] - INFO - 检查周期 #86
2026-08-11 13:01:06,316 - [Supervisor] - INFO - 检查周期 #359
2026-08-11 13:01:22,590 - [Supervisor] - INFO - 检查周期 #87
2026-08-11 13:01:27,235 - [Supervisor] - INFO - 检查周期 #360
2026-08-11 13:01:43,475 - [Supervisor] - INFO - 检查周期 #88
2026-08-11 13:01:48,184 - [Supervisor] - INFO - 检查周期 #361
2026-08-11 13:02:04,397 - [Supervisor] - INFO - 检查周期 #89
2026-08-11 13:02:09,166 - [Supervisor] - INFO - 检查周期 #362
2026-08-11 13:02:25,400 - [Supervisor] - INFO - 检查周期 #90
2026-08-11 13:02:30,015 - [Supervisor] - INFO - 检查周期 #363
2026-08-11 13:02:46,319 - [Supervisor] - INFO - 检查周期 #91
2026-08-11 13:02:51,086 - [Supervisor] - INFO - 检查周期 #364
2026-08-11 13:03:07,215 - [Supervisor] - INFO - 检查周期 #92
2026-08-11 13:03:11,949 - [Supervisor] - INFO - 检查周期 #365
2026-08-11 13:03:28,109 - [Supervisor] - INFO - 检查周期 #93
2026-08-11 13:03:32,854 - [Supervisor] - INFO - 检查周期 #366
2026-08-11 13:03:49,057 - [Supervisor] - INFO - 检查周期 #94
2026-08-11 13:03:53,809 - [Supervisor] - INFO - 检查周期 #367
2026-08-11 13:04:09,960 - [Supervisor] - INFO - 检查周期 #95
2026-08-11 13:04:14,699 - [Supervisor] - INFO - 检查周期 #368
2026-08-11 13:04:30,952 - [Supervisor] - INFO - 检查周期 #96
2026-08-11 13:04:35,722 - [Supervisor] - INFO - 检查周期 #369
2026-08-11 13:04:51,854 - [Supervisor] - INFO - 检查周期 #97
2026-08-11 13:04:56,597 - [Supervisor] - INFO - 检查周期 #370
2026-08-11 13:05:12,731 - [Supervisor] - INFO - 检查周期 #98
2026-08-11 13:05:17,542 - [Supervisor] - INFO - 检查周期 #371
2026-08-11 13:05:33,657 - [Supervisor] - INFO - 检查周期 #99
2026-08-11 13:05:38,418 - [Supervisor] - INFO - 检查周期 #372
2026-08-11 13:05:54,541 - [Supervisor] - INFO - 检查周期 #100
2026-08-11 13:05:59,290 - [Supervisor] - INFO - 检查周期 #373
2026-08-11 13:06:15,429 - [Supervisor] - INFO - 检查周期 #101
2026-08-11 13:06:20,228 - [Supervisor] - INFO - 检查周期 #374
2026-08-11 13:06:36,350 - [Supervisor] - INFO - 检查周期 #102
2026-08-11 13:06:41,128 - [Supervisor] - INFO - 检查周期 #375
2026-08-11 13:06:57,246 - [Supervisor] - INFO - 检查周期 #103
2026-08-11 13:07:02,035 - [Supervisor] - INFO - 检查周期 #376
2026-08-11 13:07:18,146 - [Supervisor] - INFO - 检查周期 #104
2026-08-11 13:07:22,989 - [Supervisor] - INFO - 检查周期 #377
2026-08-11 13:07:39,076 - [Supervisor] - INFO - 检查周期 #105
2026-08-11 13:07:43,916 - [Supervisor] - INFO - 检查周期 #378
2026-08-11 13:07:59,996 - [Supervisor] - INFO - 检查周期 #106
2026-08-11 13:08:04,826 - [Supervisor] - INFO - 检查周期 #379
2026-08-11 13:08:20,943 - [Supervisor] - INFO - 检查周期 #107
2026-08-11 13:08:25,766 - [Supervisor] - INFO - 检查周期 #380
2026-08-11 13:08:41,821 - [Supervisor] - INFO - 检查周期 #108
2026-08-11 13:08:46,659 - [Supervisor] - INFO - 检查周期 #381
2026-08-11 13:09:02,774 - [Supervisor] - INFO - 检查周期 #109
2026-08-11 13:09:07,564 - [Supervisor] - INFO - 检查周期 #382
2026-08-11 13:09:23,636 - [Supervisor] - INFO - 检查周期 #110
2026-08-11 13:09:28,567 - [Supervisor] - INFO - 检查周期 #383
2026-08-11 13:09:44,594 - [Supervisor] - INFO - 检查周期 #111
2026-08-11 13:09:49,461 - [Supervisor] - INFO - 检查周期 #384
2026-08-11 13:10:05,505 - [Supervisor] - INFO - 检查周期 #112
2026-08-11 13:10:10,368 - [Supervisor] - INFO - 检查周期 #385
2026-08-11 13:10:26,464 - [Supervisor] - INFO - 检查周期 #113
2026-08-11 13:10:31,267 - [Supervisor] - INFO - 检查周期 #386
2026-08-11 13:10:47,364 - [Supervisor] - INFO - 检查周期 #114
2026-08-11 13:10:52,232 - [Supervisor] - INFO - 检查周期 #387
2026-08-11 13:11:08,339 - [Supervisor] - INFO - 检查周期 #115
2026-08-11 13:11:13,135 - [Supervisor] - INFO - 检查周期 #388
2026-08-11 13:11:29,328 - [Supervisor] - INFO - 检查周期 #116
2026-08-11 13:11:34,033 - [Supervisor] - INFO - 检查周期 #389
2026-08-11 13:11:50,279 - [Supervisor] - INFO - 检查周期 #117
2026-08-11 13:11:54,958 - [Supervisor] - INFO - 检查周期 #390
2026-08-11 13:12:11,206 - [Supervisor] - INFO - 检查周期 #118
2026-08-11 13:12:15,848 - [Supervisor] - INFO - 检查周期 #391
2026-08-11 13:12:32,068 - [Supervisor] - INFO - 检查周期 #119
2026-08-11 13:12:36,780 - [Supervisor] - INFO - 检查周期 #392
2026-08-11 13:12:52,926 - [Supervisor] - INFO - 检查周期 #120
2026-08-11 13:12:57,717 - [Supervisor] - INFO - 检查周期 #393
2026-08-11 13:13:13,821 - [Supervisor] - INFO - 检查周期 #121
2026-08-11 13:13:18,608 - [Supervisor] - INFO - 检查周期 #394
2026-08-11 13:13:34,723 - [Supervisor] - INFO - 检查周期 #122
2026-08-11 13:13:39,614 - [Supervisor] - INFO - 检查周期 #395
2026-08-11 13:13:55,723 - [Supervisor] - INFO - 检查周期 #123
2026-08-11 13:14:00,541 - [Supervisor] - INFO - 检查周期 #396
2026-08-11 13:14:16,605 - [Supervisor] - INFO - 检查周期 #124
2026-08-11 13:14:21,433 - [Supervisor] - INFO - 检查周期 #397
2026-08-11 13:14:37,521 - [Supervisor] - INFO - 检查周期 #125
2026-08-11 13:14:42,312 - [Supervisor] - INFO - 检查周期 #398
2026-08-11 13:14:58,356 - [Supervisor] - INFO - 检查周期 #126
2026-08-11 13:15:03,267 - [Supervisor] - INFO - 检查周期 #399
2026-08-11 13:15:19,340 - [Supervisor] - INFO - 检查周期 #127
2026-08-11 13:15:24,193 - [Supervisor] - INFO - 检查周期 #400
2026-08-11 13:15:40,227 - [Supervisor] - INFO - 检查周期 #128
2026-08-11 13:15:44,902 - [Supervisor] - INFO - 检查周期 #401
2026-08-11 13:16:01,152 - [Supervisor] - INFO - 检查周期 #129
2026-08-11 13:16:05,769 - [Supervisor] - INFO - 检查周期 #402
2026-08-11 13:16:22,085 - [Supervisor] - INFO - 检查周期 #130
2026-08-11 13:16:26,666 - [Supervisor] - INFO - 检查周期 #403
2026-08-11 13:16:42,964 - [Supervisor] - INFO - 检查周期 #131
2026-08-11 13:16:47,613 - [Supervisor] - INFO - 检查周期 #404
2026-08-11 13:17:03,868 - [Supervisor] - INFO - 检查周期 #132
2026-08-11 13:17:08,501 - [Supervisor] - INFO - 检查周期 #405
2026-08-11 13:17:24,805 - [Supervisor] - INFO - 检查周期 #133
2026-08-11 13:17:29,404 - [Supervisor] - INFO - 检查周期 #406
2026-08-11 13:17:45,716 - [Supervisor] - INFO - 检查周期 #134
2026-08-11 13:17:50,393 - [Supervisor] - INFO - 检查周期 #407
2026-08-11 13:18:06,608 - [Supervisor] - INFO - 检查周期 #135
2026-08-11 13:18:11,328 - [Supervisor] - INFO - 检查周期 #408
2026-08-11 13:18:27,576 - [Supervisor] - INFO - 检查周期 #136
2026-08-11 13:18:32,268 - [Supervisor] - INFO - 检查周期 #409
2026-08-11 13:18:48,453 - [Supervisor] - INFO - 检查周期 #137
2026-08-11 13:18:53,168 - [Supervisor] - INFO - 检查周期 #410
2026-08-11 13:19:09,330 - [Supervisor] - INFO - 检查周期 #138
2026-08-11 13:19:14,065 - [Supervisor] - INFO - 检查周期 #411
2026-08-11 13:19:30,222 - [Supervisor] - INFO - 检查周期 #139
2026-08-11 13:19:35,243 - [Supervisor] - INFO - 检查周期 #412
2026-08-11 13:19:51,174 - [Supervisor] - INFO - 检查周期 #140
2026-08-11 13:19:56,182 - [Supervisor] - INFO - 检查周期 #413
2026-08-11 13:20:12,128 - [Supervisor] - INFO - 检查周期 #141
2026-08-11 13:20:17,076 - [Supervisor] - INFO - 检查周期 #414
2026-08-11 13:20:33,068 - [Supervisor] - INFO - 检查周期 #142
2026-08-11 13:20:38,022 - [Supervisor] - INFO - 检查周期 #415
2026-08-11 13:20:53,969 - [Supervisor] - INFO - 检查周期 #143
2026-08-11 13:20:58,876 - [Supervisor] - INFO - 检查周期 #416
2026-08-11 13:21:14,862 - [Supervisor] - INFO - 检查周期 #144
2026-08-11 13:21:19,793 - [Supervisor] - INFO - 检查周期 #417
2026-08-11 13:21:35,782 - [Supervisor] - INFO - 检查周期 #145
2026-08-11 13:21:40,721 - [Supervisor] - INFO - 检查周期 #418
2026-08-11 13:21:56,674 - [Supervisor] - INFO - 检查周期 #146
2026-08-11 13:22:01,623 - [Supervisor] - INFO - 检查周期 #419
2026-08-11 13:22:17,589 - [Supervisor] - INFO - 检查周期 #147
2026-08-11 13:22:22,535 - [Supervisor] - INFO - 检查周期 #420
2026-08-11 13:22:38,541 - [Supervisor] - INFO - 检查周期 #148
2026-08-11 13:22:43,410 - [Supervisor] - INFO - 检查周期 #421
2026-08-11 13:22:59,486 - [Supervisor] - INFO - 检查周期 #149
2026-08-11 13:23:04,352 - [Supervisor] - INFO - 检查周期 #422
2026-08-11 13:23:20,466 - [Supervisor] - INFO - 检查周期 #150
2026-08-11 13:23:25,266 - [Supervisor] - INFO - 检查周期 #423
2026-08-11 13:23:41,595 - [Supervisor] - INFO - 检查周期 #151
2026-08-11 13:23:46,198 - [Supervisor] - INFO - 检查周期 #424
2026-08-11 13:24:02,504 - [Supervisor] - INFO - 检查周期 #152
2026-08-11 13:24:07,086 - [Supervisor] - INFO - 检查周期 #425
2026-08-11 13:24:23,378 - [Supervisor] - INFO - 检查周期 #153
2026-08-11 13:24:28,023 - [Supervisor] - INFO - 检查周期 #426
2026-08-11 13:24:44,264 - [Supervisor] - INFO - 检查周期 #154
2026-08-11 13:24:48,925 - [Supervisor] - INFO - 检查周期 #427
2026-08-11 13:25:05,125 - [Supervisor] - INFO - 检查周期 #155
2026-08-11 13:25:09,912 - [Supervisor] - INFO - 检查周期 #428
2026-08-11 13:25:26,100 - [Supervisor] - INFO - 检查周期 #156
2026-08-11 13:25:30,841 - [Supervisor] - INFO - 检查周期 #429
2026-08-11 13:25:47,056 - [Supervisor] - INFO - 检查周期 #157
2026-08-11 13:25:51,730 - [Supervisor] - INFO - 检查周期 #430
2026-08-11 13:26:07,991 - [Supervisor] - INFO - 检查周期 #158
2026-08-11 13:26:12,643 - [Supervisor] - INFO - 检查周期 #431
2026-08-11 13:26:28,935 - [Supervisor] - INFO - 检查周期 #159
2026-08-11 13:26:33,657 - [Supervisor] - INFO - 检查周期 #432
2026-08-11 13:26:49,889 - [Supervisor] - INFO - 检查周期 #160
2026-08-11 13:26:54,667 - [Supervisor] - INFO - 检查周期 #433
2026-08-11 13:27:10,810 - [Supervisor] - INFO - 检查周期 #161
2026-08-11 13:27:15,538 - [Supervisor] - INFO - 检查周期 #434
2026-08-11 13:27:31,798 - [Supervisor] - INFO - 检查周期 #162
2026-08-11 13:27:36,419 - [Supervisor] - INFO - 检查周期 #435
2026-08-11 13:27:52,711 - [Supervisor] - INFO - 检查周期 #163
2026-08-11 13:27:57,346 - [Supervisor] - INFO - 检查周期 #436
2026-08-11 13:28:13,670 - [Supervisor] - INFO - 检查周期 #164
2026-08-11 13:28:18,261 - [Supervisor] - INFO - 检查周期 #437
2026-08-11 13:28:34,590 - [Supervisor] - INFO - 检查周期 #165
2026-08-11 13:28:39,188 - [Supervisor] - INFO - 检查周期 #438
2026-08-11 13:28:55,514 - [Supervisor] - INFO - 检查周期 #166
2026-08-11 13:29:00,126 - [Supervisor] - INFO - 检查周期 #439
2026-08-11 13:29:16,369 - [Supervisor] - INFO - 检查周期 #167
2026-08-11 13:29:21,030 - [Supervisor] - INFO - 检查周期 #440
2026-08-11 13:29:37,418 - [Supervisor] - INFO - 检查周期 #168
2026-08-11 13:29:42,026 - [Supervisor] - INFO - 检查周期 #441
2026-08-11 13:29:58,319 - [Supervisor] - INFO - 检查周期 #169
2026-08-11 13:30:02,946 - [Supervisor] - INFO - 检查周期 #442
2026-08-11 13:30:19,215 - [Supervisor] - INFO - 检查周期 #170
2026-08-11 13:30:23,841 - [Supervisor] - INFO - 检查周期 #443
2026-08-11 13:30:40,227 - [Supervisor] - INFO - 检查周期 #171
2026-08-11 13:30:44,805 - [Supervisor] - INFO - 检查周期 #444
2026-08-11 13:31:01,304 - [Supervisor] - INFO - 检查周期 #172
2026-08-11 13:31:05,678 - [Supervisor] - INFO - 检查周期 #445
2026-08-11 13:31:22,191 - [Supervisor] - INFO - 检查周期 #173
2026-08-11 13:31:27,667 - [Supervisor] - INFO - 检查周期 #446
2026-08-11 13:31:43,280 - [Supervisor] - INFO - 检查周期 #174
2026-08-11 13:31:48,632 - [Supervisor] - INFO - 检查周期 #447
2026-08-11 13:32:04,202 - [Supervisor] - INFO - 检查周期 #175
2026-08-11 13:32:09,640 - [Supervisor] - INFO - 检查周期 #448
2026-08-11 13:32:25,181 - [Supervisor] - INFO - 检查周期 #176
2026-08-11 13:32:30,592 - [Supervisor] - INFO - 检查周期 #449
2026-08-11 13:32:46,171 - [Supervisor] - INFO - 检查周期 #177
2026-08-11 13:32:52,477 - [Supervisor] - INFO - 检查周期 #450
2026-08-11 13:33:07,079 - [Supervisor] - INFO - 检查周期 #178
2026-08-11 13:33:13,402 - [Supervisor] - INFO - 检查周期 #451
2026-08-11 13:33:27,975 - [Supervisor] - INFO - 检查周期 #179
2026-08-11 13:33:34,306 - [Supervisor] - INFO - 检查周期 #452
2026-08-11 13:33:48,898 - [Supervisor] - INFO - 检查周期 #180
2026-08-11 13:33:55,227 - [Supervisor] - INFO - 检查周期 #453
2026-08-11 13:34:09,789 - [Supervisor] - INFO - 检查周期 #181
2026-08-11 13:34:16,142 - [Supervisor] - INFO - 检查周期 #454
2026-08-11 13:34:30,723 - [Supervisor] - INFO - 检查周期 #182
2026-08-11 13:34:37,070 - [Supervisor] - INFO - 检查周期 #455
2026-08-11 13:34:51,616 - [Supervisor] - INFO - 检查周期 #183
2026-08-11 13:34:57,951 - [Supervisor] - INFO - 检查周期 #456
2026-08-11 13:35:12,596 - [Supervisor] - INFO - 检查周期 #184
2026-08-11 13:35:18,890 - [Supervisor] - INFO - 检查周期 #457
2026-08-11 13:35:33,537 - [Supervisor] - INFO - 检查周期 #185
2026-08-11 13:35:39,755 - [Supervisor] - INFO - 检查周期 #458
2026-08-11 13:35:54,443 - [Supervisor] - INFO - 检查周期 #186
2026-08-11 13:36:00,643 - [Supervisor] - INFO - 检查周期 #459
2026-08-11 13:36:15,512 - [Supervisor] - INFO - 检查周期 #187
2026-08-11 13:36:21,552 - [Supervisor] - INFO - 检查周期 #460
2026-08-11 13:36:36,451 - [Supervisor] - INFO - 检查周期 #188
2026-08-11 13:36:42,518 - [Supervisor] - INFO - 检查周期 #461
2026-08-11 13:36:57,378 - [Supervisor] - INFO - 检查周期 #189
2026-08-11 13:37:03,346 - [Supervisor] - INFO - 检查周期 #462
2026-08-11 13:37:18,265 - [Supervisor] - INFO - 检查周期 #190
2026-08-11 13:37:24,288 - [Supervisor] - INFO - 检查周期 #463
2026-08-11 13:37:39,193 - [Supervisor] - INFO - 检查周期 #191
2026-08-11 13:37:45,231 - [Supervisor] - INFO - 检查周期 #464
2026-08-11 13:38:00,080 - [Supervisor] - INFO - 检查周期 #192
2026-08-11 13:38:06,110 - [Supervisor] - INFO - 检查周期 #465
2026-08-11 13:38:20,995 - [Supervisor] - INFO - 检查周期 #193
2026-08-11 13:38:27,016 - [Supervisor] - INFO - 检查周期 #466
2026-08-11 13:38:41,934 - [Supervisor] - INFO - 检查周期 #194
2026-08-11 13:38:47,948 - [Supervisor] - INFO - 检查周期 #467
2026-08-11 13:39:02,878 - [Supervisor] - INFO - 检查周期 #195
2026-08-11 13:39:08,811 - [Supervisor] - INFO - 检查周期 #468
2026-08-11 13:39:23,785 - [Supervisor] - INFO - 检查周期 #196
2026-08-11 13:39:29,745 - [Supervisor] - INFO - 检查周期 #469
2026-08-11 13:39:44,682 - [Supervisor] - INFO - 检查周期 #197
2026-08-11 13:39:50,721 - [Supervisor] - INFO - 检查周期 #470
2026-08-11 13:40:05,587 - [Supervisor] - INFO - 检查周期 #198
2026-08-11 13:40:11,684 - [Supervisor] - INFO - 检查周期 #471
2026-08-11 13:40:26,520 - [Supervisor] - INFO - 检查周期 #199
2026-08-11 13:40:32,560 - [Supervisor] - INFO - 检查周期 #472
2026-08-11 13:40:47,436 - [Supervisor] - INFO - 检查周期 #200
2026-08-11 13:40:53,541 - [Supervisor] - INFO - 检查周期 #473
2026-08-11 13:41:08,471 - [Supervisor] - INFO - 检查周期 #201
2026-08-11 13:41:14,450 - [Supervisor] - INFO - 检查周期 #474
2026-08-11 13:41:29,416 - [Supervisor] - INFO - 检查周期 #202
2026-08-11 13:41:35,338 - [Supervisor] - INFO - 检查周期 #475
2026-08-11 13:41:50,448 - [Supervisor] - INFO - 检查周期 #203
2026-08-11 13:41:56,317 - [Supervisor] - INFO - 检查周期 #476
2026-08-11 13:42:11,330 - [Supervisor] - INFO - 检查周期 #204
2026-08-11 13:42:17,232 - [Supervisor] - INFO - 检查周期 #477
2026-08-11 13:42:32,230 - [Supervisor] - INFO - 检查周期 #205
2026-08-11 13:42:38,188 - [Supervisor] - INFO - 检查周期 #478
2026-08-11 13:42:53,186 - [Supervisor] - INFO - 检查周期 #206
2026-08-11 13:42:59,062 - [Supervisor] - INFO - 检查周期 #479
2026-08-11 13:43:14,087 - [Supervisor] - INFO - 检查周期 #207
2026-08-11 13:43:20,009 - [Supervisor] - INFO - 检查周期 #480
2026-08-11 13:43:35,015 - [Supervisor] - INFO - 检查周期 #208
2026-08-11 13:43:40,909 - [Supervisor] - INFO - 检查周期 #481
2026-08-11 13:43:55,979 - [Supervisor] - INFO - 检查周期 #209
2026-08-11 13:44:01,780 - [Supervisor] - INFO - 检查周期 #482
2026-08-11 13:44:16,950 - [Supervisor] - INFO - 检查周期 #210
2026-08-11 13:44:22,900 - [Supervisor] - INFO - 检查周期 #483
2026-08-11 13:44:37,847 - [Supervisor] - INFO - 检查周期 #211
2026-08-11 13:44:43,815 - [Supervisor] - INFO - 检查周期 #484
2026-08-11 13:44:58,751 - [Supervisor] - INFO - 检查周期 #212
2026-08-11 13:45:04,670 - [Supervisor] - INFO - 检查周期 #485
2026-08-11 13:45:19,604 - [Supervisor] - INFO - 检查周期 #213
2026-08-11 13:45:25,604 - [Supervisor] - INFO - 检查周期 #486
2026-08-11 13:45:40,571 - [Supervisor] - INFO - 检查周期 #214
2026-08-11 13:45:46,476 - [Supervisor] - INFO - 检查周期 #487
2026-08-11 13:46:01,536 - [Supervisor] - INFO - 检查周期 #215
2026-08-11 13:46:07,516 - [Supervisor] - INFO - 检查周期 #488
2026-08-11 13:46:22,545 - [Supervisor] - INFO - 检查周期 #216
2026-08-11 13:46:28,423 - [Supervisor] - INFO - 检查周期 #489
2026-08-11 13:46:43,448 - [Supervisor] - INFO - 检查周期 #217
2026-08-11 13:46:49,449 - [Supervisor] - INFO - 检查周期 #490
2026-08-11 13:47:04,337 - [Supervisor] - INFO - 检查周期 #218
2026-08-11 13:47:10,356 - [Supervisor] - INFO - 检查周期 #491
2026-08-11 13:47:25,361 - [Supervisor] - INFO - 检查周期 #219
2026-08-11 13:47:31,280 - [Supervisor] - INFO - 检查周期 #492
2026-08-11 13:47:46,288 - [Supervisor] - INFO - 检查周期 #220
2026-08-11 13:47:52,174 - [Supervisor] - INFO - 检查周期 #493
2026-08-11 13:48:07,252 - [Supervisor] - INFO - 检查周期 #221
2026-08-11 13:48:13,083 - [Supervisor] - INFO - 检查周期 #494
2026-08-11 13:48:28,155 - [Supervisor] - INFO - 检查周期 #222
2026-08-11 13:48:33,991 - [Supervisor] - INFO - 检查周期 #495
2026-08-11 13:48:49,089 - [Supervisor] - INFO - 检查周期 #223
2026-08-11 13:48:54,886 - [Supervisor] - INFO - 检查周期 #496
2026-08-11 13:49:09,986 - [Supervisor] - INFO - 检查周期 #224
2026-08-11 13:49:15,830 - [Supervisor] - INFO - 检查周期 #497
2026-08-11 13:49:30,888 - [Supervisor] - INFO - 检查周期 #225
2026-08-11 13:49:36,701 - [Supervisor] - INFO - 检查周期 #498
2026-08-11 13:49:51,769 - [Supervisor] - INFO - 检查周期 #226
2026-08-11 13:49:57,687 - [Supervisor] - INFO - 检查周期 #499
2026-08-11 13:50:12,688 - [Supervisor] - INFO - 检查周期 #227
2026-08-11 13:50:18,660 - [Supervisor] - INFO - 检查周期 #500
2026-08-11 13:50:33,702 - [Supervisor] - INFO - 检查周期 #228
2026-08-11 13:50:39,633 - [Supervisor] - INFO - 检查周期 #501
2026-08-11 13:50:54,666 - [Supervisor] - INFO - 检查周期 #229
2026-08-11 13:51:00,628 - [Supervisor] - INFO - 检查周期 #502
2026-08-11 13:51:15,615 - [Supervisor] - INFO - 检查周期 #230
2026-08-11 13:51:21,607 - [Supervisor] - INFO - 检查周期 #503
2026-08-11 14:15:07,390 - [Supervisor] - INFO - 检查周期 #231
2026-08-11 14:15:13,321 - [Supervisor] - INFO - 检查周期 #504
2026-08-11 14:15:29,052 - [Supervisor] - INFO - 检查周期 #232
2026-08-11 14:15:34,507 - [Supervisor] - INFO - 检查周期 #505
2026-08-11 14:15:50,083 - [Supervisor] - INFO - 检查周期 #233
2026-08-11 14:15:55,450 - [Supervisor] - INFO - 检查周期 #506
2026-08-11 14:16:11,653 - [Supervisor] - INFO - 检查周期 #234
2026-08-11 14:16:16,494 - [Supervisor] - INFO - 检查周期 #507
2026-08-11 14:16:32,548 - [Supervisor] - INFO - 检查周期 #235
2026-08-11 14:16:37,511 - [Supervisor] - INFO - 检查周期 #508
2026-08-11 14:16:53,504 - [Supervisor] - INFO - 检查周期 #236
2026-08-11 14:16:58,407 - [Supervisor] - INFO - 检查周期 #509
2026-08-11 14:17:14,447 - [Supervisor] - INFO - 检查周期 #237
2026-08-11 14:17:19,329 - [Supervisor] - INFO - 检查周期 #510
2026-08-11 14:17:35,364 - [Supervisor] - INFO - 检查周期 #238
2026-08-11 14:17:40,283 - [Supervisor] - INFO - 检查周期 #511
2026-08-11 14:17:56,597 - [Supervisor] - INFO - 检查周期 #239
2026-08-11 14:18:01,474 - [Supervisor] - INFO - 检查周期 #512
2026-08-11 14:18:17,605 - [Supervisor] - INFO - 检查周期 #240
2026-08-11 14:18:22,614 - [Supervisor] - INFO - 检查周期 #513
2026-08-11 14:18:39,685 - [Supervisor] - INFO - 检查周期 #241
2026-08-11 14:18:44,616 - [Supervisor] - INFO - 检查周期 #514
2026-08-11 14:19:00,735 - [Supervisor] - INFO - 检查周期 #242
2026-08-11 14:19:05,948 - [Supervisor] - INFO - 检查周期 #515
2026-08-11 14:19:22,280 - [Supervisor] - INFO - 检查周期 #243
2026-08-11 14:19:26,973 - [Supervisor] - INFO - 检查周期 #516
2026-08-11 14:19:43,348 - [Supervisor] - INFO - 检查周期 #244
2026-08-11 14:19:48,084 - [Supervisor] - INFO - 检查周期 #517
2026-08-11 14:20:05,748 - [Supervisor] - INFO - 检查周期 #245
2026-08-11 14:20:08,986 - [Supervisor] - INFO - 检查周期 #518
2026-08-11 14:20:27,547 - [Supervisor] - INFO - 检查周期 #246
2026-08-11 14:20:30,913 - [Supervisor] - INFO - 检查周期 #519
2026-08-11 14:20:48,550 - [Supervisor] - INFO - 检查周期 #247
2026-08-11 14:20:51,808 - [Supervisor] - INFO - 检查周期 #520
2026-08-11 14:21:09,621 - [Supervisor] - INFO - 检查周期 #248
2026-08-11 14:21:12,801 - [Supervisor] - INFO - 检查周期 #521
2026-08-11 14:21:31,554 - [Supervisor] - INFO - 检查周期 #249
2026-08-11 14:21:34,038 - [Supervisor] - INFO - 检查周期 #522
2026-08-11 14:21:53,577 - [Supervisor] - INFO - 检查周期 #250
2026-08-11 14:21:55,369 - [Supervisor] - INFO - 检查周期 #523
2026-08-11 14:22:15,816 - [Supervisor] - INFO - 检查周期 #251
2026-08-11 14:22:16,292 - [Supervisor] - INFO - 检查周期 #524
2026-08-11 14:22:36,792 - [Supervisor] - INFO - 检查周期 #252
2026-08-11 14:22:37,529 - [Supervisor] - INFO - 检查周期 #525
2026-08-11 14:23:00,706 - [Supervisor] - INFO - 检查周期 #253
2026-08-11 14:23:02,940 - [Supervisor] - INFO - 检查周期 #526
2026-08-11 14:23:22,386 - [Supervisor] - INFO - 检查周期 #254
2026-08-11 14:23:24,002 - [Supervisor] - INFO - 检查周期 #527
2026-08-11 14:23:44,924 - [Supervisor] - INFO - 检查周期 #255
2026-08-11 14:23:46,186 - [Supervisor] - INFO - 检查周期 #528
2026-08-11 14:24:06,271 - [Supervisor] - INFO - 检查周期 #256
2026-08-11 14:24:07,099 - [Supervisor] - INFO - 检查周期 #529
2026-08-11 14:24:29,852 - [Supervisor] - INFO - 检查周期 #530
2026-08-11 14:24:29,971 - [Supervisor] - INFO - 检查周期 #257
2026-08-11 14:24:53,717 - [Supervisor] - INFO - 检查周期 #531
2026-08-11 14:24:53,888 - [Supervisor] - INFO - 检查周期 #258
2026-08-11 14:25:14,651 - [Supervisor] - INFO - 检查周期 #532
2026-08-11 14:25:14,851 - [Supervisor] - INFO - 检查周期 #259
2026-08-11 14:25:35,828 - [Supervisor] - INFO - 检查周期 #260
2026-08-11 14:25:35,892 - [Supervisor] - INFO - 检查周期 #533
2026-08-11 14:25:56,825 - [Supervisor] - INFO - 检查周期 #261
2026-08-11 14:25:56,902 - [Supervisor] - INFO - 检查周期 #534
2026-08-11 14:26:17,817 - [Supervisor] - INFO - 检查周期 #262
2026-08-11 14:26:17,858 - [Supervisor] - INFO - 检查周期 #535
2026-08-11 14:26:38,861 - [Supervisor] - INFO - 检查周期 #536
2026-08-11 14:26:38,892 - [Supervisor] - INFO - 检查周期 #263
2026-08-11 14:27:01,239 - [Supervisor] - INFO - 检查周期 #264
2026-08-11 14:27:01,376 - [Supervisor] - INFO - 检查周期 #537
2026-08-11 14:27:22,186 - [Supervisor] - INFO - 检查周期 #265
2026-08-11 14:27:22,281 - [Supervisor] - INFO - 检查周期 #538
2026-08-11 14:27:43,239 - [Supervisor] - INFO - 检查周期 #539
2026-08-11 14:27:44,562 - [Supervisor] - INFO - 检查周期 #266
2026-08-11 14:28:04,639 - [Supervisor] - INFO - 检查周期 #540
2026-08-11 14:28:05,481 - [Supervisor] - INFO - 检查周期 #267
2026-08-11 14:28:25,625 - [Supervisor] - INFO - 检查周期 #541
2026-08-11 14:28:26,620 - [Supervisor] - INFO - 检查周期 #268
2026-08-11 14:28:46,437 - [Supervisor] - INFO - 检查周期 #542
2026-08-11 14:28:47,490 - [Supervisor] - INFO - 检查周期 #269
2026-08-11 14:29:08,333 - [Supervisor] - INFO - 检查周期 #270
2026-08-11 14:29:08,416 - [Supervisor] - INFO - 检查周期 #543
2026-08-11 14:29:29,386 - [Supervisor] - INFO - 检查周期 #271
2026-08-11 14:29:29,475 - [Supervisor] - INFO - 检查周期 #544
2026-08-11 14:29:51,115 - [Supervisor] - INFO - 检查周期 #545
2026-08-11 14:29:51,201 - [Supervisor] - INFO - 检查周期 #272
2026-08-11 14:30:12,071 - [Supervisor] - INFO - 检查周期 #546
2026-08-11 14:30:12,245 - [Supervisor] - INFO - 检查周期 #273
2026-08-11 14:30:33,175 - [Supervisor] - INFO - 检查周期 #547
2026-08-11 14:30:33,200 - [Supervisor] - INFO - 检查周期 #274
2026-08-11 14:30:54,160 - [Supervisor] - INFO - 检查周期 #275
2026-08-11 14:30:54,208 - [Supervisor] - INFO - 检查周期 #548
2026-08-11 14:31:15,105 - [Supervisor] - INFO - 检查周期 #276
2026-08-11 14:31:15,196 - [Supervisor] - INFO - 检查周期 #549
2026-08-11 14:31:36,047 - [Supervisor] - INFO - 检查周期 #277
2026-08-11 14:31:36,188 - [Supervisor] - INFO - 检查周期 #550
2026-08-11 14:31:56,980 - [Supervisor] - INFO - 检查周期 #278
2026-08-11 14:31:57,225 - [Supervisor] - INFO - 检查周期 #551
2026-08-11 14:32:17,953 - [Supervisor] - INFO - 检查周期 #279
2026-08-11 14:32:18,222 - [Supervisor] - INFO - 检查周期 #552
2026-08-11 14:32:39,011 - [Supervisor] - INFO - 检查周期 #280
2026-08-11 14:32:39,378 - [Supervisor] - INFO - 检查周期 #553
2026-08-11 14:33:00,759 - [Supervisor] - INFO - 检查周期 #554
2026-08-11 14:33:00,791 - [Supervisor] - INFO - 检查周期 #281
2026-08-11 14:33:21,978 - [Supervisor] - INFO - 检查周期 #555
2026-08-11 14:33:22,040 - [Supervisor] - INFO - 检查周期 #282
2026-08-11 14:33:43,038 - [Supervisor] - INFO - 检查周期 #556
2026-08-11 14:33:43,061 - [Supervisor] - INFO - 检查周期 #283
2026-08-11 14:34:03,899 - [Supervisor] - INFO - 检查周期 #557
2026-08-11 14:34:04,945 - [Supervisor] - INFO - 检查周期 #284
2026-08-11 14:34:26,247 - [Supervisor] - INFO - 检查周期 #558
2026-08-11 14:34:26,599 - [Supervisor] - INFO - 检查周期 #285
2026-08-11 14:34:47,275 - [Supervisor] - INFO - 检查周期 #559
2026-08-11 14:34:47,525 - [Supervisor] - INFO - 检查周期 #286
2026-08-11 14:35:13,300 - [Supervisor] - INFO - 检查周期 #560
2026-08-11 14:35:13,339 - [Supervisor] - INFO - 检查周期 #287
2026-08-11 14:35:34,353 - [Supervisor] - INFO - 检查周期 #561
2026-08-11 14:35:34,465 - [Supervisor] - INFO - 检查周期 #288
2026-08-11 14:35:55,395 - [Supervisor] - INFO - 检查周期 #562
2026-08-11 14:35:55,607 - [Supervisor] - INFO - 检查周期 #289
2026-08-11 14:36:16,230 - [Supervisor] - INFO - 检查周期 #563
2026-08-11 14:36:16,401 - [Supervisor] - INFO - 检查周期 #290
2026-08-11 14:36:37,017 - [Supervisor] - INFO - 检查周期 #564
2026-08-11 14:36:37,237 - [Supervisor] - INFO - 检查周期 #291
2026-08-11 14:36:58,643 - [Supervisor] - INFO - 检查周期 #292
2026-08-11 14:36:58,960 - [Supervisor] - INFO - 检查周期 #565
2026-08-11 14:37:21,447 - [Supervisor] - INFO - 检查周期 #293
2026-08-11 14:37:24,153 - [Supervisor] - INFO - 检查周期 #566
2026-08-11 14:37:42,435 - [Supervisor] - INFO - 检查周期 #294
2026-08-11 14:37:45,089 - [Supervisor] - INFO - 检查周期 #567
2026-08-11 14:38:03,400 - [Supervisor] - INFO - 检查周期 #295
2026-08-11 14:38:06,064 - [Supervisor] - INFO - 检查周期 #568
2026-08-11 14:38:24,531 - [Supervisor] - INFO - 检查周期 #296
2026-08-11 14:38:27,295 - [Supervisor] - INFO - 检查周期 #569
2026-08-11 14:38:45,487 - [Supervisor] - INFO - 检查周期 #297
2026-08-11 14:38:48,199 - [Supervisor] - INFO - 检查周期 #570
2026-08-11 14:39:06,455 - [Supervisor] - INFO - 检查周期 #298
2026-08-11 14:39:09,132 - [Supervisor] - INFO - 检查周期 #571
2026-08-11 14:39:27,602 - [Supervisor] - INFO - 检查周期 #299
2026-08-11 14:39:30,174 - [Supervisor] - INFO - 检查周期 #572
2026-08-11 14:39:48,875 - [Supervisor] - INFO - 检查周期 #300
2026-08-11 14:39:51,196 - [Supervisor] - INFO - 检查周期 #573
2026-08-11 14:40:11,398 - [Supervisor] - INFO - 检查周期 #301
2026-08-11 14:40:12,443 - [Supervisor] - INFO - 检查周期 #574
2026-08-11 14:40:32,354 - [Supervisor] - INFO - 检查周期 #302
2026-08-11 14:40:33,509 - [Supervisor] - INFO - 检查周期 #575
2026-08-11 14:40:53,208 - [Supervisor] - INFO - 检查周期 #303
2026-08-11 14:40:54,406 - [Supervisor] - INFO - 检查周期 #576
2026-08-11 14:41:14,077 - [Supervisor] - INFO - 检查周期 #304
2026-08-11 14:41:15,345 - [Supervisor] - INFO - 检查周期 #577
2026-08-11 14:41:34,959 - [Supervisor] - INFO - 检查周期 #305
2026-08-11 14:41:36,167 - [Supervisor] - INFO - 检查周期 #578
2026-08-11 14:41:56,487 - [Supervisor] - INFO - 检查周期 #306
2026-08-11 14:41:57,155 - [Supervisor] - INFO - 检查周期 #579
2026-08-11 14:42:17,321 - [Supervisor] - INFO - 检查周期 #307
2026-08-11 14:42:17,963 - [Supervisor] - INFO - 检查周期 #580
2026-08-11 14:42:38,271 - [Supervisor] - INFO - 检查周期 #308
2026-08-11 14:42:38,863 - [Supervisor] - INFO - 检查周期 #581
2026-08-11 14:42:59,505 - [Supervisor] - INFO - 检查周期 #309
2026-08-11 14:42:59,888 - [Supervisor] - INFO - 检查周期 #582
2026-08-11 14:43:23,557 - [Supervisor] - INFO - 检查周期 #310
2026-08-11 14:43:23,737 - [Supervisor] - INFO - 检查周期 #583
2026-08-11 14:43:44,445 - [Supervisor] - INFO - 检查周期 #311
2026-08-11 14:43:44,671 - [Supervisor] - INFO - 检查周期 #584
2026-08-11 14:44:05,404 - [Supervisor] - INFO - 检查周期 #312
2026-08-11 14:44:05,589 - [Supervisor] - INFO - 检查周期 #585
2026-08-11 14:44:26,398 - [Supervisor] - INFO - 检查周期 #313
2026-08-11 14:44:26,542 - [Supervisor] - INFO - 检查周期 #586
2026-08-11 14:44:50,010 - [Supervisor] - INFO - 检查周期 #314
2026-08-11 14:44:50,088 - [Supervisor] - INFO - 检查周期 #587
2026-08-11 14:45:10,964 - [Supervisor] - INFO - 检查周期 #315
2026-08-11 14:45:11,018 - [Supervisor] - INFO - 检查周期 #588
2026-08-11 14:45:31,948 - [Supervisor] - INFO - 检查周期 #316
2026-08-11 14:45:32,174 - [Supervisor] - INFO - 检查周期 #589
2026-08-11 14:45:52,940 - [Supervisor] - INFO - 检查周期 #317
2026-08-11 14:45:53,123 - [Supervisor] - INFO - 检查周期 #590
2026-08-11 14:46:13,936 - [Supervisor] - INFO - 检查周期 #318
2026-08-11 14:46:14,158 - [Supervisor] - INFO - 检查周期 #591
2026-08-11 14:46:35,022 - [Supervisor] - INFO - 检查周期 #319
2026-08-11 14:46:35,175 - [Supervisor] - INFO - 检查周期 #592
2026-08-11 14:46:55,976 - [Supervisor] - INFO - 检查周期 #320
2026-08-11 14:46:56,171 - [Supervisor] - INFO - 检查周期 #593
2026-08-11 14:47:16,924 - [Supervisor] - INFO - 检查周期 #321
2026-08-11 14:47:17,155 - [Supervisor] - INFO - 检查周期 #594
2026-08-11 14:47:37,790 - [Supervisor] - INFO - 检查周期 #322
2026-08-11 14:47:38,059 - [Supervisor] - INFO - 检查周期 #595
2026-08-11 14:47:58,635 - [Supervisor] - INFO - 检查周期 #323
2026-08-11 14:47:58,929 - [Supervisor] - INFO - 检查周期 #596
2026-08-11 14:48:19,566 - [Supervisor] - INFO - 检查周期 #324
2026-08-11 14:48:19,827 - [Supervisor] - INFO - 检查周期 #597
2026-08-11 14:48:40,456 - [Supervisor] - INFO - 检查周期 #325
2026-08-11 14:48:40,700 - [Supervisor] - INFO - 检查周期 #598
2026-08-11 14:49:01,405 - [Supervisor] - INFO - 检查周期 #326
2026-08-11 14:49:01,700 - [Supervisor] - INFO - 检查周期 #599
2026-08-11 14:49:22,482 - [Supervisor] - INFO - 检查周期 #327
2026-08-11 14:49:22,688 - [Supervisor] - INFO - 检查周期 #600
2026-08-11 14:49:43,426 - [Supervisor] - INFO - 检查周期 #328
2026-08-11 14:49:43,604 - [Supervisor] - INFO - 检查周期 #601
2026-08-11 14:50:04,588 - [Supervisor] - INFO - 检查周期 #602
2026-08-11 14:50:04,814 - [Supervisor] - INFO - 检查周期 #329
2026-08-11 14:50:25,604 - [Supervisor] - INFO - 检查周期 #603
2026-08-11 14:50:25,726 - [Supervisor] - INFO - 检查周期 #330
2026-08-11 14:50:46,631 - [Supervisor] - INFO - 检查周期 #604
2026-08-11 14:50:46,725 - [Supervisor] - INFO - 检查周期 #331
2026-08-11 14:51:07,662 - [Supervisor] - INFO - 检查周期 #332
2026-08-11 14:51:07,742 - [Supervisor] - INFO - 检查周期 #605
2026-08-11 14:51:28,906 - [Supervisor] - INFO - 检查周期 #606
2026-08-11 14:51:29,066 - [Supervisor] - INFO - 检查周期 #333
2026-08-11 14:51:49,808 - [Supervisor] - INFO - 检查周期 #607
2026-08-11 14:51:49,950 - [Supervisor] - INFO - 检查周期 #334
2026-08-11 14:52:11,307 - [Supervisor] - INFO - 检查周期 #608
2026-08-11 14:52:11,395 - [Supervisor] - INFO - 检查周期 #335
2026-08-11 14:52:32,281 - [Supervisor] - INFO - 检查周期 #609
2026-08-11 14:52:32,290 - [Supervisor] - INFO - 检查周期 #336
2026-08-11 14:52:53,132 - [Supervisor] - INFO - 检查周期 #610
2026-08-11 14:52:53,165 - [Supervisor] - INFO - 检查周期 #337
2026-08-11 14:53:14,078 - [Supervisor] - INFO - 检查周期 #611
2026-08-11 14:53:14,175 - [Supervisor] - INFO - 检查周期 #338
2026-08-11 14:53:34,918 - [Supervisor] - INFO - 检查周期 #612
2026-08-11 14:53:35,038 - [Supervisor] - INFO - 检查周期 #339
2026-08-11 14:53:55,744 - [Supervisor] - INFO - 检查周期 #613
2026-08-11 14:53:55,894 - [Supervisor] - INFO - 检查周期 #340
2026-08-11 14:54:16,728 - [Supervisor] - INFO - 检查周期 #614
2026-08-11 14:54:16,811 - [Supervisor] - INFO - 检查周期 #341
2026-08-11 14:54:37,637 - [Supervisor] - INFO - 检查周期 #615
2026-08-11 14:54:37,755 - [Supervisor] - INFO - 检查周期 #342
2026-08-11 14:54:58,531 - [Supervisor] - INFO - 检查周期 #616
2026-08-11 14:54:58,689 - [Supervisor] - INFO - 检查周期 #343
2026-08-11 14:55:19,490 - [Supervisor] - INFO - 检查周期 #617
2026-08-11 14:55:19,574 - [Supervisor] - INFO - 检查周期 #344
2026-08-11 14:55:40,442 - [Supervisor] - INFO - 检查周期 #618
2026-08-11 14:55:40,497 - [Supervisor] - INFO - 检查周期 #345
2026-08-11 14:56:01,340 - [Supervisor] - INFO - 检查周期 #619
2026-08-11 14:56:01,383 - [Supervisor] - INFO - 检查周期 #346
2026-08-11 14:56:22,369 - [Supervisor] - INFO - 检查周期 #620
2026-08-11 14:56:23,044 - [Supervisor] - INFO - 检查周期 #347
2026-08-11 14:56:43,332 - [Supervisor] - INFO - 检查周期 #621
2026-08-11 14:56:43,990 - [Supervisor] - INFO - 检查周期 #348
2026-08-11 14:57:04,250 - [Supervisor] - INFO - 检查周期 #622
2026-08-11 14:57:04,995 - [Supervisor] - INFO - 检查周期 #349
2026-08-11 14:57:25,515 - [Supervisor] - INFO - 检查周期 #623
2026-08-11 14:57:26,062 - [Supervisor] - INFO - 检查周期 #350
2026-08-11 14:57:46,556 - [Supervisor] - INFO - 检查周期 #624
2026-08-11 14:57:46,963 - [Supervisor] - INFO - 检查周期 #351
2026-08-11 14:58:07,806 - [Supervisor] - INFO - 检查周期 #352
2026-08-11 14:58:07,921 - [Supervisor] - INFO - 检查周期 #625
2026-08-11 14:58:28,888 - [Supervisor] - INFO - 检查周期 #626
2026-08-11 14:58:29,269 - [Supervisor] - INFO - 检查周期 #353
2026-08-11 14:58:50,125 - [Supervisor] - INFO - 检查周期 #627
2026-08-11 14:58:50,451 - [Supervisor] - INFO - 检查周期 #354
2026-08-11 14:59:11,239 - [Supervisor] - INFO - 检查周期 #628
2026-08-11 14:59:11,861 - [Supervisor] - INFO - 检查周期 #355
2026-08-11 14:59:32,163 - [Supervisor] - INFO - 检查周期 #629
2026-08-11 14:59:33,449 - [Supervisor] - INFO - 检查周期 #356
2026-08-11 14:59:53,089 - [Supervisor] - INFO - 检查周期 #630
2026-08-11 14:59:54,370 - [Supervisor] - INFO - 检查周期 #357
2026-08-11 15:00:14,030 - [Supervisor] - INFO - 检查周期 #631
2026-08-11 15:00:16,102 - [Supervisor] - INFO - 检查周期 #358
2026-08-11 15:00:36,124 - [Supervisor] - INFO - 检查周期 #632
2026-08-11 15:00:37,528 - [Supervisor] - INFO - 检查周期 #359
2026-08-11 15:00:57,103 - [Supervisor] - INFO - 检查周期 #633
2026-08-11 15:00:59,020 - [Supervisor] - INFO - 检查周期 #360
2026-08-11 15:01:18,045 - [Supervisor] - INFO - 检查周期 #634
2026-08-11 15:01:21,010 - [Supervisor] - INFO - 检查周期 #361
2026-08-11 15:01:38,923 - [Supervisor] - INFO - 检查周期 #635
2026-08-11 15:01:41,972 - [Supervisor] - INFO - 检查周期 #362
2026-08-11 15:01:59,866 - [Supervisor] - INFO - 检查周期 #636
2026-08-11 15:02:02,870 - [Supervisor] - INFO - 检查周期 #363
2026-08-11 15:02:21,751 - [Supervisor] - INFO - 检查周期 #637
2026-08-11 15:02:23,772 - [Supervisor] - INFO - 检查周期 #364
2026-08-11 15:02:43,656 - [Supervisor] - INFO - 检查周期 #638
2026-08-11 15:02:45,911 - [Supervisor] - INFO - 检查周期 #365
2026-08-11 15:03:05,061 - [Supervisor] - INFO - 检查周期 #639
2026-08-11 15:03:07,811 - [Supervisor] - INFO - 检查周期 #366
2026-08-11 15:03:26,065 - [Supervisor] - INFO - 检查周期 #640
2026-08-11 15:03:28,767 - [Supervisor] - INFO - 检查周期 #367
2026-08-11 15:03:47,684 - [Supervisor] - INFO - 检查周期 #641
2026-08-11 15:03:49,908 - [Supervisor] - INFO - 检查周期 #368
2026-08-11 15:04:08,597 - [Supervisor] - INFO - 检查周期 #642
2026-08-11 15:04:10,850 - [Supervisor] - INFO - 检查周期 #369
2026-08-11 15:04:31,713 - [Supervisor] - INFO - 检查周期 #643
2026-08-11 15:04:34,036 - [Supervisor] - INFO - 检查周期 #370
2026-08-11 15:04:53,116 - [Supervisor] - INFO - 检查周期 #644
2026-08-11 15:04:55,966 - [Supervisor] - INFO - 检查周期 #371
2026-08-11 15:05:14,008 - [Supervisor] - INFO - 检查周期 #645
2026-08-11 15:05:16,784 - [Supervisor] - INFO - 检查周期 #372
2026-08-11 15:05:36,193 - [Supervisor] - INFO - 检查周期 #646
2026-08-11 15:05:37,676 - [Supervisor] - INFO - 检查周期 #373
2026-08-11 15:05:57,949 - [Supervisor] - INFO - 检查周期 #647
2026-08-11 15:05:58,570 - [Supervisor] - INFO - 检查周期 #374
2026-08-11 15:06:18,871 - [Supervisor] - INFO - 检查周期 #648
2026-08-11 15:06:19,467 - [Supervisor] - INFO - 检查周期 #375
2026-08-11 15:06:39,819 - [Supervisor] - INFO - 检查周期 #649
2026-08-11 15:06:40,372 - [Supervisor] - INFO - 检查周期 #376
2026-08-11 15:07:00,805 - [Supervisor] - INFO - 检查周期 #650
2026-08-11 15:07:01,301 - [Supervisor] - INFO - 检查周期 #377
2026-08-11 15:07:21,663 - [Supervisor] - INFO - 检查周期 #651
2026-08-11 15:07:22,202 - [Supervisor] - INFO - 检查周期 #378
2026-08-11 15:07:42,481 - [Supervisor] - INFO - 检查周期 #652
2026-08-11 15:07:43,056 - [Supervisor] - INFO - 检查周期 #379
2026-08-11 15:08:03,405 - [Supervisor] - INFO - 检查周期 #653
2026-08-11 15:08:04,001 - [Supervisor] - INFO - 检查周期 #380
2026-08-11 15:08:24,379 - [Supervisor] - INFO - 检查周期 #654
2026-08-11 15:08:25,072 - [Supervisor] - INFO - 检查周期 #381
2026-08-11 15:08:45,411 - [Supervisor] - INFO - 检查周期 #655
2026-08-11 15:08:46,009 - [Supervisor] - INFO - 检查周期 #382
2026-08-11 15:09:06,259 - [Supervisor] - INFO - 检查周期 #656
2026-08-11 15:09:06,832 - [Supervisor] - INFO - 检查周期 #383
2026-08-11 15:09:27,254 - [Supervisor] - INFO - 检查周期 #657
2026-08-11 15:09:27,725 - [Supervisor] - INFO - 检查周期 #384
2026-08-11 15:09:48,112 - [Supervisor] - INFO - 检查周期 #658
2026-08-11 15:09:48,577 - [Supervisor] - INFO - 检查周期 #385
2026-08-11 15:10:08,958 - [Supervisor] - INFO - 检查周期 #659
2026-08-11 15:10:09,411 - [Supervisor] - INFO - 检查周期 #386
2026-08-11 15:10:29,834 - [Supervisor] - INFO - 检查周期 #660
2026-08-11 15:10:30,179 - [Supervisor] - INFO - 检查周期 #387
2026-08-11 15:10:50,646 - [Supervisor] - INFO - 检查周期 #661
2026-08-11 15:10:51,124 - [Supervisor] - INFO - 检查周期 #388
2026-08-11 15:11:11,570 - [Supervisor] - INFO - 检查周期 #662
2026-08-11 15:11:12,041 - [Supervisor] - INFO - 检查周期 #389
2026-08-11 15:11:32,524 - [Supervisor] - INFO - 检查周期 #663
2026-08-11 15:11:32,990 - [Supervisor] - INFO - 检查周期 #390
2026-08-11 15:11:53,446 - [Supervisor] - INFO - 检查周期 #664
2026-08-11 15:11:53,888 - [Supervisor] - INFO - 检查周期 #391
2026-08-11 15:12:14,374 - [Supervisor] - INFO - 检查周期 #665
2026-08-11 15:12:14,851 - [Supervisor] - INFO - 检查周期 #392
2026-08-11 15:12:35,284 - [Supervisor] - INFO - 检查周期 #666
2026-08-11 15:12:35,749 - [Supervisor] - INFO - 检查周期 #393
2026-08-11 15:12:56,330 - [Supervisor] - INFO - 检查周期 #667
2026-08-11 15:12:56,737 - [Supervisor] - INFO - 检查周期 #394
2026-08-11 15:13:17,300 - [Supervisor] - INFO - 检查周期 #668
2026-08-11 15:13:17,671 - [Supervisor] - INFO - 检查周期 #395
2026-08-11 15:13:38,306 - [Supervisor] - INFO - 检查周期 #669
2026-08-11 15:13:38,565 - [Supervisor] - INFO - 检查周期 #396
2026-08-11 15:13:59,262 - [Supervisor] - INFO - 检查周期 #670
2026-08-11 15:13:59,502 - [Supervisor] - INFO - 检查周期 #397
2026-08-11 15:14:20,285 - [Supervisor] - INFO - 检查周期 #671
2026-08-11 15:14:20,389 - [Supervisor] - INFO - 检查周期 #398
2026-08-11 15:14:41,371 - [Supervisor] - INFO - 检查周期 #672
2026-08-11 15:14:41,525 - [Supervisor] - INFO - 检查周期 #399
2026-08-11 15:15:02,236 - [Supervisor] - INFO - 检查周期 #673
2026-08-11 15:15:02,344 - [Supervisor] - INFO - 检查周期 #400
2026-08-11 15:15:23,192 - [Supervisor] - INFO - 检查周期 #674
2026-08-11 15:15:23,310 - [Supervisor] - INFO - 检查周期 #401
2026-08-11 15:15:44,189 - [Supervisor] - INFO - 检查周期 #675
2026-08-11 15:15:44,257 - [Supervisor] - INFO - 检查周期 #402
2026-08-11 15:16:05,070 - [Supervisor] - INFO - 检查周期 #676
2026-08-11 15:16:05,080 - [Supervisor] - INFO - 检查周期 #403
2026-08-11 15:16:26,045 - [Supervisor] - INFO - 检查周期 #404
2026-08-11 15:16:26,155 - [Supervisor] - INFO - 检查周期 #677
2026-08-11 15:16:47,094 - [Supervisor] - INFO - 检查周期 #678
2026-08-11 15:16:47,102 - [Supervisor] - INFO - 检查周期 #405
2026-08-11 15:17:07,918 - [Supervisor] - INFO - 检查周期 #679
2026-08-11 15:17:08,010 - [Supervisor] - INFO - 检查周期 #406
2026-08-11 15:17:28,769 - [Supervisor] - INFO - 检查周期 #680
2026-08-11 15:17:28,843 - [Supervisor] - INFO - 检查周期 #407
2026-08-11 15:17:49,591 - [Supervisor] - INFO - 检查周期 #681
2026-08-11 15:17:49,648 - [Supervisor] - INFO - 检查周期 #408
2026-08-11 15:18:10,426 - [Supervisor] - INFO - 检查周期 #682
2026-08-11 15:18:10,569 - [Supervisor] - INFO - 检查周期 #409
2026-08-11 15:18:31,422 - [Supervisor] - INFO - 检查周期 #683
2026-08-11 15:18:31,633 - [Supervisor] - INFO - 检查周期 #410
2026-08-11 15:18:52,400 - [Supervisor] - INFO - 检查周期 #684
2026-08-11 15:18:52,648 - [Supervisor] - INFO - 检查周期 #411
2026-08-11 15:19:13,375 - [Supervisor] - INFO - 检查周期 #685
2026-08-11 15:19:13,574 - [Supervisor] - INFO - 检查周期 #412
2026-08-11 15:19:34,284 - [Supervisor] - INFO - 检查周期 #686
2026-08-11 15:19:34,573 - [Supervisor] - INFO - 检查周期 #413
2026-08-11 15:19:55,180 - [Supervisor] - INFO - 检查周期 #687
2026-08-11 15:19:55,528 - [Supervisor] - INFO - 检查周期 #414
2026-08-11 15:20:16,177 - [Supervisor] - INFO - 检查周期 #688
2026-08-11 15:20:16,531 - [Supervisor] - INFO - 检查周期 #415
2026-08-11 15:20:37,167 - [Supervisor] - INFO - 检查周期 #689
2026-08-11 15:20:37,449 - [Supervisor] - INFO - 检查周期 #416
2026-08-11 15:20:58,107 - [Supervisor] - INFO - 检查周期 #690
2026-08-11 15:20:58,382 - [Supervisor] - INFO - 检查周期 #417
2026-08-11 15:21:19,067 - [Supervisor] - INFO - 检查周期 #691
2026-08-11 15:21:19,409 - [Supervisor] - INFO - 检查周期 #418
2026-08-11 15:21:39,973 - [Supervisor] - INFO - 检查周期 #692
2026-08-11 15:21:40,345 - [Supervisor] - INFO - 检查周期 #419
2026-08-11 15:22:00,857 - [Supervisor] - INFO - 检查周期 #693
2026-08-11 15:22:01,151 - [Supervisor] - INFO - 检查周期 #420
2026-08-11 15:22:21,805 - [Supervisor] - INFO - 检查周期 #694
2026-08-11 15:22:22,191 - [Supervisor] - INFO - 检查周期 #421
2026-08-11 15:22:43,129 - [Supervisor] - INFO - 检查周期 #422
2026-08-11 15:22:43,176 - [Supervisor] - INFO - 检查周期 #695
2026-08-11 15:23:04,053 - [Supervisor] - INFO - 检查周期 #423
2026-08-11 15:23:04,071 - [Supervisor] - INFO - 检查周期 #696
2026-08-11 15:23:25,127 - [Supervisor] - INFO - 检查周期 #424
2026-08-11 15:23:25,152 - [Supervisor] - INFO - 检查周期 #697
2026-08-11 15:23:46,037 - [Supervisor] - INFO - 检查周期 #425
2026-08-11 15:23:46,163 - [Supervisor] - INFO - 检查周期 #698
2026-08-11 15:24:06,867 - [Supervisor] - INFO - 检查周期 #426
2026-08-11 15:24:06,972 - [Supervisor] - INFO - 检查周期 #699
2026-08-11 15:24:27,731 - [Supervisor] - INFO - 检查周期 #427
2026-08-11 15:24:27,803 - [Supervisor] - INFO - 检查周期 #700
2026-08-11 15:24:48,640 - [Supervisor] - INFO - 检查周期 #428
2026-08-11 15:24:48,695 - [Supervisor] - INFO - 检查周期 #701
2026-08-11 15:25:09,655 - [Supervisor] - INFO - 检查周期 #702
2026-08-11 15:25:09,675 - [Supervisor] - INFO - 检查周期 #429
2026-08-11 15:25:30,677 - [Supervisor] - INFO - 检查周期 #703
2026-08-11 15:25:32,104 - [Supervisor] - INFO - 检查周期 #430
2026-08-11 15:25:51,601 - [Supervisor] - INFO - 检查周期 #704
2026-08-11 15:25:53,044 - [Supervisor] - INFO - 检查周期 #431
2026-08-11 15:26:12,498 - [Supervisor] - INFO - 检查周期 #705
2026-08-11 15:26:14,100 - [Supervisor] - INFO - 检查周期 #432
2026-08-11 15:26:33,399 - [Supervisor] - INFO - 检查周期 #706
2026-08-11 15:26:35,008 - [Supervisor] - INFO - 检查周期 #433
2026-08-11 15:26:54,230 - [Supervisor] - INFO - 检查周期 #707
2026-08-11 15:26:55,851 - [Supervisor] - INFO - 检查周期 #434
2026-08-11 15:27:15,095 - [Supervisor] - INFO - 检查周期 #708
2026-08-11 15:27:16,702 - [Supervisor] - INFO - 检查周期 #435
2026-08-11 15:27:35,925 - [Supervisor] - INFO - 检查周期 #709
2026-08-11 15:27:37,605 - [Supervisor] - INFO - 检查周期 #436
2026-08-11 15:27:56,772 - [Supervisor] - INFO - 检查周期 #710
2026-08-11 15:27:58,444 - [Supervisor] - INFO - 检查周期 #437
2026-08-11 15:28:17,637 - [Supervisor] - INFO - 检查周期 #711
2026-08-11 15:28:19,313 - [Supervisor] - INFO - 检查周期 #438
2026-08-11 15:28:39,770 - [Supervisor] - INFO - 检查周期 #712
2026-08-11 15:28:40,309 - [Supervisor] - INFO - 检查周期 #439
2026-08-11 15:29:00,686 - [Supervisor] - INFO - 检查周期 #713
2026-08-11 15:29:01,223 - [Supervisor] - INFO - 检查周期 #440
2026-08-11 15:29:21,662 - [Supervisor] - INFO - 检查周期 #714
2026-08-11 15:29:22,152 - [Supervisor] - INFO - 检查周期 #441
2026-08-11 15:29:42,694 - [Supervisor] - INFO - 检查周期 #715
2026-08-11 15:29:43,241 - [Supervisor] - INFO - 检查周期 #442
2026-08-11 15:30:03,715 - [Supervisor] - INFO - 检查周期 #716
2026-08-11 15:30:04,187 - [Supervisor] - INFO - 检查周期 #443
2026-08-11 15:30:24,665 - [Supervisor] - INFO - 检查周期 #717
2026-08-11 15:30:25,125 - [Supervisor] - INFO - 检查周期 #444
2026-08-11 15:30:45,646 - [Supervisor] - INFO - 检查周期 #718
2026-08-11 15:30:46,030 - [Supervisor] - INFO - 检查周期 #445
2026-08-11 15:31:06,533 - [Supervisor] - INFO - 检查周期 #719
2026-08-11 15:31:06,943 - [Supervisor] - INFO - 检查周期 #446
2026-08-11 15:31:27,541 - [Supervisor] - INFO - 检查周期 #720
2026-08-11 15:31:27,867 - [Supervisor] - INFO - 检查周期 #447
2026-08-11 15:31:48,431 - [Supervisor] - INFO - 检查周期 #721
2026-08-11 15:31:48,823 - [Supervisor] - INFO - 检查周期 #448
2026-08-11 15:32:09,462 - [Supervisor] - INFO - 检查周期 #722
2026-08-11 15:32:09,708 - [Supervisor] - INFO - 检查周期 #449
2026-08-11 15:32:30,614 - [Supervisor] - INFO - 检查周期 #450
2026-08-11 15:32:30,803 - [Supervisor] - INFO - 检查周期 #723
2026-08-11 15:32:51,548 - [Supervisor] - INFO - 检查周期 #451
2026-08-11 15:32:51,741 - [Supervisor] - INFO - 检查周期 #724
2026-08-11 15:33:12,443 - [Supervisor] - INFO - 检查周期 #452
2026-08-11 15:33:12,706 - [Supervisor] - INFO - 检查周期 #725
2026-08-11 15:33:33,354 - [Supervisor] - INFO - 检查周期 #453
2026-08-11 15:33:33,629 - [Supervisor] - INFO - 检查周期 #726
2026-08-11 15:33:54,335 - [Supervisor] - INFO - 检查周期 #454
2026-08-11 15:33:54,663 - [Supervisor] - INFO - 检查周期 #727
2026-08-11 15:34:15,309 - [Supervisor] - INFO - 检查周期 #455
2026-08-11 15:34:15,737 - [Supervisor] - INFO - 检查周期 #728
2026-08-11 15:34:36,215 - [Supervisor] - INFO - 检查周期 #456
2026-08-11 15:34:36,610 - [Supervisor] - INFO - 检查周期 #729
2026-08-11 15:34:57,097 - [Supervisor] - INFO - 检查周期 #457
2026-08-11 15:34:57,531 - [Supervisor] - INFO - 检查周期 #730
2026-08-11 15:35:18,015 - [Supervisor] - INFO - 检查周期 #458
2026-08-11 15:35:18,458 - [Supervisor] - INFO - 检查周期 #731
2026-08-11 15:35:38,903 - [Supervisor] - INFO - 检查周期 #459
2026-08-11 15:35:39,393 - [Supervisor] - INFO - 检查周期 #732
2026-08-11 15:35:59,794 - [Supervisor] - INFO - 检查周期 #460
2026-08-11 15:36:00,370 - [Supervisor] - INFO - 检查周期 #733
2026-08-11 15:36:20,717 - [Supervisor] - INFO - 检查周期 #461
2026-08-11 15:36:21,364 - [Supervisor] - INFO - 检查周期 #734
2026-08-11 15:36:41,614 - [Supervisor] - INFO - 检查周期 #462
2026-08-11 15:36:42,287 - [Supervisor] - INFO - 检查周期 #735
2026-08-11 15:37:02,556 - [Supervisor] - INFO - 检查周期 #463
2026-08-11 15:37:03,155 - [Supervisor] - INFO - 检查周期 #736
2026-08-11 15:37:23,465 - [Supervisor] - INFO - 检查周期 #464
2026-08-11 15:37:24,158 - [Supervisor] - INFO - 检查周期 #737
2026-08-11 15:37:44,442 - [Supervisor] - INFO - 检查周期 #465
2026-08-11 15:37:45,045 - [Supervisor] - INFO - 检查周期 #738
2026-08-11 15:38:05,327 - [Supervisor] - INFO - 检查周期 #466
2026-08-11 15:38:05,950 - [Supervisor] - INFO - 检查周期 #739
2026-08-11 15:38:26,232 - [Supervisor] - INFO - 检查周期 #467
2026-08-11 15:38:26,888 - [Supervisor] - INFO - 检查周期 #740
2026-08-11 15:38:47,204 - [Supervisor] - INFO - 检查周期 #468
2026-08-11 15:38:47,728 - [Supervisor] - INFO - 检查周期 #741
2026-08-11 15:39:08,048 - [Supervisor] - INFO - 检查周期 #469
2026-08-11 15:39:08,604 - [Supervisor] - INFO - 检查周期 #742
2026-08-11 15:39:28,880 - [Supervisor] - INFO - 检查周期 #470
2026-08-11 15:39:29,462 - [Supervisor] - INFO - 检查周期 #743
2026-08-11 15:39:50,045 - [Supervisor] - INFO - 检查周期 #471
2026-08-11 15:39:50,485 - [Supervisor] - INFO - 检查周期 #744
2026-08-11 15:40:11,444 - [Supervisor] - INFO - 检查周期 #745
2026-08-11 15:40:12,019 - [Supervisor] - INFO - 检查周期 #472
2026-08-11 15:40:32,354 - [Supervisor] - INFO - 检查周期 #746
2026-08-11 15:40:32,945 - [Supervisor] - INFO - 检查周期 #473
2026-08-11 15:40:53,240 - [Supervisor] - INFO - 检查周期 #747
2026-08-11 15:40:53,838 - [Supervisor] - INFO - 检查周期 #474
2026-08-11 15:41:14,149 - [Supervisor] - INFO - 检查周期 #748
2026-08-11 15:41:14,710 - [Supervisor] - INFO - 检查周期 #475
2026-08-11 15:41:35,549 - [Supervisor] - INFO - 检查周期 #749
2026-08-11 15:41:36,128 - [Supervisor] - INFO - 检查周期 #476
2026-08-11 15:41:56,291 - [Supervisor] - INFO - 检查周期 #750
2026-08-11 15:41:57,439 - [Supervisor] - INFO - 检查周期 #477
2026-08-11 15:42:17,230 - [Supervisor] - INFO - 检查周期 #751
2026-08-11 15:42:18,358 - [Supervisor] - INFO - 检查周期 #478
2026-08-11 15:42:38,293 - [Supervisor] - INFO - 检查周期 #752
2026-08-11 15:42:39,356 - [Supervisor] - INFO - 检查周期 #479
2026-08-11 15:42:59,160 - [Supervisor] - INFO - 检查周期 #753
2026-08-11 15:43:00,241 - [Supervisor] - INFO - 检查周期 #480
2026-08-11 15:43:20,102 - [Supervisor] - INFO - 检查周期 #754
2026-08-11 15:43:21,109 - [Supervisor] - INFO - 检查周期 #481
2026-08-11 15:43:40,932 - [Supervisor] - INFO - 检查周期 #755
2026-08-11 15:43:41,986 - [Supervisor] - INFO - 检查周期 #482
2026-08-11 15:44:01,879 - [Supervisor] - INFO - 检查周期 #756
2026-08-11 15:44:02,904 - [Supervisor] - INFO - 检查周期 #483
2026-08-11 15:44:22,749 - [Supervisor] - INFO - 检查周期 #757
2026-08-11 15:44:23,881 - [Supervisor] - INFO - 检查周期 #484
2026-08-11 15:44:43,635 - [Supervisor] - INFO - 检查周期 #758
2026-08-11 15:44:44,801 - [Supervisor] - INFO - 检查周期 #485
2026-08-11 15:45:04,483 - [Supervisor] - INFO - 检查周期 #759
2026-08-11 15:45:05,632 - [Supervisor] - INFO - 检查周期 #486
2026-08-11 15:45:25,424 - [Supervisor] - INFO - 检查周期 #760
2026-08-11 15:45:26,625 - [Supervisor] - INFO - 检查周期 #487
2026-08-11 15:45:46,794 - [Supervisor] - INFO - 检查周期 #761
2026-08-11 15:45:47,569 - [Supervisor] - INFO - 检查周期 #488
2026-08-11 15:46:07,695 - [Supervisor] - INFO - 检查周期 #762
2026-08-11 15:46:08,456 - [Supervisor] - INFO - 检查周期 #489
2026-08-11 15:46:28,651 - [Supervisor] - INFO - 检查周期 #763
2026-08-11 15:46:29,432 - [Supervisor] - INFO - 检查周期 #490
2026-08-11 15:46:49,558 - [Supervisor] - INFO - 检查周期 #764
2026-08-11 15:46:50,383 - [Supervisor] - INFO - 检查周期 #491
2026-08-11 15:47:10,467 - [Supervisor] - INFO - 检查周期 #765
2026-08-11 15:47:11,333 - [Supervisor] - INFO - 检查周期 #492
2026-08-11 15:47:31,319 - [Supervisor] - INFO - 检查周期 #766
2026-08-11 15:47:32,270 - [Supervisor] - INFO - 检查周期 #493
2026-08-11 15:47:52,218 - [Supervisor] - INFO - 检查周期 #767
2026-08-11 15:47:53,203 - [Supervisor] - INFO - 检查周期 #494
2026-08-11 15:48:13,291 - [Supervisor] - INFO - 检查周期 #768
2026-08-11 15:48:14,119 - [Supervisor] - INFO - 检查周期 #495
2026-08-11 15:48:34,327 - [Supervisor] - INFO - 检查周期 #769
2026-08-11 15:48:35,043 - [Supervisor] - INFO - 检查周期 #496
2026-08-11 15:48:55,184 - [Supervisor] - INFO - 检查周期 #770
2026-08-11 15:48:55,897 - [Supervisor] - INFO - 检查周期 #497
2026-08-11 15:49:16,056 - [Supervisor] - INFO - 检查周期 #771
2026-08-11 15:49:16,741 - [Supervisor] - INFO - 检查周期 #498
2026-08-11 15:49:36,865 - [Supervisor] - INFO - 检查周期 #772
2026-08-11 15:49:37,648 - [Supervisor] - INFO - 检查周期 #499
2026-08-11 15:49:57,743 - [Supervisor] - INFO - 检查周期 #773
2026-08-11 15:49:58,449 - [Supervisor] - INFO - 检查周期 #500
2026-08-11 15:50:18,682 - [Supervisor] - INFO - 检查周期 #774
2026-08-11 15:50:19,342 - [Supervisor] - INFO - 检查周期 #501
2026-08-11 15:50:39,633 - [Supervisor] - INFO - 检查周期 #775
2026-08-11 15:50:40,266 - [Supervisor] - INFO - 检查周期 #502
2026-08-11 15:51:00,591 - [Supervisor] - INFO - 检查周期 #776
2026-08-11 15:51:01,193 - [Supervisor] - INFO - 检查周期 #503
2026-08-11 15:51:21,537 - [Supervisor] - INFO - 检查周期 #777
2026-08-11 15:51:22,120 - [Supervisor] - INFO - 检查周期 #504
2026-08-11 15:51:42,419 - [Supervisor] - INFO - 检查周期 #778
2026-08-11 15:51:42,952 - [Supervisor] - INFO - 检查周期 #505
2026-08-11 15:52:03,301 - [Supervisor] - INFO - 检查周期 #779
2026-08-11 15:52:06,198 - [Supervisor] - INFO - 检查周期 #506
2026-08-11 15:52:30,363 - [Supervisor] - INFO - 检查周期 #780
2026-08-11 15:52:30,527 - [Supervisor] - INFO - 检查周期 #507
2026-08-11 15:52:51,303 - [Supervisor] - INFO - 检查周期 #781
2026-08-11 15:52:51,473 - [Supervisor] - INFO - 检查周期 #508
2026-08-11 15:53:12,218 - [Supervisor] - INFO - 检查周期 #782
2026-08-11 15:53:12,402 - [Supervisor] - INFO - 检查周期 #509
2026-08-11 15:53:33,341 - [Supervisor] - INFO - 检查周期 #783
2026-08-11 15:53:33,441 - [Supervisor] - INFO - 检查周期 #510
2026-08-11 15:53:54,220 - [Supervisor] - INFO - 检查周期 #784
2026-08-11 15:53:54,369 - [Supervisor] - INFO - 检查周期 #511
2026-08-11 15:54:15,217 - [Supervisor] - INFO - 检查周期 #785
2026-08-11 15:54:15,282 - [Supervisor] - INFO - 检查周期 #512
2026-08-11 15:54:36,129 - [Supervisor] - INFO - 检查周期 #786
2026-08-11 15:54:36,230 - [Supervisor] - INFO - 检查周期 #513
2026-08-11 15:54:57,044 - [Supervisor] - INFO - 检查周期 #787
2026-08-11 15:54:57,132 - [Supervisor] - INFO - 检查周期 #514
2026-08-11 15:55:17,979 - [Supervisor] - INFO - 检查周期 #788
2026-08-11 15:55:18,048 - [Supervisor] - INFO - 检查周期 #515
2026-08-11 15:55:38,959 - [Supervisor] - INFO - 检查周期 #789
2026-08-11 15:55:39,002 - [Supervisor] - INFO - 检查周期 #516
2026-08-11 15:55:59,803 - [Supervisor] - INFO - 检查周期 #790
2026-08-11 15:55:59,958 - [Supervisor] - INFO - 检查周期 #517
2026-08-11 15:56:20,629 - [Supervisor] - INFO - 检查周期 #791
2026-08-11 15:56:20,846 - [Supervisor] - INFO - 检查周期 #518
2026-08-11 15:56:42,069 - [Supervisor] - INFO - 检查周期 #519
2026-08-11 15:56:42,493 - [Supervisor] - INFO - 检查周期 #792
2026-08-11 15:57:02,997 - [Supervisor] - INFO - 检查周期 #520
2026-08-11 15:57:03,363 - [Supervisor] - INFO - 检查周期 #793
2026-08-11 15:57:23,895 - [Supervisor] - INFO - 检查周期 #521
2026-08-11 15:57:24,236 - [Supervisor] - INFO - 检查周期 #794
2026-08-11 15:57:44,820 - [Supervisor] - INFO - 检查周期 #522
2026-08-11 15:57:45,122 - [Supervisor] - INFO - 检查周期 #795
2026-08-11 15:58:05,713 - [Supervisor] - INFO - 检查周期 #523
2026-08-11 15:58:06,224 - [Supervisor] - INFO - 检查周期 #796
2026-08-11 15:58:27,327 - [Supervisor] - INFO - 检查周期 #524
2026-08-11 15:58:27,353 - [Supervisor] - INFO - 检查周期 #797
2026-08-11 15:58:48,190 - [Supervisor] - INFO - 检查周期 #798
2026-08-11 15:58:48,205 - [Supervisor] - INFO - 检查周期 #525
2026-08-11 15:59:09,114 - [Supervisor] - INFO - 检查周期 #799
2026-08-11 15:59:09,216 - [Supervisor] - INFO - 检查周期 #526
2026-08-11 15:59:30,149 - [Supervisor] - INFO - 检查周期 #527
2026-08-11 15:59:30,156 - [Supervisor] - INFO - 检查周期 #800
2026-08-11 15:59:51,001 - [Supervisor] - INFO - 检查周期 #801
2026-08-11 15:59:51,012 - [Supervisor] - INFO - 检查周期 #528
2026-08-11 16:00:11,990 - [Supervisor] - INFO - 检查周期 #802
2026-08-11 16:00:12,023 - [Supervisor] - INFO - 检查周期 #529
2026-08-11 16:00:32,929 - [Supervisor] - INFO - 检查周期 #803
2026-08-11 16:00:32,993 - [Supervisor] - INFO - 检查周期 #530
2026-08-11 16:00:53,874 - [Supervisor] - INFO - 检查周期 #804
2026-08-11 16:00:53,923 - [Supervisor] - INFO - 检查周期 #531
2026-08-11 16:01:14,837 - [Supervisor] - INFO - 检查周期 #805
2026-08-11 16:01:14,870 - [Supervisor] - INFO - 检查周期 #532
2026-08-11 16:01:35,798 - [Supervisor] - INFO - 检查周期 #533
2026-08-11 16:01:35,801 - [Supervisor] - INFO - 检查周期 #806
2026-08-11 16:01:56,657 - [Supervisor] - INFO - 检查周期 #807
2026-08-11 16:01:56,770 - [Supervisor] - INFO - 检查周期 #534
2026-08-11 16:02:17,630 - [Supervisor] - INFO - 检查周期 #808
2026-08-11 16:02:17,690 - [Supervisor] - INFO - 检查周期 #535
2026-08-11 16:02:38,450 - [Supervisor] - INFO - 检查周期 #809
2026-08-11 16:02:38,566 - [Supervisor] - INFO - 检查周期 #536
2026-08-11 16:02:59,357 - [Supervisor] - INFO - 检查周期 #810
2026-08-11 16:02:59,510 - [Supervisor] - INFO - 检查周期 #537
2026-08-11 16:03:20,225 - [Supervisor] - INFO - 检查周期 #811
2026-08-11 16:03:20,309 - [Supervisor] - INFO - 检查周期 #538
2026-08-11 16:03:41,046 - [Supervisor] - INFO - 检查周期 #812
2026-08-11 16:03:41,175 - [Supervisor] - INFO - 检查周期 #539
2026-08-11 16:04:02,092 - [Supervisor] - INFO - 检查周期 #813
2026-08-11 16:04:02,109 - [Supervisor] - INFO - 检查周期 #540
2026-08-11 16:04:23,169 - [Supervisor] - INFO - 检查周期 #541
2026-08-11 16:04:23,275 - [Supervisor] - INFO - 检查周期 #814
2026-08-11 16:04:44,091 - [Supervisor] - INFO - 检查周期 #542
2026-08-11 16:04:44,169 - [Supervisor] - INFO - 检查周期 #815
2026-08-11 16:05:04,918 - [Supervisor] - INFO - 检查周期 #543
2026-08-11 16:05:05,015 - [Supervisor] - INFO - 检查周期 #816
2026-08-11 16:05:26,002 - [Supervisor] - INFO - 检查周期 #544
2026-08-11 16:05:26,014 - [Supervisor] - INFO - 检查周期 #817
2026-08-11 16:05:47,091 - [Supervisor] - INFO - 检查周期 #545
2026-08-11 16:05:47,135 - [Supervisor] - INFO - 检查周期 #818
2026-08-11 16:06:08,000 - [Supervisor] - INFO - 检查周期 #546
2026-08-11 16:06:08,008 - [Supervisor] - INFO - 检查周期 #819
2026-08-11 16:06:28,860 - [Supervisor] - INFO - 检查周期 #820
2026-08-11 16:06:28,905 - [Supervisor] - INFO - 检查周期 #547
2026-08-11 16:06:49,843 - [Supervisor] - INFO - 检查周期 #548
2026-08-11 16:06:49,862 - [Supervisor] - INFO - 检查周期 #821
2026-08-11 16:07:10,765 - [Supervisor] - INFO - 检查周期 #549
2026-08-11 16:07:10,868 - [Supervisor] - INFO - 检查周期 #822
2026-08-11 16:07:31,669 - [Supervisor] - INFO - 检查周期 #550
2026-08-11 16:07:31,790 - [Supervisor] - INFO - 检查周期 #823
2026-08-11 16:07:52,596 - [Supervisor] - INFO - 检查周期 #551
2026-08-11 16:07:52,738 - [Supervisor] - INFO - 检查周期 #824
2026-08-11 16:08:13,533 - [Supervisor] - INFO - 检查周期 #552
2026-08-11 16:08:13,650 - [Supervisor] - INFO - 检查周期 #825
2026-08-11 16:08:34,444 - [Supervisor] - INFO - 检查周期 #553
2026-08-11 16:08:34,525 - [Supervisor] - INFO - 检查周期 #826
2026-08-11 16:08:55,500 - [Supervisor] - INFO - 检查周期 #827
2026-08-11 16:08:55,634 - [Supervisor] - INFO - 检查周期 #554
2026-08-11 16:09:16,422 - [Supervisor] - INFO - 检查周期 #828
2026-08-11 16:09:16,635 - [Supervisor] - INFO - 检查周期 #555
2026-08-11 16:09:37,286 - [Supervisor] - INFO - 检查周期 #829
2026-08-11 16:09:37,485 - [Supervisor] - INFO - 检查周期 #556
2026-08-11 16:09:58,141 - [Supervisor] - INFO - 检查周期 #830
2026-08-11 16:09:58,422 - [Supervisor] - INFO - 检查周期 #557
2026-08-11 16:10:19,005 - [Supervisor] - INFO - 检查周期 #831
2026-08-11 16:10:19,306 - [Supervisor] - INFO - 检查周期 #558
2026-08-11 16:10:40,033 - [Supervisor] - INFO - 检查周期 #832
2026-08-11 16:10:40,187 - [Supervisor] - INFO - 检查周期 #559
2026-08-11 16:11:04,214 - [Supervisor] - INFO - 检查周期 #560
2026-08-11 16:11:06,904 - [Supervisor] - INFO - 检查周期 #833
2026-08-11 16:11:29,653 - [Supervisor] - INFO - 检查周期 #834
2026-08-11 16:11:29,858 - [Supervisor] - INFO - 检查周期 #561
2026-08-11 16:11:50,667 - [Supervisor] - INFO - 检查周期 #835
2026-08-11 16:11:50,900 - [Supervisor] - INFO - 检查周期 #562
2026-08-11 16:12:11,678 - [Supervisor] - INFO - 检查周期 #836
2026-08-11 16:12:11,946 - [Supervisor] - INFO - 检查周期 #563
2026-08-11 16:12:32,678 - [Supervisor] - INFO - 检查周期 #837
2026-08-11 16:12:33,025 - [Supervisor] - INFO - 检查周期 #564
2026-08-11 16:12:53,699 - [Supervisor] - INFO - 检查周期 #838
2026-08-11 16:12:54,019 - [Supervisor] - INFO - 检查周期 #565
2026-08-11 16:13:14,709 - [Supervisor] - INFO - 检查周期 #839
2026-08-11 16:13:15,035 - [Supervisor] - INFO - 检查周期 #566
2026-08-11 16:13:35,736 - [Supervisor] - INFO - 检查周期 #840
2026-08-11 16:13:36,089 - [Supervisor] - INFO - 检查周期 #567
2026-08-11 16:13:56,893 - [Supervisor] - INFO - 检查周期 #841
2026-08-11 16:13:57,185 - [Supervisor] - INFO - 检查周期 #568
2026-08-11 16:14:18,070 - [Supervisor] - INFO - 检查周期 #842
2026-08-11 16:14:18,220 - [Supervisor] - INFO - 检查周期 #569
2026-08-11 16:14:39,373 - [Supervisor] - INFO - 检查周期 #843
2026-08-11 16:14:39,603 - [Supervisor] - INFO - 检查周期 #570
2026-08-11 16:15:00,300 - [Supervisor] - INFO - 检查周期 #844
2026-08-11 16:15:00,450 - [Supervisor] - INFO - 检查周期 #571
2026-08-11 16:15:21,172 - [Supervisor] - INFO - 检查周期 #845
2026-08-11 16:15:21,357 - [Supervisor] - INFO - 检查周期 #572
2026-08-11 16:15:42,000 - [Supervisor] - INFO - 检查周期 #846
2026-08-11 16:15:42,244 - [Supervisor] - INFO - 检查周期 #573
2026-08-11 16:16:02,954 - [Supervisor] - INFO - 检查周期 #847
2026-08-11 16:16:03,176 - [Supervisor] - INFO - 检查周期 #574
2026-08-11 16:16:24,014 - [Supervisor] - INFO - 检查周期 #848
2026-08-11 16:16:24,150 - [Supervisor] - INFO - 检查周期 #575
2026-08-11 16:16:45,000 - [Supervisor] - INFO - 检查周期 #849
2026-08-11 16:16:45,116 - [Supervisor] - INFO - 检查周期 #576
2026-08-11 16:17:06,072 - [Supervisor] - INFO - 检查周期 #850
2026-08-11 16:17:06,132 - [Supervisor] - INFO - 检查周期 #577
2026-08-11 16:17:27,058 - [Supervisor] - INFO - 检查周期 #851
2026-08-11 16:17:27,104 - [Supervisor] - INFO - 检查周期 #578
2026-08-11 16:17:48,119 - [Supervisor] - INFO - 检查周期 #852
2026-08-11 16:17:48,124 - [Supervisor] - INFO - 检查周期 #579
2026-08-11 16:18:09,111 - [Supervisor] - INFO - 检查周期 #580
2026-08-11 16:18:30,027 - [Supervisor] - INFO - 检查周期 #581
2026-08-11 16:18:50,921 - [Supervisor] - INFO - 检查周期 #582
2026-08-11 16:19:11,843 - [Supervisor] - INFO - 检查周期 #583
2026-08-11 16:19:32,841 - [Supervisor] - INFO - 检查周期 #584
2026-08-11 16:19:53,777 - [Supervisor] - INFO - 检查周期 #585
2026-08-11 16:20:14,839 - [Supervisor] - INFO - 检查周期 #586
2026-08-11 16:20:35,671 - [Supervisor] - INFO - 检查周期 #587
2026-08-11 16:20:56,694 - [Supervisor] - INFO - 检查周期 #588
2026-08-11 16:21:17,927 - [Supervisor] - INFO - 检查周期 #589
2026-08-11 16:21:38,818 - [Supervisor] - INFO - 检查周期 #590
2026-08-11 16:21:59,656 - [Supervisor] - INFO - 检查周期 #591
2026-08-11 16:22:20,580 - [Supervisor] - INFO - 检查周期 #592
2026-08-11 16:22:41,517 - [Supervisor] - INFO - 检查周期 #593
2026-08-11 16:23:02,655 - [Supervisor] - INFO - 检查周期 #594
2026-08-11 16:23:23,574 - [Supervisor] - INFO - 检查周期 #595
2026-08-11 16:23:44,518 - [Supervisor] - INFO - 检查周期 #596
2026-08-11 16:24:05,448 - [Supervisor] - INFO - 检查周期 #597
2026-08-11 16:24:26,458 - [Supervisor] - INFO - 检查周期 #598
2026-08-11 16:24:47,294 - [Supervisor] - INFO - 检查周期 #599
2026-08-11 16:25:08,103 - [Supervisor] - INFO - 检查周期 #600
2026-08-11 16:25:28,956 - [Supervisor] - INFO - 检查周期 #601
2026-08-11 16:25:49,881 - [Supervisor] - INFO - 检查周期 #602
2026-08-11 16:26:10,729 - [Supervisor] - INFO - 检查周期 #603
2026-08-11 16:26:31,592 - [Supervisor] - INFO - 检查周期 #604
2026-08-11 16:26:52,472 - [Supervisor] - INFO - 检查周期 #605
2026-08-11 16:27:13,392 - [Supervisor] - INFO - 检查周期 #606
2026-08-11 16:27:34,348 - [Supervisor] - INFO - 检查周期 #607
2026-08-11 16:27:55,305 - [Supervisor] - INFO - 检查周期 #608
2026-08-11 16:28:16,142 - [Supervisor] - INFO - 检查周期 #609
2026-08-11 16:28:36,925 - [Supervisor] - INFO - 检查周期 #610
2026-08-11 16:28:57,863 - [Supervisor] - INFO - 检查周期 #611
2026-08-11 16:29:18,795 - [Supervisor] - INFO - 检查周期 #612
2026-08-11 16:29:40,010 - [Supervisor] - INFO - 检查周期 #613
2026-08-11 16:30:00,959 - [Supervisor] - INFO - 检查周期 #614
2026-08-11 16:30:21,990 - [Supervisor] - INFO - 检查周期 #615
2026-08-11 16:30:42,926 - [Supervisor] - INFO - 检查周期 #616
2026-08-11 16:31:03,860 - [Supervisor] - INFO - 检查周期 #617
2026-08-11 16:31:24,924 - [Supervisor] - INFO - 检查周期 #618
2026-08-11 16:31:45,948 - [Supervisor] - INFO - 检查周期 #619
2026-08-11 16:32:06,809 - [Supervisor] - INFO - 检查周期 #620
2026-08-11 16:32:27,789 - [Supervisor] - INFO - 检查周期 #621
2026-08-11 16:32:48,671 - [Supervisor] - INFO - 检查周期 #622
2026-08-11 16:33:09,520 - [Supervisor] - INFO - 检查周期 #623
2026-08-11 16:33:30,428 - [Supervisor] - INFO - 检查周期 #624
2026-08-11 16:33:51,438 - [Supervisor] - INFO - 检查周期 #625
2026-08-11 16:34:12,296 - [Supervisor] - INFO - 检查周期 #626
2026-08-11 16:34:33,264 - [Supervisor] - INFO - 检查周期 #627
2026-08-11 16:34:54,191 - [Supervisor] - INFO - 检查周期 #628
2026-08-11 16:35:15,105 - [Supervisor] - INFO - 检查周期 #629
2026-08-11 16:35:36,497 - [Supervisor] - INFO - 检查周期 #630
2026-08-11 16:35:57,499 - [Supervisor] - INFO - 检查周期 #631
2026-08-11 16:36:18,416 - [Supervisor] - INFO - 检查周期 #632
2026-08-11 16:36:39,510 - [Supervisor] - INFO - 检查周期 #633
2026-08-11 16:37:00,406 - [Supervisor] - INFO - 检查周期 #634
2026-08-11 16:37:21,401 - [Supervisor] - INFO - 检查周期 #635
2026-08-11 16:37:42,387 - [Supervisor] - INFO - 检查周期 #636
2026-08-11 16:38:04,022 - [Supervisor] - INFO - 检查周期 #637
2026-08-11 16:38:25,115 - [Supervisor] - INFO - 检查周期 #638
2026-08-11 16:38:46,139 - [Supervisor] - INFO - 检查周期 #639
2026-08-11 16:39:07,034 - [Supervisor] - INFO - 检查周期 #640
2026-08-11 16:39:27,912 - [Supervisor] - INFO - 检查周期 #641
2026-08-11 16:39:48,758 - [Supervisor] - INFO - 检查周期 #642
2026-08-11 16:40:09,691 - [Supervisor] - INFO - 检查周期 #643
2026-08-11 16:40:30,648 - [Supervisor] - INFO - 检查周期 #644
2026-08-11 16:40:51,577 - [Supervisor] - INFO - 检查周期 #645
2026-08-11 16:41:12,512 - [Supervisor] - INFO - 检查周期 #646
2026-08-11 16:41:33,488 - [Supervisor] - INFO - 检查周期 #647
2026-08-11 16:41:54,466 - [Supervisor] - INFO - 检查周期 #648
2026-08-11 16:42:15,405 - [Supervisor] - INFO - 检查周期 #649
2026-08-11 16:42:36,300 - [Supervisor] - INFO - 检查周期 #650
2026-08-11 16:42:57,295 - [Supervisor] - INFO - 检查周期 #651
2026-08-11 16:43:18,193 - [Supervisor] - INFO - 检查周期 #652
2026-08-11 16:43:38,993 - [Supervisor] - INFO - 检查周期 #653
2026-08-11 16:43:59,856 - [Supervisor] - INFO - 检查周期 #654
2026-08-11 16:44:20,725 - [Supervisor] - INFO - 检查周期 #655
2026-08-11 16:44:41,651 - [Supervisor] - INFO - 检查周期 #656
2026-08-11 16:45:02,513 - [Supervisor] - INFO - 检查周期 #657
2026-08-11 16:45:23,730 - [Supervisor] - INFO - 检查周期 #658
2026-08-11 16:45:45,113 - [Supervisor] - INFO - 检查周期 #659
2026-08-11 16:46:06,077 - [Supervisor] - INFO - 检查周期 #660
2026-08-11 16:46:27,056 - [Supervisor] - INFO - 检查周期 #661
2026-08-11 16:46:48,014 - [Supervisor] - INFO - 检查周期 #662
2026-08-11 16:47:08,983 - [Supervisor] - INFO - 检查周期 #663
2026-08-11 16:47:29,953 - [Supervisor] - INFO - 检查周期 #664
2026-08-11 16:47:50,853 - [Supervisor] - INFO - 检查周期 #665
2026-08-11 16:48:11,751 - [Supervisor] - INFO - 检查周期 #666
2026-08-11 16:48:32,687 - [Supervisor] - INFO - 检查周期 #667
2026-08-11 16:48:53,739 - [Supervisor] - INFO - 检查周期 #668
2026-08-11 16:49:14,596 - [Supervisor] - INFO - 检查周期 #669
2026-08-11 16:49:35,476 - [Supervisor] - INFO - 检查周期 #670
2026-08-11 16:49:56,368 - [Supervisor] - INFO - 检查周期 #671
2026-08-11 16:50:17,320 - [Supervisor] - INFO - 检查周期 #672
2026-08-11 16:50:38,301 - [Supervisor] - INFO - 检查周期 #673
2026-08-11 16:50:59,300 - [Supervisor] - INFO - 检查周期 #674
2026-08-11 16:51:20,265 - [Supervisor] - INFO - 检查周期 #675
2026-08-11 16:51:54,661 - [Supervisor] - INFO - 检查周期 #676
2026-08-11 16:52:15,487 - [Supervisor] - INFO - 检查周期 #677
2026-08-11 16:52:36,336 - [Supervisor] - INFO - 检查周期 #678
2026-08-11 16:52:58,578 - [Supervisor] - INFO - 检查周期 #679
2026-08-11 16:53:19,386 - [Supervisor] - INFO - 检查周期 #680
2026-08-11 16:53:40,352 - [Supervisor] - INFO - 检查周期 #681
2026-08-11 16:54:01,333 - [Supervisor] - INFO - 检查周期 #682
2026-08-11 16:54:22,666 - [Supervisor] - INFO - 检查周期 #683
2026-08-11 16:54:43,554 - [Supervisor] - INFO - 检查周期 #684
2026-08-11 16:55:04,422 - [Supervisor] - INFO - 检查周期 #685
2026-08-11 16:55:25,694 - [Supervisor] - INFO - 检查周期 #686
2026-08-11 16:55:46,693 - [Supervisor] - INFO - 检查周期 #687
2026-08-11 16:56:07,603 - [Supervisor] - INFO - 检查周期 #688
2026-08-11 16:56:29,526 - [Supervisor] - INFO - 检查周期 #689
2026-08-11 16:56:50,446 - [Supervisor] - INFO - 检查周期 #690
2026-08-11 16:57:11,408 - [Supervisor] - INFO - 检查周期 #691
2026-08-11 16:57:32,434 - [Supervisor] - INFO - 检查周期 #692
2026-08-11 16:57:53,239 - [Supervisor] - INFO - 检查周期 #693
2026-08-11 16:58:14,059 - [Supervisor] - INFO - 检查周期 #694
2026-08-11 16:58:34,925 - [Supervisor] - INFO - 检查周期 #695
2026-08-11 16:58:55,763 - [Supervisor] - INFO - 检查周期 #696
2026-08-11 16:59:16,847 - [Supervisor] - INFO - 检查周期 #697
2026-08-11 16:59:37,739 - [Supervisor] - INFO - 检查周期 #698
2026-08-11 16:59:58,721 - [Supervisor] - INFO - 检查周期 #699
2026-08-11 17:00:19,663 - [Supervisor] - INFO - 检查周期 #700
2026-08-11 17:00:40,554 - [Supervisor] - INFO - 检查周期 #701
2026-08-11 17:01:01,515 - [Supervisor] - INFO - 检查周期 #702
2026-08-11 17:01:22,419 - [Supervisor] - INFO - 检查周期 #703
2026-08-11 17:01:43,902 - [Supervisor] - INFO - 检查周期 #704
2026-08-11 17:02:04,986 - [Supervisor] - INFO - 检查周期 #705
2026-08-11 17:02:25,957 - [Supervisor] - INFO - 检查周期 #706
2026-08-11 17:02:46,892 - [Supervisor] - INFO - 检查周期 #707
2026-08-11 17:03:07,876 - [Supervisor] - INFO - 检查周期 #708
2026-08-11 17:03:28,778 - [Supervisor] - INFO - 检查周期 #709
2026-08-11 17:03:49,638 - [Supervisor] - INFO - 检查周期 #710
2026-08-11 17:04:10,633 - [Supervisor] - INFO - 检查周期 #711
2026-08-11 17:04:32,534 - [Supervisor] - INFO - 检查周期 #712
2026-08-11 17:04:53,468 - [Supervisor] - INFO - 检查周期 #713
2026-08-11 17:05:14,403 - [Supervisor] - INFO - 检查周期 #714
2026-08-11 17:05:35,399 - [Supervisor] - INFO - 检查周期 #715
2026-08-11 17:05:56,369 - [Supervisor] - INFO - 检查周期 #716
2026-08-11 17:06:17,318 - [Supervisor] - INFO - 检查周期 #717
2026-08-11 17:06:38,263 - [Supervisor] - INFO - 检查周期 #718
2026-08-11 17:06:59,248 - [Supervisor] - INFO - 检查周期 #719
2026-08-11 17:07:20,181 - [Supervisor] - INFO - 检查周期 #720
2026-08-11 17:07:41,148 - [Supervisor] - INFO - 检查周期 #721
2026-08-11 17:08:02,068 - [Supervisor] - INFO - 检查周期 #722
2026-08-11 17:08:23,004 - [Supervisor] - INFO - 检查周期 #723
2026-08-11 17:08:43,923 - [Supervisor] - INFO - 检查周期 #724
2026-08-11 17:09:04,870 - [Supervisor] - INFO - 检查周期 #725
2026-08-11 17:09:29,997 - [Supervisor] - INFO - 检查周期 #726
2026-08-11 17:09:51,208 - [Supervisor] - INFO - 检查周期 #727
2026-08-11 17:10:12,118 - [Supervisor] - INFO - 检查周期 #728
2026-08-11 17:10:34,679 - [Supervisor] - INFO - 检查周期 #729
2026-08-11 17:10:55,661 - [Supervisor] - INFO - 检查周期 #730
2026-08-11 17:11:16,713 - [Supervisor] - INFO - 检查周期 #731
2026-08-11 17:11:37,628 - [Supervisor] - INFO - 检查周期 #732
2026-08-11 17:11:59,919 - [Supervisor] - INFO - 检查周期 #733
2026-08-11 17:12:21,647 - [Supervisor] - INFO - 检查周期 #734
2026-08-11 17:12:42,824 - [Supervisor] - INFO - 检查周期 #735
2026-08-11 17:13:03,879 - [Supervisor] - INFO - 检查周期 #736
2026-08-11 17:13:25,122 - [Supervisor] - INFO - 检查周期 #737
2026-08-11 17:13:46,301 - [Supervisor] - INFO - 检查周期 #738
2026-08-11 17:14:07,363 - [Supervisor] - INFO - 检查周期 #739
2026-08-11 17:14:28,378 - [Supervisor] - INFO - 检查周期 #740
2026-08-11 17:14:49,260 - [Supervisor] - INFO - 检查周期 #741
2026-08-11 17:15:10,178 - [Supervisor] - INFO - 检查周期 #742
2026-08-11 17:15:31,085 - [Supervisor] - INFO - 检查周期 #743
2026-08-11 17:15:51,967 - [Supervisor] - INFO - 检查周期 #744
2026-08-11 17:16:13,119 - [Supervisor] - INFO - 检查周期 #745
2026-08-11 17:16:34,031 - [Supervisor] - INFO - 检查周期 #746
2026-08-11 17:16:54,935 - [Supervisor] - INFO - 检查周期 #747
2026-08-11 17:17:15,939 - [Supervisor] - INFO - 检查周期 #748
2026-08-11 17:17:36,863 - [Supervisor] - INFO - 检查周期 #749
2026-08-11 17:17:57,795 - [Supervisor] - INFO - 检查周期 #750
2026-08-11 17:18:18,764 - [Supervisor] - INFO - 检查周期 #751
2026-08-11 17:18:39,734 - [Supervisor] - INFO - 检查周期 #752
2026-08-11 17:19:00,643 - [Supervisor] - INFO - 检查周期 #753
2026-08-11 17:19:21,547 - [Supervisor] - INFO - 检查周期 #754
2026-08-11 17:19:42,529 - [Supervisor] - INFO - 检查周期 #755
2026-08-11 17:20:03,552 - [Supervisor] - INFO - 检查周期 #756
2026-08-11 17:20:24,456 - [Supervisor] - INFO - 检查周期 #757
2026-08-11 17:20:45,403 - [Supervisor] - INFO - 检查周期 #758
2026-08-11 17:21:06,413 - [Supervisor] - INFO - 检查周期 #759
2026-08-11 17:21:27,383 - [Supervisor] - INFO - 检查周期 #760
2026-08-11 17:21:48,483 - [Supervisor] - INFO - 检查周期 #761
2026-08-11 17:22:09,517 - [Supervisor] - INFO - 检查周期 #762
2026-08-11 17:22:30,626 - [Supervisor] - INFO - 检查周期 #763
2026-08-11 17:22:51,627 - [Supervisor] - INFO - 检查周期 #764
2026-08-11 17:23:12,592 - [Supervisor] - INFO - 检查周期 #765
2026-08-11 17:23:33,767 - [Supervisor] - INFO - 检查周期 #766
2026-08-11 17:23:54,880 - [Supervisor] - INFO - 检查周期 #767
2026-08-11 17:24:15,813 - [Supervisor] - INFO - 检查周期 #768
2026-08-11 17:24:36,964 - [Supervisor] - INFO - 检查周期 #769
2026-08-11 17:24:57,823 - [Supervisor] - INFO - 检查周期 #770
2026-08-11 17:25:18,735 - [Supervisor] - INFO - 检查周期 #771
2026-08-11 17:25:39,602 - [Supervisor] - INFO - 检查周期 #772
2026-08-11 17:26:00,530 - [Supervisor] - INFO - 检查周期 #773
2026-08-11 17:26:21,545 - [Supervisor] - INFO - 检查周期 #774
2026-08-11 17:26:42,460 - [Supervisor] - INFO - 检查周期 #775
2026-08-11 17:27:03,608 - [Supervisor] - INFO - 检查周期 #776
2026-08-11 17:27:25,634 - [Supervisor] - INFO - 检查周期 #777
2026-08-11 17:27:46,551 - [Supervisor] - INFO - 检查周期 #778
2026-08-11 17:28:07,518 - [Supervisor] - INFO - 检查周期 #779
2026-08-11 17:28:28,495 - [Supervisor] - INFO - 检查周期 #780
2026-08-11 17:28:49,627 - [Supervisor] - INFO - 检查周期 #781
2026-08-11 17:29:10,562 - [Supervisor] - INFO - 检查周期 #782
2026-08-11 17:29:31,532 - [Supervisor] - INFO - 检查周期 #783
2026-08-11 17:29:52,404 - [Supervisor] - INFO - 检查周期 #784
2026-08-11 17:30:13,319 - [Supervisor] - INFO - 检查周期 #785
2026-08-11 17:30:34,291 - [Supervisor] - INFO - 检查周期 #786
2026-08-11 17:30:55,309 - [Supervisor] - INFO - 检查周期 #787
2026-08-11 17:31:16,242 - [Supervisor] - INFO - 检查周期 #788
2026-08-11 17:31:37,246 - [Supervisor] - INFO - 检查周期 #789
2026-08-11 17:31:58,171 - [Supervisor] - INFO - 检查周期 #790
2026-08-11 17:32:19,125 - [Supervisor] - INFO - 检查周期 #791
2026-08-11 17:32:40,038 - [Supervisor] - INFO - 检查周期 #792
2026-08-11 17:33:01,305 - [Supervisor] - INFO - 检查周期 #793
2026-08-11 17:33:22,655 - [Supervisor] - INFO - 检查周期 #794
2026-08-11 17:33:43,557 - [Supervisor] - INFO - 检查周期 #795
2026-08-11 17:34:04,548 - [Supervisor] - INFO - 检查周期 #796
2026-08-11 17:34:25,548 - [Supervisor] - INFO - 检查周期 #797
2026-08-11 17:34:46,547 - [Supervisor] - INFO - 检查周期 #798
2026-08-11 17:35:07,527 - [Supervisor] - INFO - 检查周期 #799
2026-08-11 17:35:28,942 - [Supervisor] - INFO - 检查周期 #800
2026-08-11 17:35:49,951 - [Supervisor] - INFO - 检查周期 #801
2026-08-11 17:36:10,932 - [Supervisor] - INFO - 检查周期 #802
2026-08-11 17:36:33,163 - [Supervisor] - INFO - 检查周期 #803
2026-08-11 17:36:54,064 - [Supervisor] - INFO - 检查周期 #804
2026-08-11 17:37:16,189 - [Supervisor] - INFO - 检查周期 #805
2026-08-11 17:37:37,142 - [Supervisor] - INFO - 检查周期 #806
2026-08-11 17:37:58,155 - [Supervisor] - INFO - 检查周期 #807
2026-08-11 17:38:19,308 - [Supervisor] - INFO - 检查周期 #808
2026-08-11 17:38:40,300 - [Supervisor] - INFO - 检查周期 #809
2026-08-11 17:39:01,290 - [Supervisor] - INFO - 检查周期 #810
2026-08-11 17:39:22,313 - [Supervisor] - INFO - 检查周期 #811
2026-08-11 17:39:43,265 - [Supervisor] - INFO - 检查周期 #812
2026-08-11 17:40:04,391 - [Supervisor] - INFO - 检查周期 #813
2026-08-11 17:40:25,964 - [Supervisor] - INFO - 检查周期 #814
2026-08-11 17:40:47,035 - [Supervisor] - INFO - 检查周期 #815
2026-08-11 17:41:07,986 - [Supervisor] - INFO - 检查周期 #816
2026-08-11 17:41:29,137 - [Supervisor] - INFO - 检查周期 #817
2026-08-11 17:41:50,051 - [Supervisor] - INFO - 检查周期 #818
2026-08-11 17:42:11,141 - [Supervisor] - INFO - 检查周期 #819
2026-08-11 17:42:32,618 - [Supervisor] - INFO - 检查周期 #820
2026-08-11 17:42:53,515 - [Supervisor] - INFO - 检查周期 #821
2026-08-11 17:43:14,589 - [Supervisor] - INFO - 检查周期 #822
2026-08-11 17:43:36,023 - [Supervisor] - INFO - 检查周期 #823
2026-08-11 17:43:56,966 - [Supervisor] - INFO - 检查周期 #824
2026-08-11 17:44:17,875 - [Supervisor] - INFO - 检查周期 #825
2026-08-11 17:44:38,767 - [Supervisor] - INFO - 检查周期 #826
2026-08-11 17:44:59,947 - [Supervisor] - INFO - 检查周期 #827
2026-08-11 17:45:21,007 - [Supervisor] - INFO - 检查周期 #828
2026-08-11 17:45:42,393 - [Supervisor] - INFO - 检查周期 #829
2026-08-11 17:46:03,468 - [Supervisor] - INFO - 检查周期 #830
2026-08-11 17:46:24,477 - [Supervisor] - INFO - 检查周期 #831
2026-08-11 17:46:45,645 - [Supervisor] - INFO - 检查周期 #832
2026-08-11 17:47:06,660 - [Supervisor] - INFO - 检查周期 #833
2026-08-11 17:47:27,638 - [Supervisor] - INFO - 检查周期 #834
2026-08-11 17:47:48,727 - [Supervisor] - INFO - 检查周期 #835
2026-08-11 17:48:09,629 - [Supervisor] - INFO - 检查周期 #836
2026-08-11 17:48:32,300 - [Supervisor] - INFO - 检查周期 #837
2026-08-11 17:48:53,453 - [Supervisor] - INFO - 检查周期 #838
2026-08-11 17:49:14,374 - [Supervisor] - INFO - 检查周期 #839
2026-08-11 17:49:35,331 - [Supervisor] - INFO - 检查周期 #840
2026-08-11 17:49:56,323 - [Supervisor] - INFO - 检查周期 #841
2026-08-11 17:50:17,476 - [Supervisor] - INFO - 检查周期 #842
2026-08-11 17:50:38,448 - [Supervisor] - INFO - 检查周期 #843
2026-08-11 17:50:59,383 - [Supervisor] - INFO - 检查周期 #844
2026-08-11 17:51:20,352 - [Supervisor] - INFO - 检查周期 #845
2026-08-11 17:51:41,453 - [Supervisor] - INFO - 检查周期 #846
2026-08-11 17:52:02,472 - [Supervisor] - INFO - 检查周期 #847
2026-08-11 17:52:23,505 - [Supervisor] - INFO - 检查周期 #848
2026-08-11 17:52:44,430 - [Supervisor] - INFO - 检查周期 #849
2026-08-11 17:53:05,501 - [Supervisor] - INFO - 检查周期 #850
2026-08-11 17:53:26,593 - [Supervisor] - INFO - 检查周期 #851
2026-08-11 17:53:47,684 - [Supervisor] - INFO - 检查周期 #852
2026-08-11 17:54:08,574 - [Supervisor] - INFO - 检查周期 #853
2026-08-11 17:54:30,903 - [Supervisor] - INFO - 检查周期 #854
2026-08-11 17:54:51,829 - [Supervisor] - INFO - 检查周期 #855
2026-08-11 17:55:12,824 - [Supervisor] - INFO - 检查周期 #856
2026-08-11 17:55:34,161 - [Supervisor] - INFO - 检查周期 #857
2026-08-11 17:55:55,073 - [Supervisor] - INFO - 检查周期 #858
2026-08-11 17:56:16,044 - [Supervisor] - INFO - 检查周期 #859
2026-08-11 17:56:36,980 - [Supervisor] - INFO - 检查周期 #860
2026-08-11 17:56:58,111 - [Supervisor] - INFO - 检查周期 #861
2026-08-11 17:57:19,019 - [Supervisor] - INFO - 检查周期 #862
2026-08-11 17:57:40,018 - [Supervisor] - INFO - 检查周期 #863
2026-08-11 17:58:01,355 - [Supervisor] - INFO - 检查周期 #864
2026-08-11 17:58:22,891 - [Supervisor] - INFO - 检查周期 #865
2026-08-11 17:58:43,820 - [Supervisor] - INFO - 检查周期 #866
2026-08-11 17:59:04,831 - [Supervisor] - INFO - 检查周期 #867
2026-08-11 17:59:27,045 - [Supervisor] - INFO - 检查周期 #868
2026-08-11 17:59:48,129 - [Supervisor] - INFO - 检查周期 #869
2026-08-11 18:00:09,066 - [Supervisor] - INFO - 检查周期 #870
2026-08-11 18:00:30,549 - [Supervisor] - INFO - 检查周期 #871
2026-08-11 18:00:51,963 - [Supervisor] - INFO - 检查周期 #872
2026-08-11 18:01:12,919 - [Supervisor] - INFO - 检查周期 #873
2026-08-11 18:01:33,880 - [Supervisor] - INFO - 检查周期 #874
2026-08-11 18:01:54,902 - [Supervisor] - INFO - 检查周期 #875
2026-08-11 18:02:15,797 - [Supervisor] - INFO - 检查周期 #876
2026-08-11 18:02:36,858 - [Supervisor] - INFO - 检查周期 #877
2026-08-11 18:02:58,030 - [Supervisor] - INFO - 检查周期 #878
2026-08-11 18:03:18,893 - [Supervisor] - INFO - 检查周期 #879
2026-08-11 18:03:40,065 - [Supervisor] - INFO - 检查周期 #880
2026-08-11 18:04:00,989 - [Supervisor] - INFO - 检查周期 #881
2026-08-11 18:04:21,886 - [Supervisor] - INFO - 检查周期 #882
2026-08-11 18:04:42,915 - [Supervisor] - INFO - 检查周期 #883
2026-08-11 18:05:03,953 - [Supervisor] - INFO - 检查周期 #884
2026-08-11 18:05:25,002 - [Supervisor] - INFO - 检查周期 #885
2026-08-11 18:05:45,984 - [Supervisor] - INFO - 检查周期 #886
2026-08-11 18:06:07,561 - [Supervisor] - INFO - 检查周期 #887
2026-08-11 18:06:30,997 - [Supervisor] - INFO - 检查周期 #888
2026-08-11 18:06:51,971 - [Supervisor] - INFO - 检查周期 #889
2026-08-11 18:07:12,965 - [Supervisor] - INFO - 检查周期 #890
2026-08-11 18:07:33,998 - [Supervisor] - INFO - 检查周期 #891
2026-08-11 18:07:54,963 - [Supervisor] - INFO - 检查周期 #892
2026-08-11 18:23:29,006 - [Supervisor] - INFO - 检查周期 #893
2026-08-11 18:23:50,295 - [Supervisor] - INFO - 检查周期 #894
2026-08-11 18:24:11,582 - [Supervisor] - INFO - 检查周期 #895
2026-08-11 18:24:41,453 - [Supervisor] - INFO - 检查周期 #896
2026-08-11 18:25:02,686 - [Supervisor] - INFO - 检查周期 #897
2026-08-11 18:25:23,938 - [Supervisor] - INFO - 检查周期 #898
2026-08-11 18:25:44,910 - [Supervisor] - INFO - 检查周期 #899
2026-08-11 18:26:05,986 - [Supervisor] - INFO - 检查周期 #900
2026-08-11 18:26:28,663 - [Supervisor] - INFO - 检查周期 #901
2026-08-11 18:26:49,798 - [Supervisor] - INFO - 检查周期 #902
2026-08-11 18:27:11,297 - [Supervisor] - INFO - 检查周期 #903
2026-08-11 18:27:32,554 - [Supervisor] - INFO - 检查周期 #904
2026-08-11 18:27:53,735 - [Supervisor] - INFO - 检查周期 #905
2026-08-11 18:28:15,558 - [Supervisor] - INFO - 检查周期 #906
2026-08-11 18:28:37,584 - [Supervisor] - INFO - 检查周期 #907
2026-08-11 18:28:58,822 - [Supervisor] - INFO - 检查周期 #908
2026-08-11 18:29:20,986 - [Supervisor] - INFO - 检查周期 #909
2026-08-11 18:29:42,571 - [Supervisor] - INFO - 检查周期 #910
2026-08-11 18:30:04,294 - [Supervisor] - INFO - 检查周期 #911
2026-08-11 18:30:26,647 - [Supervisor] - INFO - 检查周期 #912
2026-08-11 18:30:48,290 - [Supervisor] - INFO - 检查周期 #913
2026-08-11 18:31:10,324 - [Supervisor] - INFO - 检查周期 #914
2026-08-11 18:31:32,323 - [Supervisor] - INFO - 检查周期 #915
2026-08-11 18:31:55,361 - [Supervisor] - INFO - 检查周期 #916
2026-08-11 18:32:17,015 - [Supervisor] - INFO - 检查周期 #917
2026-08-11 18:32:39,219 - [Supervisor] - INFO - 检查周期 #918
2026-08-11 18:33:01,994 - [Supervisor] - INFO - 检查周期 #919
2026-08-11 18:33:24,121 - [Supervisor] - INFO - 检查周期 #920
2026-08-11 18:33:46,498 - [Supervisor] - INFO - 检查周期 #921
2026-08-11 18:34:09,521 - [Supervisor] - INFO - 检查周期 #922
2026-08-11 18:34:32,366 - [Supervisor] - INFO - 检查周期 #923
2026-08-11 18:34:54,693 - [Supervisor] - INFO - 检查周期 #924
2026-08-11 18:35:17,615 - [Supervisor] - INFO - 检查周期 #925
2026-08-11 18:35:48,496 - [Supervisor] - INFO - 检查周期 #926
2026-08-11 18:36:11,019 - [Supervisor] - INFO - 检查周期 #927
2026-08-11 18:36:34,817 - [Supervisor] - INFO - 检查周期 #928
2026-08-11 18:36:57,537 - [Supervisor] - INFO - 检查周期 #929
2026-08-11 18:37:20,707 - [Supervisor] - INFO - 检查周期 #930
2026-08-11 18:37:45,225 - [Supervisor] - INFO - 检查周期 #931
2026-08-11 18:38:08,410 - [Supervisor] - INFO - 检查周期 #932
2026-08-11 18:38:34,129 - [Supervisor] - INFO - 检查周期 #933
2026-08-11 18:38:56,953 - [Supervisor] - INFO - 检查周期 #934
2026-08-11 18:39:21,907 - [Supervisor] - INFO - 检查周期 #935
2026-08-11 18:39:44,954 - [Supervisor] - INFO - 检查周期 #936
2026-08-11 18:40:08,614 - [Supervisor] - INFO - 检查周期 #937
2026-08-11 18:40:31,665 - [Supervisor] - INFO - 检查周期 #938
2026-08-11 18:40:55,545 - [Supervisor] - INFO - 检查周期 #939
2026-08-11 18:41:18,401 - [Supervisor] - INFO - 检查周期 #940
2026-08-11 18:41:41,414 - [Supervisor] - INFO - 检查周期 #941
2026-08-11 18:42:06,139 - [Supervisor] - INFO - 检查周期 #942
2026-08-11 18:42:30,837 - [Supervisor] - INFO - 检查周期 #943
2026-08-11 18:42:55,361 - [Supervisor] - INFO - 检查周期 #944
2026-08-11 18:43:22,622 - [Supervisor] - INFO - 检查周期 #945
2026-08-11 18:43:47,394 - [Supervisor] - INFO - 检查周期 #946
2026-08-11 18:44:11,147 - [Supervisor] - INFO - 检查周期 #947
2026-08-11 18:44:37,177 - [Supervisor] - INFO - 检查周期 #948
2026-08-11 18:45:00,977 - [Supervisor] - INFO - 检查周期 #949
2026-08-11 18:45:25,499 - [Supervisor] - INFO - 检查周期 #950
2026-08-11 18:45:50,626 - [Supervisor] - INFO - 检查周期 #951
2026-08-11 18:46:13,895 - [Supervisor] - INFO - 检查周期 #952
2026-08-11 18:46:40,771 - [Supervisor] - INFO - 检查周期 #953
2026-08-11 18:47:09,093 - [Supervisor] - INFO - 检查周期 #954
2026-08-11 18:47:35,989 - [Supervisor] - INFO - 检查周期 #955
2026-08-11 18:48:04,499 - [Supervisor] - INFO - 检查周期 #956
2026-08-11 18:48:32,393 - [Supervisor] - INFO - 检查周期 #957
2026-08-11 18:48:56,772 - [Supervisor] - INFO - 检查周期 #958
2026-08-11 18:49:22,725 - [Supervisor] - INFO - 检查周期 #959
2026-08-11 18:49:49,631 - [Supervisor] - INFO - 检查周期 #960
2026-08-11 18:50:13,957 - [Supervisor] - INFO - 检查周期 #961
2026-08-11 18:50:42,177 - [Supervisor] - INFO - 检查周期 #962
2026-08-11 18:51:12,293 - [Supervisor] - INFO - 检查周期 #963
2026-08-11 18:51:37,841 - [Supervisor] - INFO - 检查周期 #964
2026-08-11 18:52:04,325 - [Supervisor] - INFO - 检查周期 #965
2026-08-11 18:52:31,724 - [Supervisor] - INFO - 检查周期 #966
2026-08-11 18:52:57,679 - [Supervisor] - INFO - 检查周期 #967
2026-08-11 18:53:26,763 - [Supervisor] - INFO - 检查周期 #968
2026-08-11 18:53:52,655 - [Supervisor] - INFO - 检查周期 #969
2026-08-11 18:54:18,824 - [Supervisor] - INFO - 检查周期 #970
2026-08-11 18:54:47,119 - [Supervisor] - INFO - 检查周期 #971
2026-08-11 18:55:15,117 - [Supervisor] - INFO - 检查周期 #972
2026-08-11 18:55:44,529 - [Supervisor] - INFO - 检查周期 #973
2026-08-11 18:56:10,409 - [Supervisor] - INFO - 检查周期 #974
2026-08-11 18:56:36,773 - [Supervisor] - INFO - 检查周期 #975
2026-08-11 18:57:09,333 - [Supervisor] - INFO - 检查周期 #976
2026-08-11 18:57:35,841 - [Supervisor] - INFO - 检查周期 #977
2026-08-11 18:58:02,821 - [Supervisor] - INFO - 检查周期 #978
2026-08-11 18:58:33,385 - [Supervisor] - INFO - 检查周期 #979
2026-08-11 18:58:59,957 - [Supervisor] - INFO - 检查周期 #980
2026-08-11 18:59:27,944 - [Supervisor] - INFO - 检查周期 #981
2026-08-11 18:59:55,945 - [Supervisor] - INFO - 检查周期 #982
2026-08-11 19:00:26,948 - [Supervisor] - INFO - 检查周期 #983
2026-08-11 19:00:58,910 - [Supervisor] - INFO - 检查周期 #984
2026-08-11 19:01:28,993 - [Supervisor] - INFO - 检查周期 #985
2026-08-11 19:02:00,833 - [Supervisor] - INFO - 检查周期 #986
2026-08-11 19:02:29,721 - [Supervisor] - INFO - 检查周期 #987
2026-08-11 19:02:59,085 - [Supervisor] - INFO - 检查周期 #988
2026-08-11 19:03:34,191 - [Supervisor] - INFO - 检查周期 #989
2026-08-11 19:04:06,382 - [Supervisor] - INFO - 检查周期 #990
2026-08-11 19:04:32,693 - [Supervisor] - INFO - 检查周期 #991
2026-08-11 19:05:04,262 - [Supervisor] - INFO - 检查周期 #992
2026-08-11 19:05:35,321 - [Supervisor] - INFO - 检查周期 #993
2026-08-11 19:06:05,394 - [Supervisor] - INFO - 检查周期 #994
2026-08-11 19:06:39,441 - [Supervisor] - INFO - 检查周期 #995
2026-08-11 19:07:07,997 - [Supervisor] - INFO - 检查周期 #996
2026-08-11 19:07:42,863 - [Supervisor] - INFO - 检查周期 #997
2026-08-11 19:08:18,469 - [Supervisor] - INFO - 检查周期 #998
2026-08-11 19:08:45,673 - [Supervisor] - INFO - 检查周期 #999
2026-08-11 19:09:13,337 - [Supervisor] - INFO - 检查周期 #1000
2026-08-11 19:09:47,018 - [Supervisor] - INFO - 检查周期 #1001
2026-08-11 19:10:26,507 - [Supervisor] - INFO - 检查周期 #1002
