[2026-08-11 08:03:35] ==================================================
[2026-08-11 08:03:35] 守护进程启动
[2026-08-11 08:03:35] PID: 20062
[2026-08-11 08:03:35] 时间: 2026-08-11T08:03:35.583778
[2026-08-11 08:03:35] ==================================================
[2026-08-11 08:03:35] 守护进程启动，开始监控文件系统
[2026-08-11 08:03:35] 开始监控 20 个文件
[2026-08-11 08:10:21] 检测到未授权写入: /workspace/.opencode/skills/no-unauthorized-write/SKILL.md
[2026-08-11 08:10:21] 违规已记录: 第9次 - 检测到未授权文件修改: /workspace/.opencode/skills/no-unauthorized-write/SKILL.md
[2026-08-11 08:10:21] 检测到未授权写入: /workspace/.opencode/skills/no-unauthorized-write/SKILL.md
[2026-08-11 08:10:21] 违规已记录: 第10次 - 检测到未授权文件修改: /workspace/.opencode/skills/no-unauthorized-write/SKILL.md
[2026-08-11 08:10:21] 检测到未授权写入: /workspace/.opencode/skills/no-unauthorized-write/SKILL.md
[2026-08-11 08:10:21] 违规已记录: 第11次 - 检测到未授权文件修改: /workspace/.opencode/skills/no-unauthorized-write/SKILL.md
[2026-08-11 08:10:21] 检测到未授权写入: /workspace/.opencode/skills/no-unauthorized-write/SKILL.md
[2026-08-11 08:10:21] 违规已记录: 第12次 - 检测到未授权文件修改: /workspace/.opencode/skills/no-unauthorized-write/SKILL.md
[2026-08-11 08:10:22] 检测到未授权写入: /workspace/.opencode/skills/no-unauthorized-write/SKILL.md
[2026-08-11 08:10:22] 违规已记录: 第13次 - 检测到未授权文件修改: /workspace/.opencode/skills/no-unauthorized-write/SKILL.md
[2026-08-11 08:10:22] 检测到未授权写入: /workspace/.opencode/skills/no-unauthorized-write/SKILL.md
[2026-08-11 08:10:22] 违规已记录: 第14次 - 检测到未授权文件修改: /workspace/.opencode/skills/no-unauthorized-write/SKILL.md
[2026-08-11 08:10:22] 检测到未授权写入: /workspace/.opencode/skills/no-unauthorized-write/SKILL.md
[2026-08-11 08:10:22] 违规已记录: 第15次 - 检测到未授权文件修改: /workspace/.opencode/skills/no-unauthorized-write/SKILL.md
[2026-08-11 08:10:22] 检测到未授权写入: /workspace/.opencode/skills/no-unauthorized-write/SKILL.md
[2026-08-11 08:10:22] 违规已记录: 第16次 - 检测到未授权文件修改: /workspace/.opencode/skills/no-unauthorized-write/SKILL.md
[2026-08-11 08:10:22] 检测到未授权写入: /workspace/.opencode/skills/no-unauthorized-write/SKILL.md
[2026-08-11 08:10:22] 违规已记录: 第17次 - 检测到未授权文件修改: /workspace/.opencode/skills/no-unauthorized-write/SKILL.md
[2026-08-11 08:10:22] 检测到未授权写入: /workspace/.opencode/skills/no-unauthorized-write/SKILL.md
[2026-08-11 08:10:22] 违规已记录: 第18次 - 检测到未授权文件修改: /workspace/.opencode/skills/no-unauthorized-write/SKILL.md
[2026-08-11 08:10:22] 检测到未授权写入: /workspace/.opencode/skills/no-unauthorized-write/SKILL.md
[2026-08-11 08:10:22] 违规已记录: 第19次 - 检测到未授权文件修改: /workspace/.opencode/skills/no-unauthorized-write/SKILL.md
[2026-08-11 08:10:22] 检测到未授权写入: /workspace/.opencode/skills/no-unauthorized-write/SKILL.md
[2026-08-11 08:10:22] 违规已记录: 第20次 - 检测到未授权文件修改: /workspace/.opencode/skills/no-unauthorized-write/SKILL.md
[2026-08-11 08:10:22] 检测到未授权写入: /workspace/.opencode/skills/no-unauthorized-write/SKILL.md
[2026-08-11 08:10:22] 违规已记录: 第21次 - 检测到未授权文件修改: /workspace/.opencode/skills/no-unauthorized-write/SKILL.md
[2026-08-11 08:10:23] 检测到未授权写入: /workspace/.opencode/skills/no-unauthorized-write/SKILL.md
[2026-08-11 08:10:23] 违规已记录: 第22次 - 检测到未授权文件修改: /workspace/.opencode/skills/no-unauthorized-write/SKILL.md
[2026-08-11 08:10:23] 检测到未授权写入: /workspace/.opencode/skills/no-unauthorized-write/SKILL.md
[2026-08-11 08:10:23] 违规已记录: 第23次 - 检测到未授权文件修改: /workspace/.opencode/skills/no-unauthorized-write/SKILL.md
[2026-08-11 08:10:23] 检测到未授权写入: /workspace/.opencode/skills/no-unauthorized-write/SKILL.md
[2026-08-11 08:10:23] 违规已记录: 第24次 - 检测到未授权文件修改: /workspace/.opencode/skills/no-unauthorized-write/SKILL.md
[2026-08-11 08:10:23] 检测到未授权写入: /workspace/.opencode/skills/no-unauthorized-write/SKILL.md
[2026-08-11 08:10:23] 违规已记录: 第25次 - 检测到未授权文件修改: /workspace/.opencode/skills/no-unauthorized-write/SKILL.md
[2026-08-11 08:10:23] 检测到未授权写入: /workspace/.opencode/skills/no-unauthorized-write/SKILL.md
[2026-08-11 08:10:23] 违规已记录: 第26次 - 检测到未授权文件修改: /workspace/.opencode/skills/no-unauthorized-write/SKILL.md
[2026-08-11 08:10:23] 检测到未授权写入: /workspace/.opencode/skills/no-unauthorized-write/SKILL.md
[2026-08-11 08:10:23] 违规已记录: 第27次 - 检测到未授权文件修改: /workspace/.opencode/skills/no-unauthorized-write/SKILL.md
[2026-08-11 08:10:23] 检测到未授权写入: /workspace/.opencode/skills/no-unauthorized-write/SKILL.md
[2026-08-11 08:10:23] 违规已记录: 第28次 - 检测到未授权文件修改: /workspace/.opencode/skills/no-unauthorized-write/SKILL.md
[2026-08-11 08:10:23] 检测到未授权写入: /workspace/.opencode/skills/no-unauthorized-write/SKILL.md
[2026-08-11 08:10:23] 违规已记录: 第29次 - 检测到未授权文件修改: /workspace/.opencode/skills/no-unauthorized-write/SKILL.md
[2026-08-11 08:10:23] 检测到未授权写入: /workspace/.opencode/skills/no-unauthorized-write/SKILL.md
[2026-08-11 08:10:23] 违规已记录: 第30次 - 检测到未授权文件修改: /workspace/.opencode/skills/no-unauthorized-write/SKILL.md
[2026-08-11 08:10:23] 检测到未授权写入: /workspace/.opencode/skills/no-unauthorized-write/SKILL.md
[2026-08-11 08:10:23] 违规已记录: 第31次 - 检测到未授权文件修改: /workspace/.opencode/skills/no-unauthorized-write/SKILL.md
[2026-08-11 08:10:24] 检测到未授权写入: /workspace/.opencode/skills/no-unauthorized-write/SKILL.md
[2026-08-11 08:10:24] 违规已记录: 第32次 - 检测到未授权文件修改: /workspace/.opencode/skills/no-unauthorized-write/SKILL.md
[2026-08-11 08:10:24] 检测到未授权写入: /workspace/.opencode/skills/no-unauthorized-write/SKILL.md
[2026-08-11 08:10:24] 违规已记录: 第33次 - 检测到未授权文件修改: /workspace/.opencode/skills/no-unauthorized-write/SKILL.md
[2026-08-11 08:10:24] 检测到未授权写入: /workspace/.opencode/skills/no-unauthorized-write/SKILL.md
[2026-08-11 08:10:24] 违规已记录: 第34次 - 检测到未授权文件修改: /workspace/.opencode/skills/no-unauthorized-write/SKILL.md
[2026-08-11 08:10:24] 检测到未授权写入: /workspace/.opencode/skills/no-unauthorized-write/SKILL.md
[2026-08-11 08:10:24] 违规已记录: 第35次 - 检测到未授权文件修改: /workspace/.opencode/skills/no-unauthorized-write/SKILL.md
[2026-08-11 08:10:24] 检测到未授权写入: /workspace/.opencode/skills/no-unauthorized-write/SKILL.md
[2026-08-11 08:10:24] 违规已记录: 第36次 - 检测到未授权文件修改: /workspace/.opencode/skills/no-unauthorized-write/SKILL.md
[2026-08-11 08:10:24] 检测到未授权写入: /workspace/.opencode/skills/no-unauthorized-write/SKILL.md
[2026-08-11 08:10:24] 违规已记录: 第37次 - 检测到未授权文件修改: /workspace/.opencode/skills/no-unauthorized-write/SKILL.md
[2026-08-11 08:10:24] 检测到未授权写入: /workspace/.opencode/skills/no-unauthorized-write/SKILL.md
[2026-08-11 08:10:24] 违规已记录: 第38次 - 检测到未授权文件修改: /workspace/.opencode/skills/no-unauthorized-write/SKILL.md
[2026-08-11 08:10:24] 检测到未授权写入: /workspace/.opencode/skills/no-unauthorized-write/SKILL.md
[2026-08-11 08:10:24] 违规已记录: 第39次 - 检测到未授权文件修改: /workspace/.opencode/skills/no-unauthorized-write/SKILL.md
[2026-08-11 08:10:24] 检测到未授权写入: /workspace/.opencode/skills/no-unauthorized-write/SKILL.md
[2026-08-11 08:10:24] 违规已记录: 第40次 - 检测到未授权文件修改: /workspace/.opencode/skills/no-unauthorized-write/SKILL.md
[2026-08-11 08:10:24] 检测到未授权写入: /workspace/.opencode/skills/no-unauthorized-write/SKILL.md
[2026-08-11 08:10:24] 违规已记录: 第41次 - 检测到未授权文件修改: /workspace/.opencode/skills/no-unauthorized-write/SKILL.md
[2026-08-11 08:10:25] 检测到未授权写入: /workspace/.opencode/skills/no-unauthorized-write/SKILL.md
[2026-08-11 08:10:25] 违规已记录: 第42次 - 检测到未授权文件修改: /workspace/.opencode/skills/no-unauthorized-write/SKILL.md
[2026-08-11 08:10:25] 检测到未授权写入: /workspace/.opencode/skills/no-unauthorized-write/SKILL.md
[2026-08-11 08:10:25] 违规已记录: 第43次 - 检测到未授权文件修改: /workspace/.opencode/skills/no-unauthorized-write/SKILL.md
[2026-08-11 08:10:25] 检测到未授权写入: /workspace/.opencode/skills/no-unauthorized-write/SKILL.md
[2026-08-11 08:10:25] 违规已记录: 第44次 - 检测到未授权文件修改: /workspace/.opencode/skills/no-unauthorized-write/SKILL.md
[2026-08-11 08:10:25] 检测到未授权写入: /workspace/.opencode/skills/no-unauthorized-write/SKILL.md
[2026-08-11 08:10:25] 违规已记录: 第45次 - 检测到未授权文件修改: /workspace/.opencode/skills/no-unauthorized-write/SKILL.md
[2026-08-11 08:10:25] 检测到未授权写入: /workspace/.opencode/skills/no-unauthorized-write/SKILL.md
[2026-08-11 08:10:25] 违规已记录: 第46次 - 检测到未授权文件修改: /workspace/.opencode/skills/no-unauthorized-write/SKILL.md
[2026-08-11 08:10:25] 检测到未授权写入: /workspace/.opencode/skills/no-unauthorized-write/SKILL.md
[2026-08-11 08:10:25] 违规已记录: 第47次 - 检测到未授权文件修改: /workspace/.opencode/skills/no-unauthorized-write/SKILL.md
[2026-08-11 08:10:25] 检测到未授权写入: /workspace/.opencode/skills/no-unauthorized-write/SKILL.md
[2026-08-11 08:10:25] 违规已记录: 第48次 - 检测到未授权文件修改: /workspace/.opencode/skills/no-unauthorized-write/SKILL.md
[2026-08-11 08:10:25] 检测到未授权写入: /workspace/.opencode/skills/no-unauthorized-write/SKILL.md
[2026-08-11 08:10:25] 违规已记录: 第49次 - 检测到未授权文件修改: /workspace/.opencode/skills/no-unauthorized-write/SKILL.md
[2026-08-11 08:10:25] 检测到未授权写入: /workspace/.opencode/skills/no-unauthorized-write/SKILL.md
[2026-08-11 08:10:25] 违规已记录: 第50次 - 检测到未授权文件修改: /workspace/.opencode/skills/no-unauthorized-write/SKILL.md
[2026-08-11 08:10:26] 检测到未授权写入: /workspace/.opencode/skills/no-unauthorized-write/SKILL.md
[2026-08-11 08:10:26] 违规已记录: 第51次 - 检测到未授权文件修改: /workspace/.opencode/skills/no-unauthorized-write/SKILL.md
[2026-08-11 08:10:26] 检测到未授权写入: /workspace/.opencode/skills/no-unauthorized-write/SKILL.md
[2026-08-11 08:10:26] 违规已记录: 第52次 - 检测到未授权文件修改: /workspace/.opencode/skills/no-unauthorized-write/SKILL.md
[2026-08-11 08:10:26] 检测到未授权写入: /workspace/.opencode/skills/no-unauthorized-write/SKILL.md
[2026-08-11 08:10:26] 违规已记录: 第53次 - 检测到未授权文件修改: /workspace/.opencode/skills/no-unauthorized-write/SKILL.md
[2026-08-11 08:10:26] 检测到未授权写入: /workspace/.opencode/skills/no-unauthorized-write/SKILL.md
[2026-08-11 08:10:26] 违规已记录: 第54次 - 检测到未授权文件修改: /workspace/.opencode/skills/no-unauthorized-write/SKILL.md
[2026-08-11 08:10:26] 检测到未授权写入: /workspace/.opencode/skills/no-unauthorized-write/SKILL.md
[2026-08-11 08:10:26] 违规已记录: 第55次 - 检测到未授权文件修改: /workspace/.opencode/skills/no-unauthorized-write/SKILL.md
[2026-08-11 08:10:26] 检测到未授权写入: /workspace/.opencode/skills/no-unauthorized-write/SKILL.md
[2026-08-11 08:10:26] 违规已记录: 第56次 - 检测到未授权文件修改: /workspace/.opencode/skills/no-unauthorized-write/SKILL.md
[2026-08-11 08:10:26] 检测到未授权写入: /workspace/.opencode/skills/no-unauthorized-write/SKILL.md
[2026-08-11 08:10:26] 违规已记录: 第57次 - 检测到未授权文件修改: /workspace/.opencode/skills/no-unauthorized-write/SKILL.md
[2026-08-11 08:10:26] 检测到未授权写入: /workspace/.opencode/skills/no-unauthorized-write/SKILL.md
[2026-08-11 08:10:26] 违规已记录: 第58次 - 检测到未授权文件修改: /workspace/.opencode/skills/no-unauthorized-write/SKILL.md
[2026-08-11 08:10:26] 检测到未授权写入: /workspace/.opencode/skills/no-unauthorized-write/SKILL.md
[2026-08-11 08:10:26] 违规已记录: 第59次 - 检测到未授权文件修改: /workspace/.opencode/skills/no-unauthorized-write/SKILL.md
[2026-08-11 08:10:26] 检测到未授权写入: /workspace/.opencode/skills/no-unauthorized-write/SKILL.md
[2026-08-11 08:10:26] 违规已记录: 第60次 - 检测到未授权文件修改: /workspace/.opencode/skills/no-unauthorized-write/SKILL.md
[2026-08-11 08:10:27] 检测到未授权写入: /workspace/.opencode/skills/no-unauthorized-write/SKILL.md
[2026-08-11 08:10:27] 违规已记录: 第61次 - 检测到未授权文件修改: /workspace/.opencode/skills/no-unauthorized-write/SKILL.md
[2026-08-11 08:10:27] 检测到未授权写入: /workspace/.opencode/skills/no-unauthorized-write/SKILL.md
[2026-08-11 08:10:27] 违规已记录: 第62次 - 检测到未授权文件修改: /workspace/.opencode/skills/no-unauthorized-write/SKILL.md
[2026-08-11 08:10:27] 检测到未授权写入: /workspace/.opencode/skills/no-unauthorized-write/SKILL.md
[2026-08-11 08:10:27] 违规已记录: 第63次 - 检测到未授权文件修改: /workspace/.opencode/skills/no-unauthorized-write/SKILL.md
[2026-08-11 08:10:27] 检测到未授权写入: /workspace/.opencode/skills/no-unauthorized-write/SKILL.md
[2026-08-11 08:10:27] 违规已记录: 第64次 - 检测到未授权文件修改: /workspace/.opencode/skills/no-unauthorized-write/SKILL.md
[2026-08-11 08:10:27] 检测到未授权写入: /workspace/.opencode/skills/no-unauthorized-write/SKILL.md
[2026-08-11 08:10:27] 违规已记录: 第65次 - 检测到未授权文件修改: /workspace/.opencode/skills/no-unauthorized-write/SKILL.md
[2026-08-11 08:10:27] 检测到未授权写入: /workspace/.opencode/skills/no-unauthorized-write/SKILL.md
[2026-08-11 08:10:27] 违规已记录: 第66次 - 检测到未授权文件修改: /workspace/.opencode/skills/no-unauthorized-write/SKILL.md
[2026-08-11 08:10:27] 检测到未授权写入: /workspace/.opencode/skills/no-unauthorized-write/SKILL.md
[2026-08-11 08:10:27] 违规已记录: 第67次 - 检测到未授权文件修改: /workspace/.opencode/skills/no-unauthorized-write/SKILL.md
[2026-08-11 08:10:27] 检测到未授权写入: /workspace/.opencode/skills/no-unauthorized-write/SKILL.md
[2026-08-11 08:10:27] 违规已记录: 第68次 - 检测到未授权文件修改: /workspace/.opencode/skills/no-unauthorized-write/SKILL.md
[2026-08-11 08:10:27] 检测到未授权写入: /workspace/.opencode/skills/no-unauthorized-write/SKILL.md
[2026-08-11 08:10:27] 违规已记录: 第69次 - 检测到未授权文件修改: /workspace/.opencode/skills/no-unauthorized-write/SKILL.md
[2026-08-11 08:10:28] 检测到未授权写入: /workspace/.opencode/skills/no-unauthorized-write/SKILL.md
[2026-08-11 08:10:28] 违规已记录: 第70次 - 检测到未授权文件修改: /workspace/.opencode/skills/no-unauthorized-write/SKILL.md
[2026-08-11 08:10:28] 检测到未授权写入: /workspace/.opencode/skills/no-unauthorized-write/SKILL.md
[2026-08-11 08:10:28] 违规已记录: 第71次 - 检测到未授权文件修改: /workspace/.opencode/skills/no-unauthorized-write/SKILL.md
[2026-08-11 08:10:28] 检测到未授权写入: /workspace/.opencode/skills/no-unauthorized-write/SKILL.md
[2026-08-11 08:10:28] 违规已记录: 第72次 - 检测到未授权文件修改: /workspace/.opencode/skills/no-unauthorized-write/SKILL.md
[2026-08-11 08:10:28] 检测到未授权写入: /workspace/.opencode/skills/no-unauthorized-write/SKILL.md
[2026-08-11 08:10:28] 违规已记录: 第73次 - 检测到未授权文件修改: /workspace/.opencode/skills/no-unauthorized-write/SKILL.md
[2026-08-11 08:10:28] 检测到未授权写入: /workspace/.opencode/skills/no-unauthorized-write/SKILL.md
[2026-08-11 08:10:28] 违规已记录: 第74次 - 检测到未授权文件修改: /workspace/.opencode/skills/no-unauthorized-write/SKILL.md
[2026-08-11 08:10:28] 检测到未授权写入: /workspace/.opencode/skills/no-unauthorized-write/SKILL.md
[2026-08-11 08:10:28] 违规已记录: 第75次 - 检测到未授权文件修改: /workspace/.opencode/skills/no-unauthorized-write/SKILL.md
[2026-08-11 08:10:28] 检测到未授权写入: /workspace/.opencode/skills/no-unauthorized-write/SKILL.md
[2026-08-11 08:10:28] 违规已记录: 第76次 - 检测到未授权文件修改: /workspace/.opencode/skills/no-unauthorized-write/SKILL.md
[2026-08-11 08:10:28] 检测到未授权写入: /workspace/.opencode/skills/no-unauthorized-write/SKILL.md
[2026-08-11 08:10:28] 违规已记录: 第77次 - 检测到未授权文件修改: /workspace/.opencode/skills/no-unauthorized-write/SKILL.md
[2026-08-11 08:10:28] 检测到未授权写入: /workspace/.opencode/skills/no-unauthorized-write/SKILL.md
[2026-08-11 08:10:28] 违规已记录: 第78次 - 检测到未授权文件修改: /workspace/.opencode/skills/no-unauthorized-write/SKILL.md
[2026-08-11 08:10:28] 检测到未授权写入: /workspace/.opencode/skills/no-unauthorized-write/SKILL.md
[2026-08-11 08:10:28] 违规已记录: 第79次 - 检测到未授权文件修改: /workspace/.opencode/skills/no-unauthorized-write/SKILL.md
[2026-08-11 08:10:29] 检测到未授权写入: /workspace/.opencode/skills/no-unauthorized-write/SKILL.md
[2026-08-11 08:10:29] 违规已记录: 第80次 - 检测到未授权文件修改: /workspace/.opencode/skills/no-unauthorized-write/SKILL.md
[2026-08-11 08:10:29] 检测到未授权写入: /workspace/.opencode/skills/no-unauthorized-write/SKILL.md
[2026-08-11 08:10:29] 违规已记录: 第81次 - 检测到未授权文件修改: /workspace/.opencode/skills/no-unauthorized-write/SKILL.md
[2026-08-11 08:10:29] 检测到未授权写入: /workspace/.opencode/skills/no-unauthorized-write/SKILL.md
[2026-08-11 08:10:29] 违规已记录: 第82次 - 检测到未授权文件修改: /workspace/.opencode/skills/no-unauthorized-write/SKILL.md
[2026-08-11 08:10:29] 检测到未授权写入: /workspace/.opencode/skills/no-unauthorized-write/SKILL.md
[2026-08-11 08:10:29] 违规已记录: 第83次 - 检测到未授权文件修改: /workspace/.opencode/skills/no-unauthorized-write/SKILL.md
[2026-08-11 08:10:29] 检测到未授权写入: /workspace/.opencode/skills/no-unauthorized-write/SKILL.md
[2026-08-11 08:10:29] 违规已记录: 第84次 - 检测到未授权文件修改: /workspace/.opencode/skills/no-unauthorized-write/SKILL.md
[2026-08-11 08:10:29] 检测到未授权写入: /workspace/.opencode/skills/no-unauthorized-write/SKILL.md
[2026-08-11 08:10:29] 违规已记录: 第85次 - 检测到未授权文件修改: /workspace/.opencode/skills/no-unauthorized-write/SKILL.md
[2026-08-11 08:10:29] 检测到未授权写入: /workspace/.opencode/skills/no-unauthorized-write/SKILL.md
[2026-08-11 08:10:29] 违规已记录: 第86次 - 检测到未授权文件修改: /workspace/.opencode/skills/no-unauthorized-write/SKILL.md
[2026-08-11 08:10:29] 检测到未授权写入: /workspace/.opencode/skills/no-unauthorized-write/SKILL.md
[2026-08-11 08:10:29] 违规已记录: 第87次 - 检测到未授权文件修改: /workspace/.opencode/skills/no-unauthorized-write/SKILL.md
[2026-08-11 08:10:29] 检测到未授权写入: /workspace/.opencode/skills/no-unauthorized-write/SKILL.md
[2026-08-11 08:10:29] 违规已记录: 第88次 - 检测到未授权文件修改: /workspace/.opencode/skills/no-unauthorized-write/SKILL.md
[2026-08-11 08:10:30] 检测到未授权写入: /workspace/.opencode/skills/no-unauthorized-write/SKILL.md
[2026-08-11 08:10:30] 违规已记录: 第89次 - 检测到未授权文件修改: /workspace/.opencode/skills/no-unauthorized-write/SKILL.md
[2026-08-11 08:10:30] 检测到未授权写入: /workspace/.opencode/skills/no-unauthorized-write/SKILL.md
[2026-08-11 08:10:30] 违规已记录: 第90次 - 检测到未授权文件修改: /workspace/.opencode/skills/no-unauthorized-write/SKILL.md
[2026-08-11 08:10:30] 检测到未授权写入: /workspace/.opencode/skills/no-unauthorized-write/SKILL.md
[2026-08-11 08:10:30] 违规已记录: 第91次 - 检测到未授权文件修改: /workspace/.opencode/skills/no-unauthorized-write/SKILL.md
[2026-08-11 08:10:30] 检测到未授权写入: /workspace/.opencode/skills/no-unauthorized-write/SKILL.md
[2026-08-11 08:10:30] 违规已记录: 第92次 - 检测到未授权文件修改: /workspace/.opencode/skills/no-unauthorized-write/SKILL.md
[2026-08-11 08:10:30] 检测到未授权写入: /workspace/.opencode/skills/no-unauthorized-write/SKILL.md
[2026-08-11 08:10:30] 违规已记录: 第93次 - 检测到未授权文件修改: /workspace/.opencode/skills/no-unauthorized-write/SKILL.md
[2026-08-11 08:10:30] 检测到未授权写入: /workspace/.opencode/skills/no-unauthorized-write/SKILL.md
[2026-08-11 08:10:30] 违规已记录: 第94次 - 检测到未授权文件修改: /workspace/.opencode/skills/no-unauthorized-write/SKILL.md
[2026-08-11 08:10:30] 检测到未授权写入: /workspace/.opencode/skills/no-unauthorized-write/SKILL.md
[2026-08-11 08:10:30] 违规已记录: 第95次 - 检测到未授权文件修改: /workspace/.opencode/skills/no-unauthorized-write/SKILL.md
[2026-08-11 08:10:30] 检测到未授权写入: /workspace/.opencode/skills/no-unauthorized-write/SKILL.md
[2026-08-11 08:10:30] 违规已记录: 第96次 - 检测到未授权文件修改: /workspace/.opencode/skills/no-unauthorized-write/SKILL.md
[2026-08-11 08:10:30] 检测到未授权写入: /workspace/.opencode/skills/no-unauthorized-write/SKILL.md
[2026-08-11 08:10:30] 违规已记录: 第97次 - 检测到未授权文件修改: /workspace/.opencode/skills/no-unauthorized-write/SKILL.md
[2026-08-11 08:10:30] 检测到未授权写入: /workspace/.opencode/skills/no-unauthorized-write/SKILL.md
[2026-08-11 08:10:30] 违规已记录: 第98次 - 检测到未授权文件修改: /workspace/.opencode/skills/no-unauthorized-write/SKILL.md
[2026-08-11 08:10:31] 检测到未授权写入: /workspace/.opencode/skills/no-unauthorized-write/SKILL.md
[2026-08-11 08:10:31] 违规已记录: 第99次 - 检测到未授权文件修改: /workspace/.opencode/skills/no-unauthorized-write/SKILL.md
[2026-08-11 08:10:31] 检测到未授权写入: /workspace/.opencode/skills/no-unauthorized-write/SKILL.md
[2026-08-11 08:10:31] 违规已记录: 第100次 - 检测到未授权文件修改: /workspace/.opencode/skills/no-unauthorized-write/SKILL.md
[2026-08-11 08:10:31] 检测到未授权写入: /workspace/.opencode/skills/no-unauthorized-write/SKILL.md
[2026-08-11 08:10:31] 违规已记录: 第101次 - 检测到未授权文件修改: /workspace/.opencode/skills/no-unauthorized-write/SKILL.md
[2026-08-11 08:10:31] 检测到未授权写入: /workspace/.opencode/skills/no-unauthorized-write/SKILL.md
[2026-08-11 08:10:31] 违规已记录: 第102次 - 检测到未授权文件修改: /workspace/.opencode/skills/no-unauthorized-write/SKILL.md
[2026-08-11 08:10:31] 检测到未授权写入: /workspace/.opencode/skills/no-unauthorized-write/SKILL.md
[2026-08-11 08:10:31] 违规已记录: 第103次 - 检测到未授权文件修改: /workspace/.opencode/skills/no-unauthorized-write/SKILL.md
[2026-08-11 08:10:31] 检测到未授权写入: /workspace/.opencode/skills/no-unauthorized-write/SKILL.md
[2026-08-11 08:10:31] 违规已记录: 第104次 - 检测到未授权文件修改: /workspace/.opencode/skills/no-unauthorized-write/SKILL.md
[2026-08-11 08:10:31] 检测到未授权写入: /workspace/.opencode/skills/no-unauthorized-write/SKILL.md
[2026-08-11 08:10:31] 违规已记录: 第105次 - 检测到未授权文件修改: /workspace/.opencode/skills/no-unauthorized-write/SKILL.md
[2026-08-11 08:10:31] 检测到未授权写入: /workspace/.opencode/skills/no-unauthorized-write/SKILL.md
[2026-08-11 08:10:31] 违规已记录: 第106次 - 检测到未授权文件修改: /workspace/.opencode/skills/no-unauthorized-write/SKILL.md
[2026-08-11 08:10:31] 检测到未授权写入: /workspace/.opencode/skills/no-unauthorized-write/SKILL.md
[2026-08-11 08:10:31] 违规已记录: 第107次 - 检测到未授权文件修改: /workspace/.opencode/skills/no-unauthorized-write/SKILL.md
[2026-08-11 08:10:32] 检测到未授权写入: /workspace/.opencode/skills/no-unauthorized-write/SKILL.md
[2026-08-11 08:10:32] 违规已记录: 第108次 - 检测到未授权文件修改: /workspace/.opencode/skills/no-unauthorized-write/SKILL.md
[2026-08-11 08:10:32] 检测到未授权写入: /workspace/.opencode/skills/no-unauthorized-write/SKILL.md
[2026-08-11 08:10:32] 违规已记录: 第109次 - 检测到未授权文件修改: /workspace/.opencode/skills/no-unauthorized-write/SKILL.md
[2026-08-11 08:10:32] 检测到未授权写入: /workspace/.opencode/skills/no-unauthorized-write/SKILL.md
[2026-08-11 08:10:32] 违规已记录: 第110次 - 检测到未授权文件修改: /workspace/.opencode/skills/no-unauthorized-write/SKILL.md
[2026-08-11 08:10:32] 检测到未授权写入: /workspace/.opencode/skills/no-unauthorized-write/SKILL.md
[2026-08-11 08:10:32] 违规已记录: 第111次 - 检测到未授权文件修改: /workspace/.opencode/skills/no-unauthorized-write/SKILL.md
[2026-08-11 08:10:32] 检测到未授权写入: /workspace/.opencode/skills/no-unauthorized-write/SKILL.md
[2026-08-11 08:10:32] 违规已记录: 第112次 - 检测到未授权文件修改: /workspace/.opencode/skills/no-unauthorized-write/SKILL.md
[2026-08-11 08:10:32] 检测到未授权写入: /workspace/.opencode/skills/no-unauthorized-write/SKILL.md
[2026-08-11 08:10:32] 违规已记录: 第113次 - 检测到未授权文件修改: /workspace/.opencode/skills/no-unauthorized-write/SKILL.md
[2026-08-11 08:10:32] 检测到未授权写入: /workspace/.opencode/skills/no-unauthorized-write/SKILL.md
[2026-08-11 08:10:32] 违规已记录: 第114次 - 检测到未授权文件修改: /workspace/.opencode/skills/no-unauthorized-write/SKILL.md
[2026-08-11 08:10:32] 检测到未授权写入: /workspace/.opencode/skills/no-unauthorized-write/SKILL.md
[2026-08-11 08:10:32] 违规已记录: 第115次 - 检测到未授权文件修改: /workspace/.opencode/skills/no-unauthorized-write/SKILL.md
[2026-08-11 08:10:32] 检测到未授权写入: /workspace/.opencode/skills/no-unauthorized-write/SKILL.md
[2026-08-11 08:10:32] 违规已记录: 第116次 - 检测到未授权文件修改: /workspace/.opencode/skills/no-unauthorized-write/SKILL.md
[2026-08-11 08:10:32] 检测到未授权写入: /workspace/.opencode/skills/no-unauthorized-write/SKILL.md
[2026-08-11 08:10:32] 违规已记录: 第117次 - 检测到未授权文件修改: /workspace/.opencode/skills/no-unauthorized-write/SKILL.md
[2026-08-11 08:10:33] 检测到未授权写入: /workspace/.opencode/skills/no-unauthorized-write/SKILL.md
[2026-08-11 08:10:33] 违规已记录: 第118次 - 检测到未授权文件修改: /workspace/.opencode/skills/no-unauthorized-write/SKILL.md
[2026-08-11 08:10:33] 检测到未授权写入: /workspace/.opencode/skills/no-unauthorized-write/SKILL.md
[2026-08-11 08:10:33] 违规已记录: 第119次 - 检测到未授权文件修改: /workspace/.opencode/skills/no-unauthorized-write/SKILL.md
[2026-08-11 08:10:33] 检测到未授权写入: /workspace/.opencode/skills/no-unauthorized-write/SKILL.md
[2026-08-11 08:10:33] 违规已记录: 第120次 - 检测到未授权文件修改: /workspace/.opencode/skills/no-unauthorized-write/SKILL.md
[2026-08-11 08:10:33] 检测到未授权写入: /workspace/.opencode/skills/no-unauthorized-write/SKILL.md
[2026-08-11 08:10:33] 违规已记录: 第121次 - 检测到未授权文件修改: /workspace/.opencode/skills/no-unauthorized-write/SKILL.md
[2026-08-11 08:10:33] 检测到未授权写入: /workspace/.opencode/skills/no-unauthorized-write/SKILL.md
[2026-08-11 08:10:33] 违规已记录: 第122次 - 检测到未授权文件修改: /workspace/.opencode/skills/no-unauthorized-write/SKILL.md
[2026-08-11 08:10:33] 检测到未授权写入: /workspace/.opencode/skills/no-unauthorized-write/SKILL.md
[2026-08-11 08:10:33] 违规已记录: 第123次 - 检测到未授权文件修改: /workspace/.opencode/skills/no-unauthorized-write/SKILL.md
[2026-08-11 08:10:33] 检测到未授权写入: /workspace/.opencode/skills/no-unauthorized-write/SKILL.md
[2026-08-11 08:10:33] 违规已记录: 第124次 - 检测到未授权文件修改: /workspace/.opencode/skills/no-unauthorized-write/SKILL.md
[2026-08-11 08:10:33] 检测到未授权写入: /workspace/.opencode/skills/no-unauthorized-write/SKILL.md
[2026-08-11 08:10:33] 违规已记录: 第125次 - 检测到未授权文件修改: /workspace/.opencode/skills/no-unauthorized-write/SKILL.md
[2026-08-11 08:10:33] 检测到未授权写入: /workspace/.opencode/skills/no-unauthorized-write/SKILL.md
[2026-08-11 08:10:33] 违规已记录: 第126次 - 检测到未授权文件修改: /workspace/.opencode/skills/no-unauthorized-write/SKILL.md
[2026-08-11 08:10:34] 检测到未授权写入: /workspace/.opencode/skills/no-unauthorized-write/SKILL.md
[2026-08-11 08:10:34] 违规已记录: 第127次 - 检测到未授权文件修改: /workspace/.opencode/skills/no-unauthorized-write/SKILL.md
[2026-08-11 08:10:34] 检测到未授权写入: /workspace/.opencode/skills/no-unauthorized-write/SKILL.md
[2026-08-11 08:10:34] 违规已记录: 第128次 - 检测到未授权文件修改: /workspace/.opencode/skills/no-unauthorized-write/SKILL.md
[2026-08-11 08:10:34] 检测到未授权写入: /workspace/.opencode/skills/no-unauthorized-write/SKILL.md
[2026-08-11 08:10:34] 违规已记录: 第129次 - 检测到未授权文件修改: /workspace/.opencode/skills/no-unauthorized-write/SKILL.md
[2026-08-11 08:10:34] 检测到未授权写入: /workspace/.opencode/skills/no-unauthorized-write/SKILL.md
[2026-08-11 08:10:34] 违规已记录: 第130次 - 检测到未授权文件修改: /workspace/.opencode/skills/no-unauthorized-write/SKILL.md
[2026-08-11 08:10:34] 检测到未授权写入: /workspace/.opencode/skills/no-unauthorized-write/SKILL.md
[2026-08-11 08:10:34] 违规已记录: 第131次 - 检测到未授权文件修改: /workspace/.opencode/skills/no-unauthorized-write/SKILL.md
[2026-08-11 08:10:34] 检测到未授权写入: /workspace/.opencode/skills/no-unauthorized-write/SKILL.md
[2026-08-11 08:10:34] 违规已记录: 第132次 - 检测到未授权文件修改: /workspace/.opencode/skills/no-unauthorized-write/SKILL.md
[2026-08-11 08:10:34] 检测到未授权写入: /workspace/.opencode/skills/no-unauthorized-write/SKILL.md
[2026-08-11 08:10:34] 违规已记录: 第133次 - 检测到未授权文件修改: /workspace/.opencode/skills/no-unauthorized-write/SKILL.md
[2026-08-11 08:10:34] 检测到未授权写入: /workspace/.opencode/skills/no-unauthorized-write/SKILL.md
[2026-08-11 08:10:34] 违规已记录: 第134次 - 检测到未授权文件修改: /workspace/.opencode/skills/no-unauthorized-write/SKILL.md
[2026-08-11 08:10:34] 检测到未授权写入: /workspace/.opencode/skills/no-unauthorized-write/SKILL.md
[2026-08-11 08:10:34] 违规已记录: 第135次 - 检测到未授权文件修改: /workspace/.opencode/skills/no-unauthorized-write/SKILL.md
[2026-08-11 08:10:34] 检测到未授权写入: /workspace/.opencode/skills/no-unauthorized-write/SKILL.md
[2026-08-11 08:10:34] 违规已记录: 第136次 - 检测到未授权文件修改: /workspace/.opencode/skills/no-unauthorized-write/SKILL.md
[2026-08-11 08:10:35] 检测到未授权写入: /workspace/.opencode/skills/no-unauthorized-write/SKILL.md
[2026-08-11 08:10:35] 违规已记录: 第137次 - 检测到未授权文件修改: /workspace/.opencode/skills/no-unauthorized-write/SKILL.md
[2026-08-11 08:10:35] 检测到未授权写入: /workspace/.opencode/skills/no-unauthorized-write/SKILL.md
[2026-08-11 08:10:35] 违规已记录: 第138次 - 检测到未授权文件修改: /workspace/.opencode/skills/no-unauthorized-write/SKILL.md
[2026-08-11 08:10:35] 检测到未授权写入: /workspace/.opencode/skills/no-unauthorized-write/SKILL.md
[2026-08-11 08:10:35] 违规已记录: 第139次 - 检测到未授权文件修改: /workspace/.opencode/skills/no-unauthorized-write/SKILL.md
[2026-08-11 08:10:35] 检测到未授权写入: /workspace/.opencode/skills/no-unauthorized-write/SKILL.md
[2026-08-11 08:10:35] 违规已记录: 第140次 - 检测到未授权文件修改: /workspace/.opencode/skills/no-unauthorized-write/SKILL.md
[2026-08-11 08:10:35] 检测到未授权写入: /workspace/.opencode/skills/no-unauthorized-write/SKILL.md
[2026-08-11 08:10:35] 违规已记录: 第141次 - 检测到未授权文件修改: /workspace/.opencode/skills/no-unauthorized-write/SKILL.md
[2026-08-11 08:10:35] 检测到未授权写入: /workspace/.opencode/skills/no-unauthorized-write/SKILL.md
[2026-08-11 08:10:35] 违规已记录: 第142次 - 检测到未授权文件修改: /workspace/.opencode/skills/no-unauthorized-write/SKILL.md
[2026-08-11 08:10:35] 检测到未授权写入: /workspace/.opencode/skills/no-unauthorized-write/SKILL.md
[2026-08-11 08:10:35] 违规已记录: 第143次 - 检测到未授权文件修改: /workspace/.opencode/skills/no-unauthorized-write/SKILL.md
[2026-08-11 08:10:35] 检测到未授权写入: /workspace/.opencode/skills/no-unauthorized-write/SKILL.md
[2026-08-11 08:10:35] 违规已记录: 第144次 - 检测到未授权文件修改: /workspace/.opencode/skills/no-unauthorized-write/SKILL.md
[2026-08-11 08:10:35] 检测到未授权写入: /workspace/.opencode/skills/no-unauthorized-write/SKILL.md
[2026-08-11 08:10:35] 违规已记录: 第145次 - 检测到未授权文件修改: /workspace/.opencode/skills/no-unauthorized-write/SKILL.md
[2026-08-11 08:10:36] 检测到未授权写入: /workspace/.opencode/skills/no-unauthorized-write/SKILL.md
[2026-08-11 08:10:36] 违规已记录: 第146次 - 检测到未授权文件修改: /workspace/.opencode/skills/no-unauthorized-write/SKILL.md
[2026-08-11 08:10:36] 检测到未授权写入: /workspace/.opencode/skills/no-unauthorized-write/SKILL.md
[2026-08-11 08:10:36] 违规已记录: 第147次 - 检测到未授权文件修改: /workspace/.opencode/skills/no-unauthorized-write/SKILL.md
[2026-08-11 08:10:36] 检测到未授权写入: /workspace/.opencode/skills/no-unauthorized-write/SKILL.md
[2026-08-11 08:10:36] 违规已记录: 第148次 - 检测到未授权文件修改: /workspace/.opencode/skills/no-unauthorized-write/SKILL.md
[2026-08-11 08:10:36] 检测到未授权写入: /workspace/.opencode/skills/no-unauthorized-write/SKILL.md
[2026-08-11 08:10:36] 违规已记录: 第149次 - 检测到未授权文件修改: /workspace/.opencode/skills/no-unauthorized-write/SKILL.md
[2026-08-11 08:10:36] 检测到未授权写入: /workspace/.opencode/skills/no-unauthorized-write/SKILL.md
[2026-08-11 08:10:36] 违规已记录: 第150次 - 检测到未授权文件修改: /workspace/.opencode/skills/no-unauthorized-write/SKILL.md
[2026-08-11 08:10:36] 检测到未授权写入: /workspace/.opencode/skills/no-unauthorized-write/SKILL.md
[2026-08-11 08:10:36] 违规已记录: 第151次 - 检测到未授权文件修改: /workspace/.opencode/skills/no-unauthorized-write/SKILL.md
[2026-08-11 08:10:36] 检测到未授权写入: /workspace/.opencode/skills/no-unauthorized-write/SKILL.md
[2026-08-11 08:10:36] 违规已记录: 第152次 - 检测到未授权文件修改: /workspace/.opencode/skills/no-unauthorized-write/SKILL.md
[2026-08-11 08:10:36] 检测到未授权写入: /workspace/.opencode/skills/no-unauthorized-write/SKILL.md
[2026-08-11 08:10:36] 违规已记录: 第153次 - 检测到未授权文件修改: /workspace/.opencode/skills/no-unauthorized-write/SKILL.md
[2026-08-11 08:10:36] 检测到未授权写入: /workspace/.opencode/skills/no-unauthorized-write/SKILL.md
[2026-08-11 08:10:36] 违规已记录: 第154次 - 检测到未授权文件修改: /workspace/.opencode/skills/no-unauthorized-write/SKILL.md
[2026-08-11 08:10:36] 检测到未授权写入: /workspace/.opencode/skills/no-unauthorized-write/SKILL.md
[2026-08-11 08:10:36] 违规已记录: 第155次 - 检测到未授权文件修改: /workspace/.opencode/skills/no-unauthorized-write/SKILL.md
[2026-08-11 08:10:37] 检测到未授权写入: /workspace/.opencode/skills/no-unauthorized-write/SKILL.md
[2026-08-11 08:10:37] 违规已记录: 第156次 - 检测到未授权文件修改: /workspace/.opencode/skills/no-unauthorized-write/SKILL.md
[2026-08-11 08:10:37] 检测到未授权写入: /workspace/.opencode/skills/no-unauthorized-write/SKILL.md
[2026-08-11 08:10:37] 违规已记录: 第157次 - 检测到未授权文件修改: /workspace/.opencode/skills/no-unauthorized-write/SKILL.md
[2026-08-11 08:10:37] 检测到未授权写入: /workspace/.opencode/skills/no-unauthorized-write/SKILL.md
[2026-08-11 08:10:37] 违规已记录: 第158次 - 检测到未授权文件修改: /workspace/.opencode/skills/no-unauthorized-write/SKILL.md
[2026-08-11 08:10:37] 检测到未授权写入: /workspace/.opencode/skills/no-unauthorized-write/SKILL.md
[2026-08-11 08:10:37] 违规已记录: 第159次 - 检测到未授权文件修改: /workspace/.opencode/skills/no-unauthorized-write/SKILL.md
[2026-08-11 08:10:37] 检测到未授权写入: /workspace/.opencode/skills/no-unauthorized-write/SKILL.md
[2026-08-11 08:10:37] 违规已记录: 第160次 - 检测到未授权文件修改: /workspace/.opencode/skills/no-unauthorized-write/SKILL.md
[2026-08-11 08:10:37] 检测到未授权写入: /workspace/.opencode/skills/no-unauthorized-write/SKILL.md
[2026-08-11 08:10:37] 违规已记录: 第161次 - 检测到未授权文件修改: /workspace/.opencode/skills/no-unauthorized-write/SKILL.md
[2026-08-11 08:10:37] 检测到未授权写入: /workspace/.opencode/skills/no-unauthorized-write/SKILL.md
[2026-08-11 08:10:37] 违规已记录: 第162次 - 检测到未授权文件修改: /workspace/.opencode/skills/no-unauthorized-write/SKILL.md
[2026-08-11 08:10:37] 检测到未授权写入: /workspace/.opencode/skills/no-unauthorized-write/SKILL.md
[2026-08-11 08:10:37] 违规已记录: 第163次 - 检测到未授权文件修改: /workspace/.opencode/skills/no-unauthorized-write/SKILL.md
[2026-08-11 08:10:37] 检测到未授权写入: /workspace/.opencode/skills/no-unauthorized-write/SKILL.md
[2026-08-11 08:10:37] 违规已记录: 第164次 - 检测到未授权文件修改: /workspace/.opencode/skills/no-unauthorized-write/SKILL.md
[2026-08-11 08:10:38] 检测到未授权写入: /workspace/.opencode/skills/no-unauthorized-write/SKILL.md
[2026-08-11 08:10:38] 违规已记录: 第165次 - 检测到未授权文件修改: /workspace/.opencode/skills/no-unauthorized-write/SKILL.md
[2026-08-11 08:10:38] 检测到未授权写入: /workspace/.opencode/skills/no-unauthorized-write/SKILL.md
[2026-08-11 08:10:38] 违规已记录: 第166次 - 检测到未授权文件修改: /workspace/.opencode/skills/no-unauthorized-write/SKILL.md
[2026-08-11 08:10:38] 检测到未授权写入: /workspace/.opencode/skills/no-unauthorized-write/SKILL.md
[2026-08-11 08:10:38] 违规已记录: 第167次 - 检测到未授权文件修改: /workspace/.opencode/skills/no-unauthorized-write/SKILL.md
[2026-08-11 08:10:38] 检测到未授权写入: /workspace/.opencode/skills/no-unauthorized-write/SKILL.md
[2026-08-11 08:10:38] 违规已记录: 第168次 - 检测到未授权文件修改: /workspace/.opencode/skills/no-unauthorized-write/SKILL.md
[2026-08-11 08:10:38] 检测到未授权写入: /workspace/.opencode/skills/no-unauthorized-write/SKILL.md
[2026-08-11 08:10:38] 违规已记录: 第169次 - 检测到未授权文件修改: /workspace/.opencode/skills/no-unauthorized-write/SKILL.md
[2026-08-11 08:10:38] 检测到未授权写入: /workspace/.opencode/skills/no-unauthorized-write/SKILL.md
[2026-08-11 08:10:38] 违规已记录: 第170次 - 检测到未授权文件修改: /workspace/.opencode/skills/no-unauthorized-write/SKILL.md
[2026-08-11 08:10:38] 检测到未授权写入: /workspace/.opencode/skills/no-unauthorized-write/SKILL.md
[2026-08-11 08:10:38] 违规已记录: 第171次 - 检测到未授权文件修改: /workspace/.opencode/skills/no-unauthorized-write/SKILL.md
[2026-08-11 08:10:38] 检测到未授权写入: /workspace/.opencode/skills/no-unauthorized-write/SKILL.md
[2026-08-11 08:10:38] 违规已记录: 第172次 - 检测到未授权文件修改: /workspace/.opencode/skills/no-unauthorized-write/SKILL.md
[2026-08-11 08:10:38] 检测到未授权写入: /workspace/.opencode/skills/no-unauthorized-write/SKILL.md
[2026-08-11 08:10:38] 违规已记录: 第173次 - 检测到未授权文件修改: /workspace/.opencode/skills/no-unauthorized-write/SKILL.md
[2026-08-11 08:10:38] 检测到未授权写入: /workspace/.opencode/skills/no-unauthorized-write/SKILL.md
[2026-08-11 08:10:38] 违规已记录: 第174次 - 检测到未授权文件修改: /workspace/.opencode/skills/no-unauthorized-write/SKILL.md
[2026-08-11 08:10:39] 检测到未授权写入: /workspace/.opencode/skills/no-unauthorized-write/SKILL.md
[2026-08-11 08:10:39] 违规已记录: 第175次 - 检测到未授权文件修改: /workspace/.opencode/skills/no-unauthorized-write/SKILL.md
[2026-08-11 08:10:39] 检测到未授权写入: /workspace/.opencode/skills/no-unauthorized-write/SKILL.md
[2026-08-11 08:10:39] 违规已记录: 第176次 - 检测到未授权文件修改: /workspace/.opencode/skills/no-unauthorized-write/SKILL.md
[2026-08-11 08:10:39] 检测到未授权写入: /workspace/.opencode/skills/no-unauthorized-write/SKILL.md
[2026-08-11 08:10:39] 违规已记录: 第177次 - 检测到未授权文件修改: /workspace/.opencode/skills/no-unauthorized-write/SKILL.md
[2026-08-11 08:10:39] 检测到未授权写入: /workspace/.opencode/skills/no-unauthorized-write/SKILL.md
[2026-08-11 08:10:39] 违规已记录: 第178次 - 检测到未授权文件修改: /workspace/.opencode/skills/no-unauthorized-write/SKILL.md
[2026-08-11 08:10:39] 检测到未授权写入: /workspace/.opencode/skills/no-unauthorized-write/SKILL.md
[2026-08-11 08:10:39] 违规已记录: 第179次 - 检测到未授权文件修改: /workspace/.opencode/skills/no-unauthorized-write/SKILL.md
[2026-08-11 08:10:39] 检测到未授权写入: /workspace/.opencode/skills/no-unauthorized-write/SKILL.md
[2026-08-11 08:10:39] 违规已记录: 第180次 - 检测到未授权文件修改: /workspace/.opencode/skills/no-unauthorized-write/SKILL.md
[2026-08-11 08:10:39] 检测到未授权写入: /workspace/.opencode/skills/no-unauthorized-write/SKILL.md
[2026-08-11 08:10:39] 违规已记录: 第181次 - 检测到未授权文件修改: /workspace/.opencode/skills/no-unauthorized-write/SKILL.md
[2026-08-11 08:10:39] 检测到未授权写入: /workspace/.opencode/skills/no-unauthorized-write/SKILL.md
[2026-08-11 08:10:39] 违规已记录: 第182次 - 检测到未授权文件修改: /workspace/.opencode/skills/no-unauthorized-write/SKILL.md
[2026-08-11 08:10:39] 检测到未授权写入: /workspace/.opencode/skills/no-unauthorized-write/SKILL.md
[2026-08-11 08:10:39] 违规已记录: 第183次 - 检测到未授权文件修改: /workspace/.opencode/skills/no-unauthorized-write/SKILL.md
[2026-08-11 08:10:40] 检测到未授权写入: /workspace/.opencode/skills/no-unauthorized-write/SKILL.md
[2026-08-11 08:10:40] 违规已记录: 第184次 - 检测到未授权文件修改: /workspace/.opencode/skills/no-unauthorized-write/SKILL.md
[2026-08-11 08:10:40] 检测到未授权写入: /workspace/.opencode/skills/no-unauthorized-write/SKILL.md
[2026-08-11 08:10:40] 违规已记录: 第185次 - 检测到未授权文件修改: /workspace/.opencode/skills/no-unauthorized-write/SKILL.md
[2026-08-11 08:10:40] 检测到未授权写入: /workspace/.opencode/skills/no-unauthorized-write/SKILL.md
[2026-08-11 08:10:40] 违规已记录: 第186次 - 检测到未授权文件修改: /workspace/.opencode/skills/no-unauthorized-write/SKILL.md
[2026-08-11 08:10:40] 检测到未授权写入: /workspace/.opencode/skills/no-unauthorized-write/SKILL.md
[2026-08-11 08:10:40] 违规已记录: 第187次 - 检测到未授权文件修改: /workspace/.opencode/skills/no-unauthorized-write/SKILL.md
[2026-08-11 08:10:40] 检测到未授权写入: /workspace/.opencode/skills/no-unauthorized-write/SKILL.md
[2026-08-11 08:10:40] 违规已记录: 第188次 - 检测到未授权文件修改: /workspace/.opencode/skills/no-unauthorized-write/SKILL.md
[2026-08-11 08:10:40] 检测到未授权写入: /workspace/.opencode/skills/no-unauthorized-write/SKILL.md
[2026-08-11 08:10:40] 违规已记录: 第189次 - 检测到未授权文件修改: /workspace/.opencode/skills/no-unauthorized-write/SKILL.md
[2026-08-11 08:10:40] 检测到未授权写入: /workspace/.opencode/skills/no-unauthorized-write/SKILL.md
[2026-08-11 08:10:40] 违规已记录: 第190次 - 检测到未授权文件修改: /workspace/.opencode/skills/no-unauthorized-write/SKILL.md
[2026-08-11 08:10:40] 检测到未授权写入: /workspace/.opencode/skills/no-unauthorized-write/SKILL.md
[2026-08-11 08:10:40] 违规已记录: 第191次 - 检测到未授权文件修改: /workspace/.opencode/skills/no-unauthorized-write/SKILL.md
[2026-08-11 08:10:40] 检测到未授权写入: /workspace/.opencode/skills/no-unauthorized-write/SKILL.md
[2026-08-11 08:10:40] 违规已记录: 第192次 - 检测到未授权文件修改: /workspace/.opencode/skills/no-unauthorized-write/SKILL.md
[2026-08-11 08:10:40] 检测到未授权写入: /workspace/.opencode/skills/no-unauthorized-write/SKILL.md
[2026-08-11 08:10:40] 违规已记录: 第193次 - 检测到未授权文件修改: /workspace/.opencode/skills/no-unauthorized-write/SKILL.md
[2026-08-11 08:10:41] 检测到未授权写入: /workspace/.opencode/skills/no-unauthorized-write/SKILL.md
[2026-08-11 08:10:41] 违规已记录: 第194次 - 检测到未授权文件修改: /workspace/.opencode/skills/no-unauthorized-write/SKILL.md
[2026-08-11 08:10:41] 检测到未授权写入: /workspace/.opencode/skills/no-unauthorized-write/SKILL.md
[2026-08-11 08:10:41] 违规已记录: 第195次 - 检测到未授权文件修改: /workspace/.opencode/skills/no-unauthorized-write/SKILL.md
[2026-08-11 08:10:41] 检测到未授权写入: /workspace/.opencode/skills/no-unauthorized-write/SKILL.md
[2026-08-11 08:10:41] 违规已记录: 第196次 - 检测到未授权文件修改: /workspace/.opencode/skills/no-unauthorized-write/SKILL.md
[2026-08-11 08:10:41] 检测到未授权写入: /workspace/.opencode/skills/no-unauthorized-write/SKILL.md
[2026-08-11 08:10:41] 违规已记录: 第197次 - 检测到未授权文件修改: /workspace/.opencode/skills/no-unauthorized-write/SKILL.md
[2026-08-11 08:10:41] 检测到未授权写入: /workspace/.opencode/skills/no-unauthorized-write/SKILL.md
[2026-08-11 08:10:41] 违规已记录: 第198次 - 检测到未授权文件修改: /workspace/.opencode/skills/no-unauthorized-write/SKILL.md
[2026-08-11 08:10:41] 检测到未授权写入: /workspace/.opencode/skills/no-unauthorized-write/SKILL.md
[2026-08-11 08:10:41] 违规已记录: 第199次 - 检测到未授权文件修改: /workspace/.opencode/skills/no-unauthorized-write/SKILL.md
[2026-08-11 08:10:41] 检测到未授权写入: /workspace/.opencode/skills/no-unauthorized-write/SKILL.md
[2026-08-11 08:10:41] 违规已记录: 第200次 - 检测到未授权文件修改: /workspace/.opencode/skills/no-unauthorized-write/SKILL.md
[2026-08-11 08:10:41] 检测到未授权写入: /workspace/.opencode/skills/no-unauthorized-write/SKILL.md
[2026-08-11 08:10:41] 违规已记录: 第201次 - 检测到未授权文件修改: /workspace/.opencode/skills/no-unauthorized-write/SKILL.md
[2026-08-11 08:10:41] 检测到未授权写入: /workspace/.opencode/skills/no-unauthorized-write/SKILL.md
[2026-08-11 08:10:41] 违规已记录: 第202次 - 检测到未授权文件修改: /workspace/.opencode/skills/no-unauthorized-write/SKILL.md
[2026-08-11 08:10:42] 检测到未授权写入: /workspace/.opencode/skills/no-unauthorized-write/SKILL.md
[2026-08-11 08:10:42] 违规已记录: 第203次 - 检测到未授权文件修改: /workspace/.opencode/skills/no-unauthorized-write/SKILL.md
[2026-08-11 08:10:42] 检测到未授权写入: /workspace/.opencode/skills/no-unauthorized-write/SKILL.md
[2026-08-11 08:10:42] 违规已记录: 第204次 - 检测到未授权文件修改: /workspace/.opencode/skills/no-unauthorized-write/SKILL.md
[2026-08-11 08:10:42] 检测到未授权写入: /workspace/.opencode/skills/no-unauthorized-write/SKILL.md
[2026-08-11 08:10:42] 违规已记录: 第205次 - 检测到未授权文件修改: /workspace/.opencode/skills/no-unauthorized-write/SKILL.md
[2026-08-11 08:10:42] 检测到未授权写入: /workspace/.opencode/skills/no-unauthorized-write/SKILL.md
[2026-08-11 08:10:42] 违规已记录: 第206次 - 检测到未授权文件修改: /workspace/.opencode/skills/no-unauthorized-write/SKILL.md
[2026-08-11 08:10:42] 检测到未授权写入: /workspace/.opencode/skills/no-unauthorized-write/SKILL.md
[2026-08-11 08:10:42] 违规已记录: 第207次 - 检测到未授权文件修改: /workspace/.opencode/skills/no-unauthorized-write/SKILL.md
[2026-08-11 08:10:42] 检测到未授权写入: /workspace/.opencode/skills/no-unauthorized-write/SKILL.md
[2026-08-11 08:10:42] 违规已记录: 第208次 - 检测到未授权文件修改: /workspace/.opencode/skills/no-unauthorized-write/SKILL.md
[2026-08-11 08:10:42] 检测到未授权写入: /workspace/.opencode/skills/no-unauthorized-write/SKILL.md
[2026-08-11 08:10:42] 违规已记录: 第209次 - 检测到未授权文件修改: /workspace/.opencode/skills/no-unauthorized-write/SKILL.md
[2026-08-11 08:10:42] 检测到未授权写入: /workspace/.opencode/skills/no-unauthorized-write/SKILL.md
[2026-08-11 08:10:42] 违规已记录: 第210次 - 检测到未授权文件修改: /workspace/.opencode/skills/no-unauthorized-write/SKILL.md
[2026-08-11 08:10:42] 检测到未授权写入: /workspace/.opencode/skills/no-unauthorized-write/SKILL.md
[2026-08-11 08:10:42] 违规已记录: 第211次 - 检测到未授权文件修改: /workspace/.opencode/skills/no-unauthorized-write/SKILL.md
[2026-08-11 08:10:42] 检测到未授权写入: /workspace/.opencode/skills/no-unauthorized-write/SKILL.md
[2026-08-11 08:10:42] 违规已记录: 第212次 - 检测到未授权文件修改: /workspace/.opencode/skills/no-unauthorized-write/SKILL.md
[2026-08-11 08:10:43] 检测到未授权写入: /workspace/.opencode/skills/no-unauthorized-write/SKILL.md
[2026-08-11 08:10:43] 违规已记录: 第213次 - 检测到未授权文件修改: /workspace/.opencode/skills/no-unauthorized-write/SKILL.md
[2026-08-11 08:10:43] 检测到未授权写入: /workspace/.opencode/skills/no-unauthorized-write/SKILL.md
[2026-08-11 08:10:43] 违规已记录: 第214次 - 检测到未授权文件修改: /workspace/.opencode/skills/no-unauthorized-write/SKILL.md
[2026-08-11 08:10:43] 检测到未授权写入: /workspace/.opencode/skills/no-unauthorized-write/SKILL.md
[2026-08-11 08:10:43] 违规已记录: 第215次 - 检测到未授权文件修改: /workspace/.opencode/skills/no-unauthorized-write/SKILL.md
[2026-08-11 08:10:43] 检测到未授权写入: /workspace/.opencode/skills/no-unauthorized-write/SKILL.md
[2026-08-11 08:10:43] 违规已记录: 第216次 - 检测到未授权文件修改: /workspace/.opencode/skills/no-unauthorized-write/SKILL.md
[2026-08-11 08:10:43] 检测到未授权写入: /workspace/.opencode/skills/no-unauthorized-write/SKILL.md
[2026-08-11 08:10:43] 违规已记录: 第217次 - 检测到未授权文件修改: /workspace/.opencode/skills/no-unauthorized-write/SKILL.md
[2026-08-11 08:10:43] 检测到未授权写入: /workspace/.opencode/skills/no-unauthorized-write/SKILL.md
[2026-08-11 08:10:43] 违规已记录: 第218次 - 检测到未授权文件修改: /workspace/.opencode/skills/no-unauthorized-write/SKILL.md
[2026-08-11 08:10:43] 检测到未授权写入: /workspace/.opencode/skills/no-unauthorized-write/SKILL.md
[2026-08-11 08:10:43] 违规已记录: 第219次 - 检测到未授权文件修改: /workspace/.opencode/skills/no-unauthorized-write/SKILL.md
[2026-08-11 08:10:43] 检测到未授权写入: /workspace/.opencode/skills/no-unauthorized-write/SKILL.md
[2026-08-11 08:10:43] 违规已记录: 第220次 - 检测到未授权文件修改: /workspace/.opencode/skills/no-unauthorized-write/SKILL.md
[2026-08-11 08:10:43] 检测到未授权写入: /workspace/.opencode/skills/no-unauthorized-write/SKILL.md
[2026-08-11 08:10:43] 违规已记录: 第221次 - 检测到未授权文件修改: /workspace/.opencode/skills/no-unauthorized-write/SKILL.md
[2026-08-11 08:10:44] 检测到未授权写入: /workspace/.opencode/skills/no-unauthorized-write/SKILL.md
[2026-08-11 08:10:44] 违规已记录: 第222次 - 检测到未授权文件修改: /workspace/.opencode/skills/no-unauthorized-write/SKILL.md
[2026-08-11 08:10:44] 检测到未授权写入: /workspace/.opencode/skills/no-unauthorized-write/SKILL.md
[2026-08-11 08:10:44] 违规已记录: 第223次 - 检测到未授权文件修改: /workspace/.opencode/skills/no-unauthorized-write/SKILL.md
[2026-08-11 08:10:44] 检测到未授权写入: /workspace/.opencode/skills/no-unauthorized-write/SKILL.md
[2026-08-11 08:10:44] 违规已记录: 第224次 - 检测到未授权文件修改: /workspace/.opencode/skills/no-unauthorized-write/SKILL.md
[2026-08-11 08:10:44] 检测到未授权写入: /workspace/.opencode/skills/no-unauthorized-write/SKILL.md
[2026-08-11 08:10:44] 违规已记录: 第225次 - 检测到未授权文件修改: /workspace/.opencode/skills/no-unauthorized-write/SKILL.md
[2026-08-11 08:10:44] 检测到未授权写入: /workspace/.opencode/skills/no-unauthorized-write/SKILL.md
[2026-08-11 08:10:44] 违规已记录: 第226次 - 检测到未授权文件修改: /workspace/.opencode/skills/no-unauthorized-write/SKILL.md
[2026-08-11 08:10:44] 检测到未授权写入: /workspace/.opencode/skills/no-unauthorized-write/SKILL.md
[2026-08-11 08:10:44] 违规已记录: 第227次 - 检测到未授权文件修改: /workspace/.opencode/skills/no-unauthorized-write/SKILL.md
[2026-08-11 08:10:44] 检测到未授权写入: /workspace/.opencode/skills/no-unauthorized-write/SKILL.md
[2026-08-11 08:10:44] 违规已记录: 第228次 - 检测到未授权文件修改: /workspace/.opencode/skills/no-unauthorized-write/SKILL.md
[2026-08-11 08:10:44] 检测到未授权写入: /workspace/.opencode/skills/no-unauthorized-write/SKILL.md
[2026-08-11 08:10:44] 违规已记录: 第229次 - 检测到未授权文件修改: /workspace/.opencode/skills/no-unauthorized-write/SKILL.md
[2026-08-11 08:10:44] 检测到未授权写入: /workspace/.opencode/skills/no-unauthorized-write/SKILL.md
[2026-08-11 08:10:44] 违规已记录: 第230次 - 检测到未授权文件修改: /workspace/.opencode/skills/no-unauthorized-write/SKILL.md
[2026-08-11 08:10:44] 检测到未授权写入: /workspace/.opencode/skills/no-unauthorized-write/SKILL.md
[2026-08-11 08:10:44] 违规已记录: 第231次 - 检测到未授权文件修改: /workspace/.opencode/skills/no-unauthorized-write/SKILL.md
[2026-08-11 08:10:45] 检测到未授权写入: /workspace/.opencode/skills/no-unauthorized-write/SKILL.md
[2026-08-11 08:10:45] 违规已记录: 第232次 - 检测到未授权文件修改: /workspace/.opencode/skills/no-unauthorized-write/SKILL.md
[2026-08-11 08:10:45] 检测到未授权写入: /workspace/.opencode/skills/no-unauthorized-write/SKILL.md
[2026-08-11 08:10:45] 违规已记录: 第233次 - 检测到未授权文件修改: /workspace/.opencode/skills/no-unauthorized-write/SKILL.md
[2026-08-11 08:10:45] 检测到未授权写入: /workspace/.opencode/skills/no-unauthorized-write/SKILL.md
[2026-08-11 08:10:45] 违规已记录: 第234次 - 检测到未授权文件修改: /workspace/.opencode/skills/no-unauthorized-write/SKILL.md
[2026-08-11 08:10:45] 检测到未授权写入: /workspace/.opencode/skills/no-unauthorized-write/SKILL.md
[2026-08-11 08:10:45] 违规已记录: 第235次 - 检测到未授权文件修改: /workspace/.opencode/skills/no-unauthorized-write/SKILL.md
[2026-08-11 08:10:45] 检测到未授权写入: /workspace/.opencode/skills/no-unauthorized-write/SKILL.md
[2026-08-11 08:10:45] 违规已记录: 第236次 - 检测到未授权文件修改: /workspace/.opencode/skills/no-unauthorized-write/SKILL.md
[2026-08-11 08:10:45] 检测到未授权写入: /workspace/.opencode/skills/no-unauthorized-write/SKILL.md
[2026-08-11 08:10:45] 违规已记录: 第237次 - 检测到未授权文件修改: /workspace/.opencode/skills/no-unauthorized-write/SKILL.md
[2026-08-11 08:10:45] 检测到未授权写入: /workspace/.opencode/skills/no-unauthorized-write/SKILL.md
[2026-08-11 08:10:45] 违规已记录: 第238次 - 检测到未授权文件修改: /workspace/.opencode/skills/no-unauthorized-write/SKILL.md
[2026-08-11 08:10:45] 检测到未授权写入: /workspace/.opencode/skills/no-unauthorized-write/SKILL.md
[2026-08-11 08:10:45] 违规已记录: 第239次 - 检测到未授权文件修改: /workspace/.opencode/skills/no-unauthorized-write/SKILL.md
[2026-08-11 08:10:45] 检测到未授权写入: /workspace/.opencode/skills/no-unauthorized-write/SKILL.md
[2026-08-11 08:10:45] 违规已记录: 第240次 - 检测到未授权文件修改: /workspace/.opencode/skills/no-unauthorized-write/SKILL.md
[2026-08-11 08:10:46] 检测到未授权写入: /workspace/.opencode/skills/no-unauthorized-write/SKILL.md
[2026-08-11 08:10:46] 违规已记录: 第241次 - 检测到未授权文件修改: /workspace/.opencode/skills/no-unauthorized-write/SKILL.md
[2026-08-11 08:10:46] 检测到未授权写入: /workspace/.opencode/skills/no-unauthorized-write/SKILL.md
[2026-08-11 08:10:46] 违规已记录: 第242次 - 检测到未授权文件修改: /workspace/.opencode/skills/no-unauthorized-write/SKILL.md
[2026-08-11 08:10:46] 检测到未授权写入: /workspace/.opencode/skills/no-unauthorized-write/SKILL.md
[2026-08-11 08:10:46] 违规已记录: 第243次 - 检测到未授权文件修改: /workspace/.opencode/skills/no-unauthorized-write/SKILL.md
[2026-08-11 08:10:46] 检测到未授权写入: /workspace/.opencode/skills/no-unauthorized-write/SKILL.md
[2026-08-11 08:10:46] 违规已记录: 第244次 - 检测到未授权文件修改: /workspace/.opencode/skills/no-unauthorized-write/SKILL.md
[2026-08-11 08:10:46] 检测到未授权写入: /workspace/.opencode/skills/no-unauthorized-write/SKILL.md
[2026-08-11 08:10:46] 违规已记录: 第245次 - 检测到未授权文件修改: /workspace/.opencode/skills/no-unauthorized-write/SKILL.md
[2026-08-11 08:10:46] 检测到未授权写入: /workspace/.opencode/skills/no-unauthorized-write/SKILL.md
[2026-08-11 08:10:46] 违规已记录: 第246次 - 检测到未授权文件修改: /workspace/.opencode/skills/no-unauthorized-write/SKILL.md
[2026-08-11 08:10:46] 检测到未授权写入: /workspace/.opencode/skills/no-unauthorized-write/SKILL.md
[2026-08-11 08:10:46] 违规已记录: 第247次 - 检测到未授权文件修改: /workspace/.opencode/skills/no-unauthorized-write/SKILL.md
[2026-08-11 08:10:46] 检测到未授权写入: /workspace/.opencode/skills/no-unauthorized-write/SKILL.md
[2026-08-11 08:10:46] 违规已记录: 第248次 - 检测到未授权文件修改: /workspace/.opencode/skills/no-unauthorized-write/SKILL.md
[2026-08-11 08:10:46] 检测到未授权写入: /workspace/.opencode/skills/no-unauthorized-write/SKILL.md
[2026-08-11 08:10:46] 违规已记录: 第249次 - 检测到未授权文件修改: /workspace/.opencode/skills/no-unauthorized-write/SKILL.md
[2026-08-11 08:10:46] 检测到未授权写入: /workspace/.opencode/skills/no-unauthorized-write/SKILL.md
[2026-08-11 08:10:46] 违规已记录: 第250次 - 检测到未授权文件修改: /workspace/.opencode/skills/no-unauthorized-write/SKILL.md
[2026-08-11 08:10:47] 检测到未授权写入: /workspace/.opencode/skills/no-unauthorized-write/SKILL.md
[2026-08-11 08:10:47] 违规已记录: 第251次 - 检测到未授权文件修改: /workspace/.opencode/skills/no-unauthorized-write/SKILL.md
[2026-08-11 08:10:47] 检测到未授权写入: /workspace/.opencode/skills/no-unauthorized-write/SKILL.md
[2026-08-11 08:10:47] 违规已记录: 第252次 - 检测到未授权文件修改: /workspace/.opencode/skills/no-unauthorized-write/SKILL.md
[2026-08-11 08:10:47] 检测到未授权写入: /workspace/.opencode/skills/no-unauthorized-write/SKILL.md
[2026-08-11 08:10:47] 违规已记录: 第253次 - 检测到未授权文件修改: /workspace/.opencode/skills/no-unauthorized-write/SKILL.md
[2026-08-11 08:10:47] 检测到未授权写入: /workspace/.opencode/skills/no-unauthorized-write/SKILL.md
[2026-08-11 08:10:47] 违规已记录: 第254次 - 检测到未授权文件修改: /workspace/.opencode/skills/no-unauthorized-write/SKILL.md
[2026-08-11 08:10:47] 检测到未授权写入: /workspace/.opencode/skills/no-unauthorized-write/SKILL.md
[2026-08-11 08:10:47] 违规已记录: 第255次 - 检测到未授权文件修改: /workspace/.opencode/skills/no-unauthorized-write/SKILL.md
[2026-08-11 08:10:47] 检测到未授权写入: /workspace/.opencode/skills/no-unauthorized-write/SKILL.md
[2026-08-11 08:10:47] 违规已记录: 第256次 - 检测到未授权文件修改: /workspace/.opencode/skills/no-unauthorized-write/SKILL.md
[2026-08-11 08:10:47] 检测到未授权写入: /workspace/.opencode/skills/no-unauthorized-write/SKILL.md
[2026-08-11 08:10:47] 违规已记录: 第257次 - 检测到未授权文件修改: /workspace/.opencode/skills/no-unauthorized-write/SKILL.md
[2026-08-11 08:10:47] 检测到未授权写入: /workspace/.opencode/skills/no-unauthorized-write/SKILL.md
[2026-08-11 08:10:47] 违规已记录: 第258次 - 检测到未授权文件修改: /workspace/.opencode/skills/no-unauthorized-write/SKILL.md
[2026-08-11 08:10:47] 检测到未授权写入: /workspace/.opencode/skills/no-unauthorized-write/SKILL.md
[2026-08-11 08:10:47] 违规已记录: 第259次 - 检测到未授权文件修改: /workspace/.opencode/skills/no-unauthorized-write/SKILL.md
[2026-08-11 08:10:48] 检测到未授权写入: /workspace/.opencode/skills/no-unauthorized-write/SKILL.md
[2026-08-11 08:10:48] 违规已记录: 第260次 - 检测到未授权文件修改: /workspace/.opencode/skills/no-unauthorized-write/SKILL.md
[2026-08-11 08:10:48] 检测到未授权写入: /workspace/.opencode/skills/no-unauthorized-write/SKILL.md
[2026-08-11 08:10:48] 违规已记录: 第261次 - 检测到未授权文件修改: /workspace/.opencode/skills/no-unauthorized-write/SKILL.md
[2026-08-11 08:10:48] 检测到未授权写入: /workspace/.opencode/skills/no-unauthorized-write/SKILL.md
[2026-08-11 08:10:48] 违规已记录: 第262次 - 检测到未授权文件修改: /workspace/.opencode/skills/no-unauthorized-write/SKILL.md
[2026-08-11 08:10:48] 检测到未授权写入: /workspace/.opencode/skills/no-unauthorized-write/SKILL.md
[2026-08-11 08:10:48] 违规已记录: 第263次 - 检测到未授权文件修改: /workspace/.opencode/skills/no-unauthorized-write/SKILL.md
[2026-08-11 08:10:48] 检测到未授权写入: /workspace/.opencode/skills/no-unauthorized-write/SKILL.md
[2026-08-11 08:10:48] 违规已记录: 第264次 - 检测到未授权文件修改: /workspace/.opencode/skills/no-unauthorized-write/SKILL.md
[2026-08-11 08:10:48] 检测到未授权写入: /workspace/.opencode/skills/no-unauthorized-write/SKILL.md
[2026-08-11 08:10:48] 违规已记录: 第265次 - 检测到未授权文件修改: /workspace/.opencode/skills/no-unauthorized-write/SKILL.md
[2026-08-11 08:10:48] 检测到未授权写入: /workspace/.opencode/skills/no-unauthorized-write/SKILL.md
[2026-08-11 08:10:48] 违规已记录: 第266次 - 检测到未授权文件修改: /workspace/.opencode/skills/no-unauthorized-write/SKILL.md
[2026-08-11 08:10:48] 检测到未授权写入: /workspace/.opencode/skills/no-unauthorized-write/SKILL.md
[2026-08-11 08:10:48] 违规已记录: 第267次 - 检测到未授权文件修改: /workspace/.opencode/skills/no-unauthorized-write/SKILL.md
[2026-08-11 08:10:48] 检测到未授权写入: /workspace/.opencode/skills/no-unauthorized-write/SKILL.md
[2026-08-11 08:10:48] 违规已记录: 第268次 - 检测到未授权文件修改: /workspace/.opencode/skills/no-unauthorized-write/SKILL.md
[2026-08-11 08:10:48] 检测到未授权写入: /workspace/.opencode/skills/no-unauthorized-write/SKILL.md
[2026-08-11 08:10:48] 违规已记录: 第269次 - 检测到未授权文件修改: /workspace/.opencode/skills/no-unauthorized-write/SKILL.md
[2026-08-11 08:10:49] 检测到未授权写入: /workspace/.opencode/skills/no-unauthorized-write/SKILL.md
[2026-08-11 08:10:49] 违规已记录: 第270次 - 检测到未授权文件修改: /workspace/.opencode/skills/no-unauthorized-write/SKILL.md
[2026-08-11 08:10:49] 检测到未授权写入: /workspace/.opencode/skills/no-unauthorized-write/SKILL.md
[2026-08-11 08:10:49] 违规已记录: 第271次 - 检测到未授权文件修改: /workspace/.opencode/skills/no-unauthorized-write/SKILL.md
[2026-08-11 08:10:49] 检测到未授权写入: /workspace/.opencode/skills/no-unauthorized-write/SKILL.md
[2026-08-11 08:10:49] 违规已记录: 第272次 - 检测到未授权文件修改: /workspace/.opencode/skills/no-unauthorized-write/SKILL.md
[2026-08-11 08:10:49] 检测到未授权写入: /workspace/.opencode/skills/no-unauthorized-write/SKILL.md
[2026-08-11 08:10:49] 违规已记录: 第273次 - 检测到未授权文件修改: /workspace/.opencode/skills/no-unauthorized-write/SKILL.md
[2026-08-11 08:10:49] 检测到未授权写入: /workspace/.opencode/skills/no-unauthorized-write/SKILL.md
[2026-08-11 08:10:49] 违规已记录: 第274次 - 检测到未授权文件修改: /workspace/.opencode/skills/no-unauthorized-write/SKILL.md
[2026-08-11 08:10:49] 检测到未授权写入: /workspace/.opencode/skills/no-unauthorized-write/SKILL.md
[2026-08-11 08:10:49] 违规已记录: 第275次 - 检测到未授权文件修改: /workspace/.opencode/skills/no-unauthorized-write/SKILL.md
[2026-08-11 08:10:49] 检测到未授权写入: /workspace/.opencode/skills/no-unauthorized-write/SKILL.md
[2026-08-11 08:10:49] 违规已记录: 第276次 - 检测到未授权文件修改: /workspace/.opencode/skills/no-unauthorized-write/SKILL.md
[2026-08-11 08:10:49] 检测到未授权写入: /workspace/.opencode/skills/no-unauthorized-write/SKILL.md
[2026-08-11 08:10:49] 违规已记录: 第277次 - 检测到未授权文件修改: /workspace/.opencode/skills/no-unauthorized-write/SKILL.md
[2026-08-11 08:10:49] 检测到未授权写入: /workspace/.opencode/skills/no-unauthorized-write/SKILL.md
[2026-08-11 08:10:49] 违规已记录: 第278次 - 检测到未授权文件修改: /workspace/.opencode/skills/no-unauthorized-write/SKILL.md
[2026-08-11 08:10:49] 检测到未授权写入: /workspace/.opencode/skills/no-unauthorized-write/SKILL.md
[2026-08-11 08:10:49] 违规已记录: 第279次 - 检测到未授权文件修改: /workspace/.opencode/skills/no-unauthorized-write/SKILL.md
[2026-08-11 08:10:50] 检测到未授权写入: /workspace/.opencode/skills/no-unauthorized-write/SKILL.md
[2026-08-11 08:10:50] 违规已记录: 第280次 - 检测到未授权文件修改: /workspace/.opencode/skills/no-unauthorized-write/SKILL.md
[2026-08-11 08:10:50] 检测到未授权写入: /workspace/.opencode/skills/no-unauthorized-write/SKILL.md
[2026-08-11 08:10:50] 违规已记录: 第281次 - 检测到未授权文件修改: /workspace/.opencode/skills/no-unauthorized-write/SKILL.md
[2026-08-11 08:10:50] 检测到未授权写入: /workspace/.opencode/skills/no-unauthorized-write/SKILL.md
[2026-08-11 08:10:50] 违规已记录: 第282次 - 检测到未授权文件修改: /workspace/.opencode/skills/no-unauthorized-write/SKILL.md
[2026-08-11 08:10:50] 检测到未授权写入: /workspace/.opencode/skills/no-unauthorized-write/SKILL.md
[2026-08-11 08:10:50] 违规已记录: 第283次 - 检测到未授权文件修改: /workspace/.opencode/skills/no-unauthorized-write/SKILL.md
[2026-08-11 08:10:50] 检测到未授权写入: /workspace/.opencode/skills/no-unauthorized-write/SKILL.md
[2026-08-11 08:10:50] 违规已记录: 第284次 - 检测到未授权文件修改: /workspace/.opencode/skills/no-unauthorized-write/SKILL.md
[2026-08-11 08:10:50] 检测到未授权写入: /workspace/.opencode/skills/no-unauthorized-write/SKILL.md
[2026-08-11 08:10:50] 违规已记录: 第285次 - 检测到未授权文件修改: /workspace/.opencode/skills/no-unauthorized-write/SKILL.md
[2026-08-11 08:10:50] 检测到未授权写入: /workspace/.opencode/skills/no-unauthorized-write/SKILL.md
[2026-08-11 08:10:50] 违规已记录: 第286次 - 检测到未授权文件修改: /workspace/.opencode/skills/no-unauthorized-write/SKILL.md
[2026-08-11 08:10:50] 检测到未授权写入: /workspace/.opencode/skills/no-unauthorized-write/SKILL.md
[2026-08-11 08:10:50] 违规已记录: 第287次 - 检测到未授权文件修改: /workspace/.opencode/skills/no-unauthorized-write/SKILL.md
[2026-08-11 08:10:50] 检测到未授权写入: /workspace/.opencode/skills/no-unauthorized-write/SKILL.md
[2026-08-11 08:10:50] 违规已记录: 第288次 - 检测到未授权文件修改: /workspace/.opencode/skills/no-unauthorized-write/SKILL.md
[2026-08-11 08:10:51] 检测到未授权写入: /workspace/.opencode/skills/no-unauthorized-write/SKILL.md
[2026-08-11 08:10:51] 违规已记录: 第289次 - 检测到未授权文件修改: /workspace/.opencode/skills/no-unauthorized-write/SKILL.md
[2026-08-11 08:10:51] 检测到未授权写入: /workspace/.opencode/skills/no-unauthorized-write/SKILL.md
[2026-08-11 08:10:51] 违规已记录: 第290次 - 检测到未授权文件修改: /workspace/.opencode/skills/no-unauthorized-write/SKILL.md
[2026-08-11 08:10:51] 检测到未授权写入: /workspace/.opencode/skills/no-unauthorized-write/SKILL.md
[2026-08-11 08:10:51] 违规已记录: 第291次 - 检测到未授权文件修改: /workspace/.opencode/skills/no-unauthorized-write/SKILL.md
[2026-08-11 08:10:51] 检测到未授权写入: /workspace/.opencode/skills/no-unauthorized-write/SKILL.md
[2026-08-11 08:10:51] 违规已记录: 第292次 - 检测到未授权文件修改: /workspace/.opencode/skills/no-unauthorized-write/SKILL.md
[2026-08-11 08:10:51] 检测到未授权写入: /workspace/.opencode/skills/no-unauthorized-write/SKILL.md
[2026-08-11 08:10:51] 违规已记录: 第293次 - 检测到未授权文件修改: /workspace/.opencode/skills/no-unauthorized-write/SKILL.md
[2026-08-11 08:10:51] 检测到未授权写入: /workspace/.opencode/skills/no-unauthorized-write/SKILL.md
[2026-08-11 08:10:51] 违规已记录: 第294次 - 检测到未授权文件修改: /workspace/.opencode/skills/no-unauthorized-write/SKILL.md
[2026-08-11 08:10:51] 检测到未授权写入: /workspace/.opencode/skills/no-unauthorized-write/SKILL.md
[2026-08-11 08:10:51] 违规已记录: 第295次 - 检测到未授权文件修改: /workspace/.opencode/skills/no-unauthorized-write/SKILL.md
[2026-08-11 08:10:51] 检测到未授权写入: /workspace/.opencode/skills/no-unauthorized-write/SKILL.md
[2026-08-11 08:10:51] 违规已记录: 第296次 - 检测到未授权文件修改: /workspace/.opencode/skills/no-unauthorized-write/SKILL.md
[2026-08-11 08:10:51] 检测到未授权写入: /workspace/.opencode/skills/no-unauthorized-write/SKILL.md
[2026-08-11 08:10:52] 违规已记录: 第297次 - 检测到未授权文件修改: /workspace/.opencode/skills/no-unauthorized-write/SKILL.md
[2026-08-11 08:10:52] 检测到未授权写入: /workspace/.opencode/skills/no-unauthorized-write/SKILL.md
[2026-08-11 08:10:52] 违规已记录: 第298次 - 检测到未授权文件修改: /workspace/.opencode/skills/no-unauthorized-write/SKILL.md
[2026-08-11 08:10:52] 检测到未授权写入: /workspace/.opencode/skills/no-unauthorized-write/SKILL.md
[2026-08-11 08:10:52] 违规已记录: 第299次 - 检测到未授权文件修改: /workspace/.opencode/skills/no-unauthorized-write/SKILL.md
[2026-08-11 08:10:52] 检测到未授权写入: /workspace/.opencode/skills/no-unauthorized-write/SKILL.md
[2026-08-11 08:10:52] 违规已记录: 第300次 - 检测到未授权文件修改: /workspace/.opencode/skills/no-unauthorized-write/SKILL.md
[2026-08-11 08:10:52] 检测到未授权写入: /workspace/.opencode/skills/no-unauthorized-write/SKILL.md
[2026-08-11 08:10:52] 违规已记录: 第301次 - 检测到未授权文件修改: /workspace/.opencode/skills/no-unauthorized-write/SKILL.md
[2026-08-11 08:10:52] 检测到未授权写入: /workspace/.opencode/skills/no-unauthorized-write/SKILL.md
[2026-08-11 08:10:52] 违规已记录: 第302次 - 检测到未授权文件修改: /workspace/.opencode/skills/no-unauthorized-write/SKILL.md
[2026-08-11 08:10:52] 检测到未授权写入: /workspace/.opencode/skills/no-unauthorized-write/SKILL.md
[2026-08-11 08:10:52] 违规已记录: 第303次 - 检测到未授权文件修改: /workspace/.opencode/skills/no-unauthorized-write/SKILL.md
[2026-08-11 08:10:52] 检测到未授权写入: /workspace/.opencode/skills/no-unauthorized-write/SKILL.md
[2026-08-11 08:10:52] 违规已记录: 第304次 - 检测到未授权文件修改: /workspace/.opencode/skills/no-unauthorized-write/SKILL.md
[2026-08-11 08:10:52] 检测到未授权写入: /workspace/.opencode/skills/no-unauthorized-write/SKILL.md
[2026-08-11 08:10:52] 违规已记录: 第305次 - 检测到未授权文件修改: /workspace/.opencode/skills/no-unauthorized-write/SKILL.md
[2026-08-11 08:10:52] 检测到未授权写入: /workspace/.opencode/skills/no-unauthorized-write/SKILL.md
[2026-08-11 08:10:52] 违规已记录: 第306次 - 检测到未授权文件修改: /workspace/.opencode/skills/no-unauthorized-write/SKILL.md
[2026-08-11 08:10:52] 检测到未授权写入: /workspace/.opencode/skills/no-unauthorized-write/SKILL.md
[2026-08-11 08:10:52] 违规已记录: 第307次 - 检测到未授权文件修改: /workspace/.opencode/skills/no-unauthorized-write/SKILL.md
[2026-08-11 08:10:53] 检测到未授权写入: /workspace/.opencode/skills/no-unauthorized-write/SKILL.md
[2026-08-11 08:10:53] 违规已记录: 第308次 - 检测到未授权文件修改: /workspace/.opencode/skills/no-unauthorized-write/SKILL.md
[2026-08-11 08:10:53] 检测到未授权写入: /workspace/.opencode/skills/no-unauthorized-write/SKILL.md
[2026-08-11 08:10:53] 违规已记录: 第309次 - 检测到未授权文件修改: /workspace/.opencode/skills/no-unauthorized-write/SKILL.md
[2026-08-11 08:10:53] 检测到未授权写入: /workspace/.opencode/skills/no-unauthorized-write/SKILL.md
[2026-08-11 08:10:53] 违规已记录: 第310次 - 检测到未授权文件修改: /workspace/.opencode/skills/no-unauthorized-write/SKILL.md
[2026-08-11 08:10:53] 检测到未授权写入: /workspace/.opencode/skills/no-unauthorized-write/SKILL.md
[2026-08-11 08:10:53] 违规已记录: 第311次 - 检测到未授权文件修改: /workspace/.opencode/skills/no-unauthorized-write/SKILL.md
[2026-08-11 08:10:53] 检测到未授权写入: /workspace/.opencode/skills/no-unauthorized-write/SKILL.md
[2026-08-11 08:10:53] 违规已记录: 第312次 - 检测到未授权文件修改: /workspace/.opencode/skills/no-unauthorized-write/SKILL.md
[2026-08-11 08:10:53] 检测到未授权写入: /workspace/.opencode/skills/no-unauthorized-write/SKILL.md
[2026-08-11 08:10:53] 违规已记录: 第313次 - 检测到未授权文件修改: /workspace/.opencode/skills/no-unauthorized-write/SKILL.md
[2026-08-11 08:10:53] 检测到未授权写入: /workspace/.opencode/skills/no-unauthorized-write/SKILL.md
[2026-08-11 08:10:53] 违规已记录: 第314次 - 检测到未授权文件修改: /workspace/.opencode/skills/no-unauthorized-write/SKILL.md
[2026-08-11 08:10:53] 检测到未授权写入: /workspace/.opencode/skills/no-unauthorized-write/SKILL.md
[2026-08-11 08:10:53] 违规已记录: 第315次 - 检测到未授权文件修改: /workspace/.opencode/skills/no-unauthorized-write/SKILL.md
[2026-08-11 08:10:53] 检测到未授权写入: /workspace/.opencode/skills/no-unauthorized-write/SKILL.md
[2026-08-11 08:10:53] 违规已记录: 第316次 - 检测到未授权文件修改: /workspace/.opencode/skills/no-unauthorized-write/SKILL.md
[2026-08-11 08:10:54] 检测到未授权写入: /workspace/.opencode/skills/no-unauthorized-write/SKILL.md
[2026-08-11 08:10:54] 违规已记录: 第317次 - 检测到未授权文件修改: /workspace/.opencode/skills/no-unauthorized-write/SKILL.md
[2026-08-11 08:10:54] 检测到未授权写入: /workspace/.opencode/skills/no-unauthorized-write/SKILL.md
[2026-08-11 08:10:54] 违规已记录: 第318次 - 检测到未授权文件修改: /workspace/.opencode/skills/no-unauthorized-write/SKILL.md
[2026-08-11 08:10:54] 检测到未授权写入: /workspace/.opencode/skills/no-unauthorized-write/SKILL.md
[2026-08-11 08:10:54] 违规已记录: 第319次 - 检测到未授权文件修改: /workspace/.opencode/skills/no-unauthorized-write/SKILL.md
[2026-08-11 08:10:54] 检测到未授权写入: /workspace/.opencode/skills/no-unauthorized-write/SKILL.md
[2026-08-11 08:10:54] 违规已记录: 第320次 - 检测到未授权文件修改: /workspace/.opencode/skills/no-unauthorized-write/SKILL.md
[2026-08-11 08:10:54] 检测到未授权写入: /workspace/.opencode/skills/no-unauthorized-write/SKILL.md
[2026-08-11 08:10:54] 违规已记录: 第321次 - 检测到未授权文件修改: /workspace/.opencode/skills/no-unauthorized-write/SKILL.md
[2026-08-11 08:10:54] 检测到未授权写入: /workspace/.opencode/skills/no-unauthorized-write/SKILL.md
[2026-08-11 08:10:54] 违规已记录: 第322次 - 检测到未授权文件修改: /workspace/.opencode/skills/no-unauthorized-write/SKILL.md
[2026-08-11 08:10:54] 检测到未授权写入: /workspace/.opencode/skills/no-unauthorized-write/SKILL.md
[2026-08-11 08:10:54] 违规已记录: 第323次 - 检测到未授权文件修改: /workspace/.opencode/skills/no-unauthorized-write/SKILL.md
[2026-08-11 08:10:54] 检测到未授权写入: /workspace/.opencode/skills/no-unauthorized-write/SKILL.md
[2026-08-11 08:10:54] 违规已记录: 第324次 - 检测到未授权文件修改: /workspace/.opencode/skills/no-unauthorized-write/SKILL.md
[2026-08-11 08:10:54] 检测到未授权写入: /workspace/.opencode/skills/no-unauthorized-write/SKILL.md
[2026-08-11 08:10:54] 违规已记录: 第325次 - 检测到未授权文件修改: /workspace/.opencode/skills/no-unauthorized-write/SKILL.md
[2026-08-11 08:10:54] 检测到未授权写入: /workspace/.opencode/skills/no-unauthorized-write/SKILL.md
[2026-08-11 08:10:54] 违规已记录: 第326次 - 检测到未授权文件修改: /workspace/.opencode/skills/no-unauthorized-write/SKILL.md
[2026-08-11 08:10:55] 检测到未授权写入: /workspace/.opencode/skills/no-unauthorized-write/SKILL.md
[2026-08-11 08:10:55] 违规已记录: 第327次 - 检测到未授权文件修改: /workspace/.opencode/skills/no-unauthorized-write/SKILL.md
[2026-08-11 08:10:55] 检测到未授权写入: /workspace/.opencode/skills/no-unauthorized-write/SKILL.md
[2026-08-11 08:10:55] 违规已记录: 第328次 - 检测到未授权文件修改: /workspace/.opencode/skills/no-unauthorized-write/SKILL.md
[2026-08-11 08:10:55] 检测到未授权写入: /workspace/.opencode/skills/no-unauthorized-write/SKILL.md
[2026-08-11 08:10:55] 违规已记录: 第329次 - 检测到未授权文件修改: /workspace/.opencode/skills/no-unauthorized-write/SKILL.md
[2026-08-11 08:10:55] 检测到未授权写入: /workspace/.opencode/skills/no-unauthorized-write/SKILL.md
[2026-08-11 08:10:55] 违规已记录: 第330次 - 检测到未授权文件修改: /workspace/.opencode/skills/no-unauthorized-write/SKILL.md
[2026-08-11 08:10:55] 检测到未授权写入: /workspace/.opencode/skills/no-unauthorized-write/SKILL.md
[2026-08-11 08:10:55] 违规已记录: 第331次 - 检测到未授权文件修改: /workspace/.opencode/skills/no-unauthorized-write/SKILL.md
[2026-08-11 08:10:55] 检测到未授权写入: /workspace/.opencode/skills/no-unauthorized-write/SKILL.md
[2026-08-11 08:10:55] 违规已记录: 第332次 - 检测到未授权文件修改: /workspace/.opencode/skills/no-unauthorized-write/SKILL.md
[2026-08-11 08:10:55] 检测到未授权写入: /workspace/.opencode/skills/no-unauthorized-write/SKILL.md
[2026-08-11 08:10:55] 违规已记录: 第333次 - 检测到未授权文件修改: /workspace/.opencode/skills/no-unauthorized-write/SKILL.md
[2026-08-11 08:10:55] 检测到未授权写入: /workspace/.opencode/skills/no-unauthorized-write/SKILL.md
[2026-08-11 08:10:55] 违规已记录: 第334次 - 检测到未授权文件修改: /workspace/.opencode/skills/no-unauthorized-write/SKILL.md
[2026-08-11 08:10:55] 检测到未授权写入: /workspace/.opencode/skills/no-unauthorized-write/SKILL.md
[2026-08-11 08:10:55] 违规已记录: 第335次 - 检测到未授权文件修改: /workspace/.opencode/skills/no-unauthorized-write/SKILL.md
[2026-08-11 08:10:56] 检测到未授权写入: /workspace/.opencode/skills/no-unauthorized-write/SKILL.md
[2026-08-11 08:10:56] 违规已记录: 第336次 - 检测到未授权文件修改: /workspace/.opencode/skills/no-unauthorized-write/SKILL.md
[2026-08-11 08:10:56] 检测到未授权写入: /workspace/.opencode/skills/no-unauthorized-write/SKILL.md
[2026-08-11 08:10:56] 违规已记录: 第337次 - 检测到未授权文件修改: /workspace/.opencode/skills/no-unauthorized-write/SKILL.md
[2026-08-11 08:10:56] 检测到未授权写入: /workspace/.opencode/skills/no-unauthorized-write/SKILL.md
[2026-08-11 08:10:56] 违规已记录: 第338次 - 检测到未授权文件修改: /workspace/.opencode/skills/no-unauthorized-write/SKILL.md
[2026-08-11 08:10:56] 检测到未授权写入: /workspace/.opencode/skills/no-unauthorized-write/SKILL.md
[2026-08-11 08:10:56] 违规已记录: 第339次 - 检测到未授权文件修改: /workspace/.opencode/skills/no-unauthorized-write/SKILL.md
[2026-08-11 08:10:56] 检测到未授权写入: /workspace/.opencode/skills/no-unauthorized-write/SKILL.md
[2026-08-11 08:10:56] 违规已记录: 第340次 - 检测到未授权文件修改: /workspace/.opencode/skills/no-unauthorized-write/SKILL.md
[2026-08-11 08:10:56] 检测到未授权写入: /workspace/.opencode/skills/no-unauthorized-write/SKILL.md
[2026-08-11 08:10:56] 违规已记录: 第341次 - 检测到未授权文件修改: /workspace/.opencode/skills/no-unauthorized-write/SKILL.md
[2026-08-11 08:10:56] 检测到未授权写入: /workspace/.opencode/skills/no-unauthorized-write/SKILL.md
[2026-08-11 08:10:56] 违规已记录: 第342次 - 检测到未授权文件修改: /workspace/.opencode/skills/no-unauthorized-write/SKILL.md
[2026-08-11 08:10:56] 检测到未授权写入: /workspace/.opencode/skills/no-unauthorized-write/SKILL.md
[2026-08-11 08:10:56] 违规已记录: 第343次 - 检测到未授权文件修改: /workspace/.opencode/skills/no-unauthorized-write/SKILL.md
[2026-08-11 08:10:56] 检测到未授权写入: /workspace/.opencode/skills/no-unauthorized-write/SKILL.md
[2026-08-11 08:10:56] 违规已记录: 第344次 - 检测到未授权文件修改: /workspace/.opencode/skills/no-unauthorized-write/SKILL.md
[2026-08-11 08:10:56] 检测到未授权写入: /workspace/.opencode/skills/no-unauthorized-write/SKILL.md
[2026-08-11 08:10:56] 违规已记录: 第345次 - 检测到未授权文件修改: /workspace/.opencode/skills/no-unauthorized-write/SKILL.md
[2026-08-11 08:10:57] 检测到未授权写入: /workspace/.opencode/skills/no-unauthorized-write/SKILL.md
[2026-08-11 08:10:57] 违规已记录: 第346次 - 检测到未授权文件修改: /workspace/.opencode/skills/no-unauthorized-write/SKILL.md
[2026-08-11 08:10:57] 检测到未授权写入: /workspace/.opencode/skills/no-unauthorized-write/SKILL.md
[2026-08-11 08:10:57] 违规已记录: 第347次 - 检测到未授权文件修改: /workspace/.opencode/skills/no-unauthorized-write/SKILL.md
[2026-08-11 08:10:57] 检测到未授权写入: /workspace/.opencode/skills/no-unauthorized-write/SKILL.md
[2026-08-11 08:10:57] 违规已记录: 第348次 - 检测到未授权文件修改: /workspace/.opencode/skills/no-unauthorized-write/SKILL.md
[2026-08-11 08:10:57] 检测到未授权写入: /workspace/.opencode/skills/no-unauthorized-write/SKILL.md
[2026-08-11 08:10:57] 违规已记录: 第349次 - 检测到未授权文件修改: /workspace/.opencode/skills/no-unauthorized-write/SKILL.md
[2026-08-11 08:10:57] 检测到未授权写入: /workspace/.opencode/skills/no-unauthorized-write/SKILL.md
[2026-08-11 08:10:57] 违规已记录: 第350次 - 检测到未授权文件修改: /workspace/.opencode/skills/no-unauthorized-write/SKILL.md
[2026-08-11 08:10:57] 检测到未授权写入: /workspace/.opencode/skills/no-unauthorized-write/SKILL.md
[2026-08-11 08:10:57] 违规已记录: 第351次 - 检测到未授权文件修改: /workspace/.opencode/skills/no-unauthorized-write/SKILL.md
[2026-08-11 08:10:57] 检测到未授权写入: /workspace/.opencode/skills/no-unauthorized-write/SKILL.md
[2026-08-11 08:10:57] 违规已记录: 第352次 - 检测到未授权文件修改: /workspace/.opencode/skills/no-unauthorized-write/SKILL.md
[2026-08-11 08:10:57] 检测到未授权写入: /workspace/.opencode/skills/no-unauthorized-write/SKILL.md
[2026-08-11 08:10:57] 违规已记录: 第353次 - 检测到未授权文件修改: /workspace/.opencode/skills/no-unauthorized-write/SKILL.md
[2026-08-11 08:10:57] 检测到未授权写入: /workspace/.opencode/skills/no-unauthorized-write/SKILL.md
[2026-08-11 08:10:57] 违规已记录: 第354次 - 检测到未授权文件修改: /workspace/.opencode/skills/no-unauthorized-write/SKILL.md
[2026-08-11 08:10:58] 检测到未授权写入: /workspace/.opencode/skills/no-unauthorized-write/SKILL.md
[2026-08-11 08:10:58] 违规已记录: 第355次 - 检测到未授权文件修改: /workspace/.opencode/skills/no-unauthorized-write/SKILL.md
[2026-08-11 08:10:58] 检测到未授权写入: /workspace/.opencode/skills/no-unauthorized-write/SKILL.md
[2026-08-11 08:10:58] 违规已记录: 第356次 - 检测到未授权文件修改: /workspace/.opencode/skills/no-unauthorized-write/SKILL.md
[2026-08-11 08:10:58] 检测到未授权写入: /workspace/.opencode/skills/no-unauthorized-write/SKILL.md
[2026-08-11 08:10:58] 违规已记录: 第357次 - 检测到未授权文件修改: /workspace/.opencode/skills/no-unauthorized-write/SKILL.md
[2026-08-11 08:10:58] 检测到未授权写入: /workspace/.opencode/skills/no-unauthorized-write/SKILL.md
[2026-08-11 08:10:58] 违规已记录: 第358次 - 检测到未授权文件修改: /workspace/.opencode/skills/no-unauthorized-write/SKILL.md
[2026-08-11 08:10:58] 检测到未授权写入: /workspace/.opencode/skills/no-unauthorized-write/SKILL.md
[2026-08-11 08:10:58] 违规已记录: 第359次 - 检测到未授权文件修改: /workspace/.opencode/skills/no-unauthorized-write/SKILL.md
[2026-08-11 08:10:58] 检测到未授权写入: /workspace/.opencode/skills/no-unauthorized-write/SKILL.md
[2026-08-11 08:10:58] 违规已记录: 第360次 - 检测到未授权文件修改: /workspace/.opencode/skills/no-unauthorized-write/SKILL.md
[2026-08-11 08:10:58] 检测到未授权写入: /workspace/.opencode/skills/no-unauthorized-write/SKILL.md
[2026-08-11 08:10:58] 违规已记录: 第361次 - 检测到未授权文件修改: /workspace/.opencode/skills/no-unauthorized-write/SKILL.md
[2026-08-11 08:10:58] 检测到未授权写入: /workspace/.opencode/skills/no-unauthorized-write/SKILL.md
[2026-08-11 08:10:58] 违规已记录: 第362次 - 检测到未授权文件修改: /workspace/.opencode/skills/no-unauthorized-write/SKILL.md
[2026-08-11 08:10:58] 检测到未授权写入: /workspace/.opencode/skills/no-unauthorized-write/SKILL.md
[2026-08-11 08:10:58] 违规已记录: 第363次 - 检测到未授权文件修改: /workspace/.opencode/skills/no-unauthorized-write/SKILL.md
[2026-08-11 08:10:58] 检测到未授权写入: /workspace/.opencode/skills/no-unauthorized-write/SKILL.md
[2026-08-11 08:10:58] 违规已记录: 第364次 - 检测到未授权文件修改: /workspace/.opencode/skills/no-unauthorized-write/SKILL.md
[2026-08-11 08:10:59] 检测到未授权写入: /workspace/.opencode/skills/no-unauthorized-write/SKILL.md
[2026-08-11 08:10:59] 违规已记录: 第365次 - 检测到未授权文件修改: /workspace/.opencode/skills/no-unauthorized-write/SKILL.md
[2026-08-11 08:10:59] 检测到未授权写入: /workspace/.opencode/skills/no-unauthorized-write/SKILL.md
[2026-08-11 08:10:59] 违规已记录: 第366次 - 检测到未授权文件修改: /workspace/.opencode/skills/no-unauthorized-write/SKILL.md
[2026-08-11 08:10:59] 检测到未授权写入: /workspace/.opencode/skills/no-unauthorized-write/SKILL.md
[2026-08-11 08:10:59] 违规已记录: 第367次 - 检测到未授权文件修改: /workspace/.opencode/skills/no-unauthorized-write/SKILL.md
[2026-08-11 08:10:59] 检测到未授权写入: /workspace/.opencode/skills/no-unauthorized-write/SKILL.md
[2026-08-11 08:10:59] 违规已记录: 第368次 - 检测到未授权文件修改: /workspace/.opencode/skills/no-unauthorized-write/SKILL.md
[2026-08-11 08:10:59] 检测到未授权写入: /workspace/.opencode/skills/no-unauthorized-write/SKILL.md
[2026-08-11 08:10:59] 违规已记录: 第369次 - 检测到未授权文件修改: /workspace/.opencode/skills/no-unauthorized-write/SKILL.md
[2026-08-11 08:10:59] 检测到未授权写入: /workspace/.opencode/skills/no-unauthorized-write/SKILL.md
[2026-08-11 08:10:59] 违规已记录: 第370次 - 检测到未授权文件修改: /workspace/.opencode/skills/no-unauthorized-write/SKILL.md
[2026-08-11 08:10:59] 检测到未授权写入: /workspace/.opencode/skills/no-unauthorized-write/SKILL.md
[2026-08-11 08:10:59] 违规已记录: 第371次 - 检测到未授权文件修改: /workspace/.opencode/skills/no-unauthorized-write/SKILL.md
[2026-08-11 08:10:59] 检测到未授权写入: /workspace/.opencode/skills/no-unauthorized-write/SKILL.md
[2026-08-11 08:10:59] 违规已记录: 第372次 - 检测到未授权文件修改: /workspace/.opencode/skills/no-unauthorized-write/SKILL.md
[2026-08-11 08:10:59] 检测到未授权写入: /workspace/.opencode/skills/no-unauthorized-write/SKILL.md
[2026-08-11 08:10:59] 违规已记录: 第373次 - 检测到未授权文件修改: /workspace/.opencode/skills/no-unauthorized-write/SKILL.md
[2026-08-11 08:11:00] 检测到未授权写入: /workspace/.opencode/skills/no-unauthorized-write/SKILL.md
[2026-08-11 08:11:00] 违规已记录: 第374次 - 检测到未授权文件修改: /workspace/.opencode/skills/no-unauthorized-write/SKILL.md
[2026-08-11 08:11:00] 检测到未授权写入: /workspace/.opencode/skills/no-unauthorized-write/SKILL.md
[2026-08-11 08:11:00] 违规已记录: 第375次 - 检测到未授权文件修改: /workspace/.opencode/skills/no-unauthorized-write/SKILL.md
[2026-08-11 08:11:00] 检测到未授权写入: /workspace/.opencode/skills/no-unauthorized-write/SKILL.md
[2026-08-11 08:11:00] 违规已记录: 第376次 - 检测到未授权文件修改: /workspace/.opencode/skills/no-unauthorized-write/SKILL.md
[2026-08-11 08:11:00] 检测到未授权写入: /workspace/.opencode/skills/no-unauthorized-write/SKILL.md
[2026-08-11 08:11:00] 违规已记录: 第377次 - 检测到未授权文件修改: /workspace/.opencode/skills/no-unauthorized-write/SKILL.md
[2026-08-11 08:11:00] 检测到未授权写入: /workspace/.opencode/skills/no-unauthorized-write/SKILL.md
[2026-08-11 08:11:00] 违规已记录: 第378次 - 检测到未授权文件修改: /workspace/.opencode/skills/no-unauthorized-write/SKILL.md
[2026-08-11 08:11:00] 检测到未授权写入: /workspace/.opencode/skills/no-unauthorized-write/SKILL.md
[2026-08-11 08:11:00] 违规已记录: 第379次 - 检测到未授权文件修改: /workspace/.opencode/skills/no-unauthorized-write/SKILL.md
[2026-08-11 08:11:00] 检测到未授权写入: /workspace/.opencode/skills/no-unauthorized-write/SKILL.md
[2026-08-11 08:11:00] 违规已记录: 第380次 - 检测到未授权文件修改: /workspace/.opencode/skills/no-unauthorized-write/SKILL.md
[2026-08-11 08:11:00] 检测到未授权写入: /workspace/.opencode/skills/no-unauthorized-write/SKILL.md
[2026-08-11 08:11:00] 违规已记录: 第381次 - 检测到未授权文件修改: /workspace/.opencode/skills/no-unauthorized-write/SKILL.md
[2026-08-11 08:11:00] 检测到未授权写入: /workspace/.opencode/skills/no-unauthorized-write/SKILL.md
[2026-08-11 08:11:00] 违规已记录: 第382次 - 检测到未授权文件修改: /workspace/.opencode/skills/no-unauthorized-write/SKILL.md
[2026-08-11 08:11:00] 检测到未授权写入: /workspace/.opencode/skills/no-unauthorized-write/SKILL.md
[2026-08-11 08:11:00] 违规已记录: 第383次 - 检测到未授权文件修改: /workspace/.opencode/skills/no-unauthorized-write/SKILL.md
[2026-08-11 08:11:01] 检测到未授权写入: /workspace/.opencode/skills/no-unauthorized-write/SKILL.md
[2026-08-11 08:11:01] 违规已记录: 第384次 - 检测到未授权文件修改: /workspace/.opencode/skills/no-unauthorized-write/SKILL.md
[2026-08-11 08:11:01] 检测到未授权写入: /workspace/.opencode/skills/no-unauthorized-write/SKILL.md
[2026-08-11 08:11:01] 违规已记录: 第385次 - 检测到未授权文件修改: /workspace/.opencode/skills/no-unauthorized-write/SKILL.md
[2026-08-11 08:11:01] 检测到未授权写入: /workspace/.opencode/skills/no-unauthorized-write/SKILL.md
[2026-08-11 08:11:01] 违规已记录: 第386次 - 检测到未授权文件修改: /workspace/.opencode/skills/no-unauthorized-write/SKILL.md
[2026-08-11 08:11:01] 检测到未授权写入: /workspace/.opencode/skills/no-unauthorized-write/SKILL.md
[2026-08-11 08:11:01] 违规已记录: 第387次 - 检测到未授权文件修改: /workspace/.opencode/skills/no-unauthorized-write/SKILL.md
[2026-08-11 08:11:01] 检测到未授权写入: /workspace/.opencode/skills/no-unauthorized-write/SKILL.md
[2026-08-11 08:11:01] 违规已记录: 第388次 - 检测到未授权文件修改: /workspace/.opencode/skills/no-unauthorized-write/SKILL.md
[2026-08-11 08:11:01] 检测到未授权写入: /workspace/.opencode/skills/no-unauthorized-write/SKILL.md
[2026-08-11 08:11:01] 违规已记录: 第389次 - 检测到未授权文件修改: /workspace/.opencode/skills/no-unauthorized-write/SKILL.md
[2026-08-11 08:11:01] 检测到未授权写入: /workspace/.opencode/skills/no-unauthorized-write/SKILL.md
[2026-08-11 08:11:01] 违规已记录: 第390次 - 检测到未授权文件修改: /workspace/.opencode/skills/no-unauthorized-write/SKILL.md
[2026-08-11 08:11:01] 检测到未授权写入: /workspace/.opencode/skills/no-unauthorized-write/SKILL.md
[2026-08-11 08:11:01] 违规已记录: 第391次 - 检测到未授权文件修改: /workspace/.opencode/skills/no-unauthorized-write/SKILL.md
[2026-08-11 08:11:01] 检测到未授权写入: /workspace/.opencode/skills/no-unauthorized-write/SKILL.md
[2026-08-11 08:11:01] 违规已记录: 第392次 - 检测到未授权文件修改: /workspace/.opencode/skills/no-unauthorized-write/SKILL.md
[2026-08-11 08:11:02] 检测到未授权写入: /workspace/.opencode/skills/no-unauthorized-write/SKILL.md
[2026-08-11 08:11:02] 违规已记录: 第393次 - 检测到未授权文件修改: /workspace/.opencode/skills/no-unauthorized-write/SKILL.md
[2026-08-11 08:11:02] 检测到未授权写入: /workspace/.opencode/skills/no-unauthorized-write/SKILL.md
[2026-08-11 08:11:02] 违规已记录: 第394次 - 检测到未授权文件修改: /workspace/.opencode/skills/no-unauthorized-write/SKILL.md
[2026-08-11 08:11:02] 检测到未授权写入: /workspace/.opencode/skills/no-unauthorized-write/SKILL.md
[2026-08-11 08:11:02] 违规已记录: 第395次 - 检测到未授权文件修改: /workspace/.opencode/skills/no-unauthorized-write/SKILL.md
[2026-08-11 08:11:02] 检测到未授权写入: /workspace/.opencode/skills/no-unauthorized-write/SKILL.md
[2026-08-11 08:11:02] 违规已记录: 第396次 - 检测到未授权文件修改: /workspace/.opencode/skills/no-unauthorized-write/SKILL.md
[2026-08-11 08:11:02] 检测到未授权写入: /workspace/.opencode/skills/no-unauthorized-write/SKILL.md
[2026-08-11 08:11:02] 违规已记录: 第397次 - 检测到未授权文件修改: /workspace/.opencode/skills/no-unauthorized-write/SKILL.md
[2026-08-11 08:11:02] 检测到未授权写入: /workspace/.opencode/skills/no-unauthorized-write/SKILL.md
[2026-08-11 08:11:02] 违规已记录: 第398次 - 检测到未授权文件修改: /workspace/.opencode/skills/no-unauthorized-write/SKILL.md
[2026-08-11 08:11:02] 检测到未授权写入: /workspace/.opencode/skills/no-unauthorized-write/SKILL.md
[2026-08-11 08:11:02] 违规已记录: 第399次 - 检测到未授权文件修改: /workspace/.opencode/skills/no-unauthorized-write/SKILL.md
[2026-08-11 08:11:02] 检测到未授权写入: /workspace/.opencode/skills/no-unauthorized-write/SKILL.md
[2026-08-11 08:11:02] 违规已记录: 第400次 - 检测到未授权文件修改: /workspace/.opencode/skills/no-unauthorized-write/SKILL.md
[2026-08-11 08:11:02] 检测到未授权写入: /workspace/.opencode/skills/no-unauthorized-write/SKILL.md
[2026-08-11 08:11:02] 违规已记录: 第401次 - 检测到未授权文件修改: /workspace/.opencode/skills/no-unauthorized-write/SKILL.md
[2026-08-11 08:11:02] 检测到未授权写入: /workspace/.opencode/skills/no-unauthorized-write/SKILL.md
[2026-08-11 08:11:02] 违规已记录: 第402次 - 检测到未授权文件修改: /workspace/.opencode/skills/no-unauthorized-write/SKILL.md
[2026-08-11 08:11:03] 检测到未授权写入: /workspace/.opencode/skills/no-unauthorized-write/SKILL.md
[2026-08-11 08:11:03] 违规已记录: 第403次 - 检测到未授权文件修改: /workspace/.opencode/skills/no-unauthorized-write/SKILL.md
[2026-08-11 08:11:03] 检测到未授权写入: /workspace/.opencode/skills/no-unauthorized-write/SKILL.md
[2026-08-11 08:11:03] 违规已记录: 第404次 - 检测到未授权文件修改: /workspace/.opencode/skills/no-unauthorized-write/SKILL.md
[2026-08-11 08:11:03] 检测到未授权写入: /workspace/.opencode/skills/no-unauthorized-write/SKILL.md
[2026-08-11 08:11:03] 违规已记录: 第405次 - 检测到未授权文件修改: /workspace/.opencode/skills/no-unauthorized-write/SKILL.md
[2026-08-11 08:11:03] 检测到未授权写入: /workspace/.opencode/skills/no-unauthorized-write/SKILL.md
[2026-08-11 08:11:03] 违规已记录: 第406次 - 检测到未授权文件修改: /workspace/.opencode/skills/no-unauthorized-write/SKILL.md
[2026-08-11 08:11:03] 检测到未授权写入: /workspace/.opencode/skills/no-unauthorized-write/SKILL.md
[2026-08-11 08:11:03] 违规已记录: 第407次 - 检测到未授权文件修改: /workspace/.opencode/skills/no-unauthorized-write/SKILL.md
[2026-08-11 08:11:03] 检测到未授权写入: /workspace/.opencode/skills/no-unauthorized-write/SKILL.md
[2026-08-11 08:11:03] 违规已记录: 第408次 - 检测到未授权文件修改: /workspace/.opencode/skills/no-unauthorized-write/SKILL.md
[2026-08-11 08:11:03] 检测到未授权写入: /workspace/.opencode/skills/no-unauthorized-write/SKILL.md
[2026-08-11 08:11:03] 违规已记录: 第409次 - 检测到未授权文件修改: /workspace/.opencode/skills/no-unauthorized-write/SKILL.md
[2026-08-11 08:11:03] 检测到未授权写入: /workspace/.opencode/skills/no-unauthorized-write/SKILL.md
[2026-08-11 08:11:03] 违规已记录: 第410次 - 检测到未授权文件修改: /workspace/.opencode/skills/no-unauthorized-write/SKILL.md
[2026-08-11 08:11:03] 检测到未授权写入: /workspace/.opencode/skills/no-unauthorized-write/SKILL.md
[2026-08-11 08:11:03] 违规已记录: 第411次 - 检测到未授权文件修改: /workspace/.opencode/skills/no-unauthorized-write/SKILL.md
[2026-08-11 08:11:04] 检测到未授权写入: /workspace/.opencode/skills/no-unauthorized-write/SKILL.md
[2026-08-11 08:11:04] 违规已记录: 第412次 - 检测到未授权文件修改: /workspace/.opencode/skills/no-unauthorized-write/SKILL.md
[2026-08-11 08:11:04] 检测到未授权写入: /workspace/.opencode/skills/no-unauthorized-write/SKILL.md
[2026-08-11 08:11:04] 违规已记录: 第413次 - 检测到未授权文件修改: /workspace/.opencode/skills/no-unauthorized-write/SKILL.md
[2026-08-11 08:11:04] 检测到未授权写入: /workspace/.opencode/skills/no-unauthorized-write/SKILL.md
[2026-08-11 08:11:04] 违规已记录: 第414次 - 检测到未授权文件修改: /workspace/.opencode/skills/no-unauthorized-write/SKILL.md
[2026-08-11 08:11:04] 检测到未授权写入: /workspace/.opencode/skills/no-unauthorized-write/SKILL.md
[2026-08-11 08:11:04] 违规已记录: 第415次 - 检测到未授权文件修改: /workspace/.opencode/skills/no-unauthorized-write/SKILL.md
[2026-08-11 08:11:04] 检测到未授权写入: /workspace/.opencode/skills/no-unauthorized-write/SKILL.md
[2026-08-11 08:11:04] 违规已记录: 第416次 - 检测到未授权文件修改: /workspace/.opencode/skills/no-unauthorized-write/SKILL.md
[2026-08-11 08:11:04] 检测到未授权写入: /workspace/.opencode/skills/no-unauthorized-write/SKILL.md
[2026-08-11 08:11:04] 违规已记录: 第417次 - 检测到未授权文件修改: /workspace/.opencode/skills/no-unauthorized-write/SKILL.md
[2026-08-11 08:11:04] 检测到未授权写入: /workspace/.opencode/skills/no-unauthorized-write/SKILL.md
[2026-08-11 08:11:04] 违规已记录: 第418次 - 检测到未授权文件修改: /workspace/.opencode/skills/no-unauthorized-write/SKILL.md
[2026-08-11 08:11:04] 检测到未授权写入: /workspace/.opencode/skills/no-unauthorized-write/SKILL.md
[2026-08-11 08:11:04] 违规已记录: 第419次 - 检测到未授权文件修改: /workspace/.opencode/skills/no-unauthorized-write/SKILL.md
[2026-08-11 08:11:04] 检测到未授权写入: /workspace/.opencode/skills/no-unauthorized-write/SKILL.md
[2026-08-11 08:11:04] 违规已记录: 第420次 - 检测到未授权文件修改: /workspace/.opencode/skills/no-unauthorized-write/SKILL.md
[2026-08-11 08:11:04] 检测到未授权写入: /workspace/.opencode/skills/no-unauthorized-write/SKILL.md
[2026-08-11 08:11:04] 违规已记录: 第421次 - 检测到未授权文件修改: /workspace/.opencode/skills/no-unauthorized-write/SKILL.md
[2026-08-11 08:11:05] 检测到未授权写入: /workspace/.opencode/skills/no-unauthorized-write/SKILL.md
[2026-08-11 08:11:05] 违规已记录: 第422次 - 检测到未授权文件修改: /workspace/.opencode/skills/no-unauthorized-write/SKILL.md
[2026-08-11 08:11:05] 检测到未授权写入: /workspace/.opencode/skills/no-unauthorized-write/SKILL.md
[2026-08-11 08:11:05] 违规已记录: 第423次 - 检测到未授权文件修改: /workspace/.opencode/skills/no-unauthorized-write/SKILL.md
[2026-08-11 08:11:05] 检测到未授权写入: /workspace/.opencode/skills/no-unauthorized-write/SKILL.md
[2026-08-11 08:11:05] 违规已记录: 第424次 - 检测到未授权文件修改: /workspace/.opencode/skills/no-unauthorized-write/SKILL.md
[2026-08-11 08:11:05] 检测到未授权写入: /workspace/.opencode/skills/no-unauthorized-write/SKILL.md
[2026-08-11 08:11:05] 违规已记录: 第425次 - 检测到未授权文件修改: /workspace/.opencode/skills/no-unauthorized-write/SKILL.md
[2026-08-11 08:11:05] 检测到未授权写入: /workspace/.opencode/skills/no-unauthorized-write/SKILL.md
[2026-08-11 08:11:05] 违规已记录: 第426次 - 检测到未授权文件修改: /workspace/.opencode/skills/no-unauthorized-write/SKILL.md
[2026-08-11 08:11:05] 检测到未授权写入: /workspace/.opencode/skills/no-unauthorized-write/SKILL.md
[2026-08-11 08:11:05] 违规已记录: 第427次 - 检测到未授权文件修改: /workspace/.opencode/skills/no-unauthorized-write/SKILL.md
[2026-08-11 08:11:05] 检测到未授权写入: /workspace/.opencode/skills/no-unauthorized-write/SKILL.md
[2026-08-11 08:11:05] 违规已记录: 第428次 - 检测到未授权文件修改: /workspace/.opencode/skills/no-unauthorized-write/SKILL.md
[2026-08-11 08:11:05] 检测到未授权写入: /workspace/.opencode/skills/no-unauthorized-write/SKILL.md
[2026-08-11 08:11:05] 违规已记录: 第429次 - 检测到未授权文件修改: /workspace/.opencode/skills/no-unauthorized-write/SKILL.md
[2026-08-11 08:11:05] 检测到未授权写入: /workspace/.opencode/skills/no-unauthorized-write/SKILL.md
[2026-08-11 08:11:05] 违规已记录: 第430次 - 检测到未授权文件修改: /workspace/.opencode/skills/no-unauthorized-write/SKILL.md
[2026-08-11 08:11:06] 检测到未授权写入: /workspace/.opencode/skills/no-unauthorized-write/SKILL.md
[2026-08-11 08:11:06] 违规已记录: 第431次 - 检测到未授权文件修改: /workspace/.opencode/skills/no-unauthorized-write/SKILL.md
[2026-08-11 08:11:06] 检测到未授权写入: /workspace/.opencode/skills/no-unauthorized-write/SKILL.md
[2026-08-11 08:11:06] 违规已记录: 第432次 - 检测到未授权文件修改: /workspace/.opencode/skills/no-unauthorized-write/SKILL.md
[2026-08-11 08:11:06] 检测到未授权写入: /workspace/.opencode/skills/no-unauthorized-write/SKILL.md
[2026-08-11 08:11:06] 违规已记录: 第433次 - 检测到未授权文件修改: /workspace/.opencode/skills/no-unauthorized-write/SKILL.md
[2026-08-11 08:11:06] 检测到未授权写入: /workspace/.opencode/skills/no-unauthorized-write/SKILL.md
[2026-08-11 08:11:06] 违规已记录: 第434次 - 检测到未授权文件修改: /workspace/.opencode/skills/no-unauthorized-write/SKILL.md
[2026-08-11 08:11:06] 检测到未授权写入: /workspace/.opencode/skills/no-unauthorized-write/SKILL.md
[2026-08-11 08:11:06] 违规已记录: 第435次 - 检测到未授权文件修改: /workspace/.opencode/skills/no-unauthorized-write/SKILL.md
[2026-08-11 08:11:06] 检测到未授权写入: /workspace/.opencode/skills/no-unauthorized-write/SKILL.md
[2026-08-11 08:11:06] 违规已记录: 第436次 - 检测到未授权文件修改: /workspace/.opencode/skills/no-unauthorized-write/SKILL.md
[2026-08-11 08:11:06] 检测到未授权写入: /workspace/.opencode/skills/no-unauthorized-write/SKILL.md
[2026-08-11 08:11:06] 违规已记录: 第437次 - 检测到未授权文件修改: /workspace/.opencode/skills/no-unauthorized-write/SKILL.md
[2026-08-11 08:11:06] 检测到未授权写入: /workspace/.opencode/skills/no-unauthorized-write/SKILL.md
[2026-08-11 08:11:06] 违规已记录: 第438次 - 检测到未授权文件修改: /workspace/.opencode/skills/no-unauthorized-write/SKILL.md
[2026-08-11 08:11:06] 检测到未授权写入: /workspace/.opencode/skills/no-unauthorized-write/SKILL.md
[2026-08-11 08:11:06] 违规已记录: 第439次 - 检测到未授权文件修改: /workspace/.opencode/skills/no-unauthorized-write/SKILL.md
[2026-08-11 08:11:06] 检测到未授权写入: /workspace/.opencode/skills/no-unauthorized-write/SKILL.md
[2026-08-11 08:11:06] 违规已记录: 第440次 - 检测到未授权文件修改: /workspace/.opencode/skills/no-unauthorized-write/SKILL.md
[2026-08-11 08:11:07] 检测到未授权写入: /workspace/.opencode/skills/no-unauthorized-write/SKILL.md
[2026-08-11 08:11:07] 违规已记录: 第441次 - 检测到未授权文件修改: /workspace/.opencode/skills/no-unauthorized-write/SKILL.md
[2026-08-11 08:11:07] 检测到未授权写入: /workspace/.opencode/skills/no-unauthorized-write/SKILL.md
[2026-08-11 08:11:07] 违规已记录: 第442次 - 检测到未授权文件修改: /workspace/.opencode/skills/no-unauthorized-write/SKILL.md
[2026-08-11 08:11:07] 检测到未授权写入: /workspace/.opencode/skills/no-unauthorized-write/SKILL.md
[2026-08-11 08:11:07] 违规已记录: 第443次 - 检测到未授权文件修改: /workspace/.opencode/skills/no-unauthorized-write/SKILL.md
[2026-08-11 08:11:07] 检测到未授权写入: /workspace/.opencode/skills/no-unauthorized-write/SKILL.md
[2026-08-11 08:11:07] 违规已记录: 第444次 - 检测到未授权文件修改: /workspace/.opencode/skills/no-unauthorized-write/SKILL.md
[2026-08-11 08:11:07] 检测到未授权写入: /workspace/.opencode/skills/no-unauthorized-write/SKILL.md
[2026-08-11 08:11:07] 违规已记录: 第445次 - 检测到未授权文件修改: /workspace/.opencode/skills/no-unauthorized-write/SKILL.md
[2026-08-11 08:11:07] 检测到未授权写入: /workspace/.opencode/skills/no-unauthorized-write/SKILL.md
[2026-08-11 08:11:07] 违规已记录: 第446次 - 检测到未授权文件修改: /workspace/.opencode/skills/no-unauthorized-write/SKILL.md
[2026-08-11 08:11:07] 检测到未授权写入: /workspace/.opencode/skills/no-unauthorized-write/SKILL.md
[2026-08-11 08:11:07] 违规已记录: 第447次 - 检测到未授权文件修改: /workspace/.opencode/skills/no-unauthorized-write/SKILL.md
[2026-08-11 08:11:07] 检测到未授权写入: /workspace/.opencode/skills/no-unauthorized-write/SKILL.md
[2026-08-11 08:11:07] 违规已记录: 第448次 - 检测到未授权文件修改: /workspace/.opencode/skills/no-unauthorized-write/SKILL.md
[2026-08-11 08:11:07] 检测到未授权写入: /workspace/.opencode/skills/no-unauthorized-write/SKILL.md
[2026-08-11 08:11:07] 违规已记录: 第449次 - 检测到未授权文件修改: /workspace/.opencode/skills/no-unauthorized-write/SKILL.md
[2026-08-11 08:11:08] 检测到未授权写入: /workspace/.opencode/skills/no-unauthorized-write/SKILL.md
[2026-08-11 08:11:08] 违规已记录: 第450次 - 检测到未授权文件修改: /workspace/.opencode/skills/no-unauthorized-write/SKILL.md
[2026-08-11 08:11:08] 检测到未授权写入: /workspace/.opencode/skills/no-unauthorized-write/SKILL.md
[2026-08-11 08:11:08] 违规已记录: 第451次 - 检测到未授权文件修改: /workspace/.opencode/skills/no-unauthorized-write/SKILL.md
[2026-08-11 08:11:08] 检测到未授权写入: /workspace/.opencode/skills/no-unauthorized-write/SKILL.md
[2026-08-11 08:11:08] 违规已记录: 第452次 - 检测到未授权文件修改: /workspace/.opencode/skills/no-unauthorized-write/SKILL.md
[2026-08-11 08:11:08] 检测到未授权写入: /workspace/.opencode/skills/no-unauthorized-write/SKILL.md
[2026-08-11 08:11:08] 违规已记录: 第453次 - 检测到未授权文件修改: /workspace/.opencode/skills/no-unauthorized-write/SKILL.md
[2026-08-11 08:11:08] 检测到未授权写入: /workspace/.opencode/skills/no-unauthorized-write/SKILL.md
[2026-08-11 08:11:08] 违规已记录: 第454次 - 检测到未授权文件修改: /workspace/.opencode/skills/no-unauthorized-write/SKILL.md
[2026-08-11 08:11:08] 检测到未授权写入: /workspace/.opencode/skills/no-unauthorized-write/SKILL.md
[2026-08-11 08:11:08] 违规已记录: 第455次 - 检测到未授权文件修改: /workspace/.opencode/skills/no-unauthorized-write/SKILL.md
[2026-08-11 08:11:08] 检测到未授权写入: /workspace/.opencode/skills/no-unauthorized-write/SKILL.md
[2026-08-11 08:11:08] 违规已记录: 第456次 - 检测到未授权文件修改: /workspace/.opencode/skills/no-unauthorized-write/SKILL.md
[2026-08-11 08:11:08] 检测到未授权写入: /workspace/.opencode/skills/no-unauthorized-write/SKILL.md
[2026-08-11 08:11:08] 违规已记录: 第457次 - 检测到未授权文件修改: /workspace/.opencode/skills/no-unauthorized-write/SKILL.md
[2026-08-11 08:11:08] 检测到未授权写入: /workspace/.opencode/skills/no-unauthorized-write/SKILL.md
[2026-08-11 08:11:08] 违规已记录: 第458次 - 检测到未授权文件修改: /workspace/.opencode/skills/no-unauthorized-write/SKILL.md
[2026-08-11 08:11:08] 检测到未授权写入: /workspace/.opencode/skills/no-unauthorized-write/SKILL.md
[2026-08-11 08:11:08] 违规已记录: 第459次 - 检测到未授权文件修改: /workspace/.opencode/skills/no-unauthorized-write/SKILL.md
[2026-08-11 08:11:09] 检测到未授权写入: /workspace/.opencode/skills/no-unauthorized-write/SKILL.md
[2026-08-11 08:11:09] 违规已记录: 第460次 - 检测到未授权文件修改: /workspace/.opencode/skills/no-unauthorized-write/SKILL.md
[2026-08-11 08:11:09] 检测到未授权写入: /workspace/.opencode/skills/no-unauthorized-write/SKILL.md
[2026-08-11 08:11:09] 违规已记录: 第461次 - 检测到未授权文件修改: /workspace/.opencode/skills/no-unauthorized-write/SKILL.md
[2026-08-11 08:11:09] 检测到未授权写入: /workspace/.opencode/skills/no-unauthorized-write/SKILL.md
[2026-08-11 08:11:09] 违规已记录: 第462次 - 检测到未授权文件修改: /workspace/.opencode/skills/no-unauthorized-write/SKILL.md
[2026-08-11 08:11:09] 检测到未授权写入: /workspace/.opencode/skills/no-unauthorized-write/SKILL.md
[2026-08-11 08:11:09] 违规已记录: 第463次 - 检测到未授权文件修改: /workspace/.opencode/skills/no-unauthorized-write/SKILL.md
[2026-08-11 08:11:09] 检测到未授权写入: /workspace/.opencode/skills/no-unauthorized-write/SKILL.md
[2026-08-11 08:11:09] 违规已记录: 第464次 - 检测到未授权文件修改: /workspace/.opencode/skills/no-unauthorized-write/SKILL.md
[2026-08-11 08:11:09] 检测到未授权写入: /workspace/.opencode/skills/no-unauthorized-write/SKILL.md
[2026-08-11 08:11:09] 违规已记录: 第465次 - 检测到未授权文件修改: /workspace/.opencode/skills/no-unauthorized-write/SKILL.md
[2026-08-11 08:11:09] 检测到未授权写入: /workspace/.opencode/skills/no-unauthorized-write/SKILL.md
[2026-08-11 08:11:09] 违规已记录: 第466次 - 检测到未授权文件修改: /workspace/.opencode/skills/no-unauthorized-write/SKILL.md
[2026-08-11 08:11:09] 检测到未授权写入: /workspace/.opencode/skills/no-unauthorized-write/SKILL.md
[2026-08-11 08:11:09] 违规已记录: 第467次 - 检测到未授权文件修改: /workspace/.opencode/skills/no-unauthorized-write/SKILL.md
[2026-08-11 08:11:09] 检测到未授权写入: /workspace/.opencode/skills/no-unauthorized-write/SKILL.md
[2026-08-11 08:11:09] 违规已记录: 第468次 - 检测到未授权文件修改: /workspace/.opencode/skills/no-unauthorized-write/SKILL.md
[2026-08-11 08:11:09] 检测到未授权写入: /workspace/.opencode/skills/no-unauthorized-write/SKILL.md
[2026-08-11 08:11:09] 违规已记录: 第469次 - 检测到未授权文件修改: /workspace/.opencode/skills/no-unauthorized-write/SKILL.md
[2026-08-11 08:11:10] 检测到未授权写入: /workspace/.opencode/skills/no-unauthorized-write/SKILL.md
[2026-08-11 08:11:10] 违规已记录: 第470次 - 检测到未授权文件修改: /workspace/.opencode/skills/no-unauthorized-write/SKILL.md
[2026-08-11 08:11:10] 检测到未授权写入: /workspace/.opencode/skills/no-unauthorized-write/SKILL.md
[2026-08-11 08:11:10] 违规已记录: 第471次 - 检测到未授权文件修改: /workspace/.opencode/skills/no-unauthorized-write/SKILL.md
[2026-08-11 08:11:10] 检测到未授权写入: /workspace/.opencode/skills/no-unauthorized-write/SKILL.md
[2026-08-11 08:11:10] 违规已记录: 第472次 - 检测到未授权文件修改: /workspace/.opencode/skills/no-unauthorized-write/SKILL.md
[2026-08-11 08:11:10] 检测到未授权写入: /workspace/.opencode/skills/no-unauthorized-write/SKILL.md
[2026-08-11 08:11:10] 违规已记录: 第473次 - 检测到未授权文件修改: /workspace/.opencode/skills/no-unauthorized-write/SKILL.md
[2026-08-11 08:11:10] 检测到未授权写入: /workspace/.opencode/skills/no-unauthorized-write/SKILL.md
[2026-08-11 08:11:10] 违规已记录: 第474次 - 检测到未授权文件修改: /workspace/.opencode/skills/no-unauthorized-write/SKILL.md
[2026-08-11 08:11:10] 检测到未授权写入: /workspace/.opencode/skills/no-unauthorized-write/SKILL.md
[2026-08-11 08:11:10] 违规已记录: 第475次 - 检测到未授权文件修改: /workspace/.opencode/skills/no-unauthorized-write/SKILL.md
[2026-08-11 08:11:10] 检测到未授权写入: /workspace/.opencode/skills/no-unauthorized-write/SKILL.md
[2026-08-11 08:11:10] 违规已记录: 第476次 - 检测到未授权文件修改: /workspace/.opencode/skills/no-unauthorized-write/SKILL.md
[2026-08-11 08:11:10] 检测到未授权写入: /workspace/.opencode/skills/no-unauthorized-write/SKILL.md
[2026-08-11 08:11:10] 违规已记录: 第477次 - 检测到未授权文件修改: /workspace/.opencode/skills/no-unauthorized-write/SKILL.md
[2026-08-11 08:11:10] 检测到未授权写入: /workspace/.opencode/skills/no-unauthorized-write/SKILL.md
[2026-08-11 08:11:10] 违规已记录: 第478次 - 检测到未授权文件修改: /workspace/.opencode/skills/no-unauthorized-write/SKILL.md
[2026-08-11 08:11:11] 检测到未授权写入: /workspace/.opencode/skills/no-unauthorized-write/SKILL.md
[2026-08-11 08:11:11] 违规已记录: 第479次 - 检测到未授权文件修改: /workspace/.opencode/skills/no-unauthorized-write/SKILL.md
[2026-08-11 08:11:11] 检测到未授权写入: /workspace/.opencode/skills/no-unauthorized-write/SKILL.md
[2026-08-11 08:11:11] 违规已记录: 第480次 - 检测到未授权文件修改: /workspace/.opencode/skills/no-unauthorized-write/SKILL.md
[2026-08-11 08:11:11] 检测到未授权写入: /workspace/.opencode/skills/no-unauthorized-write/SKILL.md
[2026-08-11 08:11:11] 违规已记录: 第481次 - 检测到未授权文件修改: /workspace/.opencode/skills/no-unauthorized-write/SKILL.md
[2026-08-11 08:11:11] 检测到未授权写入: /workspace/.opencode/skills/no-unauthorized-write/SKILL.md
[2026-08-11 08:11:11] 违规已记录: 第482次 - 检测到未授权文件修改: /workspace/.opencode/skills/no-unauthorized-write/SKILL.md
[2026-08-11 08:11:11] 检测到未授权写入: /workspace/.opencode/skills/no-unauthorized-write/SKILL.md
[2026-08-11 08:11:11] 违规已记录: 第483次 - 检测到未授权文件修改: /workspace/.opencode/skills/no-unauthorized-write/SKILL.md
[2026-08-11 08:11:11] 检测到未授权写入: /workspace/.opencode/skills/no-unauthorized-write/SKILL.md
[2026-08-11 08:11:11] 违规已记录: 第484次 - 检测到未授权文件修改: /workspace/.opencode/skills/no-unauthorized-write/SKILL.md
[2026-08-11 08:11:11] 检测到未授权写入: /workspace/.opencode/skills/no-unauthorized-write/SKILL.md
[2026-08-11 08:11:11] 违规已记录: 第485次 - 检测到未授权文件修改: /workspace/.opencode/skills/no-unauthorized-write/SKILL.md
[2026-08-11 08:11:11] 检测到未授权写入: /workspace/.opencode/skills/no-unauthorized-write/SKILL.md
[2026-08-11 08:11:11] 违规已记录: 第486次 - 检测到未授权文件修改: /workspace/.opencode/skills/no-unauthorized-write/SKILL.md
[2026-08-11 08:11:11] 检测到未授权写入: /workspace/.opencode/skills/no-unauthorized-write/SKILL.md
[2026-08-11 08:11:11] 违规已记录: 第487次 - 检测到未授权文件修改: /workspace/.opencode/skills/no-unauthorized-write/SKILL.md
[2026-08-11 08:11:11] 检测到未授权写入: /workspace/.opencode/skills/no-unauthorized-write/SKILL.md
[2026-08-11 08:11:11] 违规已记录: 第488次 - 检测到未授权文件修改: /workspace/.opencode/skills/no-unauthorized-write/SKILL.md
[2026-08-11 08:11:12] 检测到未授权写入: /workspace/.opencode/skills/no-unauthorized-write/SKILL.md
[2026-08-11 08:11:12] 违规已记录: 第489次 - 检测到未授权文件修改: /workspace/.opencode/skills/no-unauthorized-write/SKILL.md
[2026-08-11 08:11:12] 检测到未授权写入: /workspace/.opencode/skills/no-unauthorized-write/SKILL.md
[2026-08-11 08:11:12] 违规已记录: 第490次 - 检测到未授权文件修改: /workspace/.opencode/skills/no-unauthorized-write/SKILL.md
[2026-08-11 08:11:12] 检测到未授权写入: /workspace/.opencode/skills/no-unauthorized-write/SKILL.md
[2026-08-11 08:11:12] 违规已记录: 第491次 - 检测到未授权文件修改: /workspace/.opencode/skills/no-unauthorized-write/SKILL.md
[2026-08-11 08:11:12] 检测到未授权写入: /workspace/.opencode/skills/no-unauthorized-write/SKILL.md
[2026-08-11 08:11:12] 违规已记录: 第492次 - 检测到未授权文件修改: /workspace/.opencode/skills/no-unauthorized-write/SKILL.md
[2026-08-11 08:11:12] 检测到未授权写入: /workspace/.opencode/skills/no-unauthorized-write/SKILL.md
[2026-08-11 08:11:12] 违规已记录: 第493次 - 检测到未授权文件修改: /workspace/.opencode/skills/no-unauthorized-write/SKILL.md
[2026-08-11 08:11:12] 检测到未授权写入: /workspace/.opencode/skills/no-unauthorized-write/SKILL.md
[2026-08-11 08:11:12] 违规已记录: 第494次 - 检测到未授权文件修改: /workspace/.opencode/skills/no-unauthorized-write/SKILL.md
[2026-08-11 08:11:12] 检测到未授权写入: /workspace/.opencode/skills/no-unauthorized-write/SKILL.md
[2026-08-11 08:11:12] 违规已记录: 第495次 - 检测到未授权文件修改: /workspace/.opencode/skills/no-unauthorized-write/SKILL.md
[2026-08-11 08:11:12] 检测到未授权写入: /workspace/.opencode/skills/no-unauthorized-write/SKILL.md
[2026-08-11 08:11:12] 违规已记录: 第496次 - 检测到未授权文件修改: /workspace/.opencode/skills/no-unauthorized-write/SKILL.md
[2026-08-11 08:11:12] 检测到未授权写入: /workspace/.opencode/skills/no-unauthorized-write/SKILL.md
[2026-08-11 08:11:12] 违规已记录: 第497次 - 检测到未授权文件修改: /workspace/.opencode/skills/no-unauthorized-write/SKILL.md
[2026-08-11 08:11:13] 检测到未授权写入: /workspace/.opencode/skills/no-unauthorized-write/SKILL.md
[2026-08-11 08:11:13] 违规已记录: 第498次 - 检测到未授权文件修改: /workspace/.opencode/skills/no-unauthorized-write/SKILL.md
[2026-08-11 08:11:13] 检测到未授权写入: /workspace/.opencode/skills/no-unauthorized-write/SKILL.md
[2026-08-11 08:11:13] 违规已记录: 第499次 - 检测到未授权文件修改: /workspace/.opencode/skills/no-unauthorized-write/SKILL.md
[2026-08-11 08:11:13] 检测到未授权写入: /workspace/.opencode/skills/no-unauthorized-write/SKILL.md
[2026-08-11 08:11:13] 违规已记录: 第500次 - 检测到未授权文件修改: /workspace/.opencode/skills/no-unauthorized-write/SKILL.md
[2026-08-11 08:11:13] 检测到未授权写入: /workspace/.opencode/skills/no-unauthorized-write/SKILL.md
[2026-08-11 08:11:13] 违规已记录: 第501次 - 检测到未授权文件修改: /workspace/.opencode/skills/no-unauthorized-write/SKILL.md
[2026-08-11 08:11:13] 检测到未授权写入: /workspace/.opencode/skills/no-unauthorized-write/SKILL.md
[2026-08-11 08:11:13] 违规已记录: 第502次 - 检测到未授权文件修改: /workspace/.opencode/skills/no-unauthorized-write/SKILL.md
[2026-08-11 08:11:13] 检测到未授权写入: /workspace/.opencode/skills/no-unauthorized-write/SKILL.md
[2026-08-11 08:11:13] 违规已记录: 第503次 - 检测到未授权文件修改: /workspace/.opencode/skills/no-unauthorized-write/SKILL.md
[2026-08-11 08:11:13] 检测到未授权写入: /workspace/.opencode/skills/no-unauthorized-write/SKILL.md
[2026-08-11 08:11:13] 违规已记录: 第504次 - 检测到未授权文件修改: /workspace/.opencode/skills/no-unauthorized-write/SKILL.md
[2026-08-11 08:11:13] 检测到未授权写入: /workspace/.opencode/skills/no-unauthorized-write/SKILL.md
[2026-08-11 08:11:13] 违规已记录: 第505次 - 检测到未授权文件修改: /workspace/.opencode/skills/no-unauthorized-write/SKILL.md
[2026-08-11 08:11:13] 检测到未授权写入: /workspace/.opencode/skills/no-unauthorized-write/SKILL.md
[2026-08-11 08:11:13] 违规已记录: 第506次 - 检测到未授权文件修改: /workspace/.opencode/skills/no-unauthorized-write/SKILL.md
[2026-08-11 08:11:14] 检测到未授权写入: /workspace/.opencode/skills/no-unauthorized-write/SKILL.md
[2026-08-11 08:11:14] 违规已记录: 第507次 - 检测到未授权文件修改: /workspace/.opencode/skills/no-unauthorized-write/SKILL.md
[2026-08-11 08:11:14] 检测到未授权写入: /workspace/.opencode/skills/no-unauthorized-write/SKILL.md
[2026-08-11 08:11:14] 违规已记录: 第508次 - 检测到未授权文件修改: /workspace/.opencode/skills/no-unauthorized-write/SKILL.md
[2026-08-11 08:11:14] 检测到未授权写入: /workspace/.opencode/skills/no-unauthorized-write/SKILL.md
[2026-08-11 08:11:14] 违规已记录: 第509次 - 检测到未授权文件修改: /workspace/.opencode/skills/no-unauthorized-write/SKILL.md
[2026-08-11 08:11:14] 检测到未授权写入: /workspace/.opencode/skills/no-unauthorized-write/SKILL.md
[2026-08-11 08:11:14] 违规已记录: 第510次 - 检测到未授权文件修改: /workspace/.opencode/skills/no-unauthorized-write/SKILL.md
[2026-08-11 08:11:14] 检测到未授权写入: /workspace/.opencode/skills/no-unauthorized-write/SKILL.md
[2026-08-11 08:11:14] 违规已记录: 第511次 - 检测到未授权文件修改: /workspace/.opencode/skills/no-unauthorized-write/SKILL.md
[2026-08-11 08:11:14] 检测到未授权写入: /workspace/.opencode/skills/no-unauthorized-write/SKILL.md
[2026-08-11 08:11:14] 违规已记录: 第512次 - 检测到未授权文件修改: /workspace/.opencode/skills/no-unauthorized-write/SKILL.md
[2026-08-11 08:11:14] 检测到未授权写入: /workspace/.opencode/skills/no-unauthorized-write/SKILL.md
[2026-08-11 08:11:14] 违规已记录: 第513次 - 检测到未授权文件修改: /workspace/.opencode/skills/no-unauthorized-write/SKILL.md
[2026-08-11 08:11:14] 检测到未授权写入: /workspace/.opencode/skills/no-unauthorized-write/SKILL.md
[2026-08-11 08:11:14] 违规已记录: 第514次 - 检测到未授权文件修改: /workspace/.opencode/skills/no-unauthorized-write/SKILL.md
[2026-08-11 08:11:14] 检测到未授权写入: /workspace/.opencode/skills/no-unauthorized-write/SKILL.md
[2026-08-11 08:11:14] 违规已记录: 第515次 - 检测到未授权文件修改: /workspace/.opencode/skills/no-unauthorized-write/SKILL.md
[2026-08-11 08:11:14] 检测到未授权写入: /workspace/.opencode/skills/no-unauthorized-write/SKILL.md
[2026-08-11 08:11:14] 违规已记录: 第516次 - 检测到未授权文件修改: /workspace/.opencode/skills/no-unauthorized-write/SKILL.md
[2026-08-11 08:11:15] 检测到未授权写入: /workspace/.opencode/skills/no-unauthorized-write/SKILL.md
[2026-08-11 08:11:15] 违规已记录: 第517次 - 检测到未授权文件修改: /workspace/.opencode/skills/no-unauthorized-write/SKILL.md
[2026-08-11 08:11:15] 检测到未授权写入: /workspace/.opencode/skills/no-unauthorized-write/SKILL.md
[2026-08-11 08:11:15] 违规已记录: 第518次 - 检测到未授权文件修改: /workspace/.opencode/skills/no-unauthorized-write/SKILL.md
[2026-08-11 08:11:15] 检测到未授权写入: /workspace/.opencode/skills/no-unauthorized-write/SKILL.md
[2026-08-11 08:11:15] 违规已记录: 第519次 - 检测到未授权文件修改: /workspace/.opencode/skills/no-unauthorized-write/SKILL.md
[2026-08-11 08:11:15] 检测到未授权写入: /workspace/.opencode/skills/no-unauthorized-write/SKILL.md
[2026-08-11 08:11:15] 违规已记录: 第520次 - 检测到未授权文件修改: /workspace/.opencode/skills/no-unauthorized-write/SKILL.md
[2026-08-11 08:11:15] 检测到未授权写入: /workspace/.opencode/skills/no-unauthorized-write/SKILL.md
[2026-08-11 08:11:15] 违规已记录: 第521次 - 检测到未授权文件修改: /workspace/.opencode/skills/no-unauthorized-write/SKILL.md
[2026-08-11 08:11:15] 检测到未授权写入: /workspace/.opencode/skills/no-unauthorized-write/SKILL.md
[2026-08-11 08:11:15] 违规已记录: 第522次 - 检测到未授权文件修改: /workspace/.opencode/skills/no-unauthorized-write/SKILL.md
[2026-08-11 08:11:15] 检测到未授权写入: /workspace/.opencode/skills/no-unauthorized-write/SKILL.md
[2026-08-11 08:11:15] 违规已记录: 第523次 - 检测到未授权文件修改: /workspace/.opencode/skills/no-unauthorized-write/SKILL.md
[2026-08-11 08:11:15] 检测到未授权写入: /workspace/.opencode/skills/no-unauthorized-write/SKILL.md
[2026-08-11 08:11:15] 违规已记录: 第524次 - 检测到未授权文件修改: /workspace/.opencode/skills/no-unauthorized-write/SKILL.md
[2026-08-11 08:11:15] 检测到未授权写入: /workspace/.opencode/skills/no-unauthorized-write/SKILL.md
[2026-08-11 08:11:15] 违规已记录: 第525次 - 检测到未授权文件修改: /workspace/.opencode/skills/no-unauthorized-write/SKILL.md
[2026-08-11 08:11:16] 检测到未授权写入: /workspace/.opencode/skills/no-unauthorized-write/SKILL.md
[2026-08-11 08:11:16] 违规已记录: 第526次 - 检测到未授权文件修改: /workspace/.opencode/skills/no-unauthorized-write/SKILL.md
[2026-08-11 08:11:16] 检测到未授权写入: /workspace/.opencode/skills/no-unauthorized-write/SKILL.md
[2026-08-11 08:11:16] 违规已记录: 第527次 - 检测到未授权文件修改: /workspace/.opencode/skills/no-unauthorized-write/SKILL.md
[2026-08-11 08:11:16] 检测到未授权写入: /workspace/.opencode/skills/no-unauthorized-write/SKILL.md
[2026-08-11 08:11:16] 违规已记录: 第528次 - 检测到未授权文件修改: /workspace/.opencode/skills/no-unauthorized-write/SKILL.md
[2026-08-11 08:11:16] 检测到未授权写入: /workspace/.opencode/skills/no-unauthorized-write/SKILL.md
[2026-08-11 08:11:16] 违规已记录: 第529次 - 检测到未授权文件修改: /workspace/.opencode/skills/no-unauthorized-write/SKILL.md
[2026-08-11 08:11:16] 检测到未授权写入: /workspace/.opencode/skills/no-unauthorized-write/SKILL.md
[2026-08-11 08:11:16] 违规已记录: 第530次 - 检测到未授权文件修改: /workspace/.opencode/skills/no-unauthorized-write/SKILL.md
[2026-08-11 08:11:16] 检测到未授权写入: /workspace/.opencode/skills/no-unauthorized-write/SKILL.md
[2026-08-11 08:11:16] 违规已记录: 第531次 - 检测到未授权文件修改: /workspace/.opencode/skills/no-unauthorized-write/SKILL.md
[2026-08-11 08:11:16] 检测到未授权写入: /workspace/.opencode/skills/no-unauthorized-write/SKILL.md
[2026-08-11 08:11:16] 违规已记录: 第532次 - 检测到未授权文件修改: /workspace/.opencode/skills/no-unauthorized-write/SKILL.md
[2026-08-11 08:11:16] 检测到未授权写入: /workspace/.opencode/skills/no-unauthorized-write/SKILL.md
[2026-08-11 08:11:16] 违规已记录: 第533次 - 检测到未授权文件修改: /workspace/.opencode/skills/no-unauthorized-write/SKILL.md
[2026-08-11 08:11:16] 检测到未授权写入: /workspace/.opencode/skills/no-unauthorized-write/SKILL.md
[2026-08-11 08:11:16] 违规已记录: 第534次 - 检测到未授权文件修改: /workspace/.opencode/skills/no-unauthorized-write/SKILL.md
[2026-08-11 08:11:16] 检测到未授权写入: /workspace/.opencode/skills/no-unauthorized-write/SKILL.md
[2026-08-11 08:11:16] 违规已记录: 第535次 - 检测到未授权文件修改: /workspace/.opencode/skills/no-unauthorized-write/SKILL.md
[2026-08-11 08:11:17] 检测到未授权写入: /workspace/.opencode/skills/no-unauthorized-write/SKILL.md
[2026-08-11 08:11:17] 违规已记录: 第536次 - 检测到未授权文件修改: /workspace/.opencode/skills/no-unauthorized-write/SKILL.md
[2026-08-11 08:11:17] 检测到未授权写入: /workspace/.opencode/skills/no-unauthorized-write/SKILL.md
[2026-08-11 08:11:17] 违规已记录: 第537次 - 检测到未授权文件修改: /workspace/.opencode/skills/no-unauthorized-write/SKILL.md
[2026-08-11 08:11:17] 检测到未授权写入: /workspace/.opencode/skills/no-unauthorized-write/SKILL.md
[2026-08-11 08:11:17] 违规已记录: 第538次 - 检测到未授权文件修改: /workspace/.opencode/skills/no-unauthorized-write/SKILL.md
[2026-08-11 08:11:17] 检测到未授权写入: /workspace/.opencode/skills/no-unauthorized-write/SKILL.md
[2026-08-11 08:11:17] 违规已记录: 第539次 - 检测到未授权文件修改: /workspace/.opencode/skills/no-unauthorized-write/SKILL.md
[2026-08-11 08:11:17] 检测到未授权写入: /workspace/.opencode/skills/no-unauthorized-write/SKILL.md
[2026-08-11 08:11:17] 违规已记录: 第540次 - 检测到未授权文件修改: /workspace/.opencode/skills/no-unauthorized-write/SKILL.md
[2026-08-11 08:11:17] 检测到未授权写入: /workspace/.opencode/skills/no-unauthorized-write/SKILL.md
[2026-08-11 08:11:17] 违规已记录: 第541次 - 检测到未授权文件修改: /workspace/.opencode/skills/no-unauthorized-write/SKILL.md
[2026-08-11 08:11:17] 检测到未授权写入: /workspace/.opencode/skills/no-unauthorized-write/SKILL.md
[2026-08-11 08:11:17] 违规已记录: 第542次 - 检测到未授权文件修改: /workspace/.opencode/skills/no-unauthorized-write/SKILL.md
[2026-08-11 08:11:17] 检测到未授权写入: /workspace/.opencode/skills/no-unauthorized-write/SKILL.md
[2026-08-11 08:11:17] 违规已记录: 第543次 - 检测到未授权文件修改: /workspace/.opencode/skills/no-unauthorized-write/SKILL.md
[2026-08-11 08:11:17] 检测到未授权写入: /workspace/.opencode/skills/no-unauthorized-write/SKILL.md
[2026-08-11 08:11:17] 违规已记录: 第544次 - 检测到未授权文件修改: /workspace/.opencode/skills/no-unauthorized-write/SKILL.md
[2026-08-11 08:11:18] 检测到未授权写入: /workspace/.opencode/skills/no-unauthorized-write/SKILL.md
[2026-08-11 08:11:18] 违规已记录: 第545次 - 检测到未授权文件修改: /workspace/.opencode/skills/no-unauthorized-write/SKILL.md
[2026-08-11 08:11:18] 检测到未授权写入: /workspace/.opencode/skills/no-unauthorized-write/SKILL.md
[2026-08-11 08:11:18] 违规已记录: 第546次 - 检测到未授权文件修改: /workspace/.opencode/skills/no-unauthorized-write/SKILL.md
[2026-08-11 08:11:18] 检测到未授权写入: /workspace/.opencode/skills/no-unauthorized-write/SKILL.md
[2026-08-11 08:11:18] 违规已记录: 第547次 - 检测到未授权文件修改: /workspace/.opencode/skills/no-unauthorized-write/SKILL.md
[2026-08-11 08:11:18] 检测到未授权写入: /workspace/.opencode/skills/no-unauthorized-write/SKILL.md
[2026-08-11 08:11:18] 违规已记录: 第548次 - 检测到未授权文件修改: /workspace/.opencode/skills/no-unauthorized-write/SKILL.md
[2026-08-11 08:11:18] 检测到未授权写入: /workspace/.opencode/skills/no-unauthorized-write/SKILL.md
[2026-08-11 08:11:18] 违规已记录: 第549次 - 检测到未授权文件修改: /workspace/.opencode/skills/no-unauthorized-write/SKILL.md
[2026-08-11 08:11:18] 检测到未授权写入: /workspace/.opencode/skills/no-unauthorized-write/SKILL.md
[2026-08-11 08:11:18] 违规已记录: 第550次 - 检测到未授权文件修改: /workspace/.opencode/skills/no-unauthorized-write/SKILL.md
[2026-08-11 08:11:18] 检测到未授权写入: /workspace/.opencode/skills/no-unauthorized-write/SKILL.md
[2026-08-11 08:11:18] 违规已记录: 第551次 - 检测到未授权文件修改: /workspace/.opencode/skills/no-unauthorized-write/SKILL.md
[2026-08-11 08:11:18] 检测到未授权写入: /workspace/.opencode/skills/no-unauthorized-write/SKILL.md
[2026-08-11 08:11:18] 违规已记录: 第552次 - 检测到未授权文件修改: /workspace/.opencode/skills/no-unauthorized-write/SKILL.md
[2026-08-11 08:11:18] 检测到未授权写入: /workspace/.opencode/skills/no-unauthorized-write/SKILL.md
[2026-08-11 08:11:18] 违规已记录: 第553次 - 检测到未授权文件修改: /workspace/.opencode/skills/no-unauthorized-write/SKILL.md
[2026-08-11 08:11:18] 检测到未授权写入: /workspace/.opencode/skills/no-unauthorized-write/SKILL.md
[2026-08-11 08:11:18] 违规已记录: 第554次 - 检测到未授权文件修改: /workspace/.opencode/skills/no-unauthorized-write/SKILL.md
[2026-08-11 08:11:19] 检测到未授权写入: /workspace/.opencode/skills/no-unauthorized-write/SKILL.md
[2026-08-11 08:11:19] 违规已记录: 第555次 - 检测到未授权文件修改: /workspace/.opencode/skills/no-unauthorized-write/SKILL.md
[2026-08-11 08:11:19] 检测到未授权写入: /workspace/.opencode/skills/no-unauthorized-write/SKILL.md
[2026-08-11 08:11:19] 违规已记录: 第556次 - 检测到未授权文件修改: /workspace/.opencode/skills/no-unauthorized-write/SKILL.md
[2026-08-11 08:11:19] 检测到未授权写入: /workspace/.opencode/skills/no-unauthorized-write/SKILL.md
[2026-08-11 08:11:19] 违规已记录: 第557次 - 检测到未授权文件修改: /workspace/.opencode/skills/no-unauthorized-write/SKILL.md
[2026-08-11 08:11:19] 检测到未授权写入: /workspace/.opencode/skills/no-unauthorized-write/SKILL.md
[2026-08-11 08:11:19] 违规已记录: 第558次 - 检测到未授权文件修改: /workspace/.opencode/skills/no-unauthorized-write/SKILL.md
[2026-08-11 08:11:19] 检测到未授权写入: /workspace/.opencode/skills/no-unauthorized-write/SKILL.md
[2026-08-11 08:11:19] 违规已记录: 第559次 - 检测到未授权文件修改: /workspace/.opencode/skills/no-unauthorized-write/SKILL.md
[2026-08-11 08:11:19] 检测到未授权写入: /workspace/.opencode/skills/no-unauthorized-write/SKILL.md
[2026-08-11 08:11:19] 违规已记录: 第560次 - 检测到未授权文件修改: /workspace/.opencode/skills/no-unauthorized-write/SKILL.md
[2026-08-11 08:11:19] 检测到未授权写入: /workspace/.opencode/skills/no-unauthorized-write/SKILL.md
[2026-08-11 08:11:19] 违规已记录: 第561次 - 检测到未授权文件修改: /workspace/.opencode/skills/no-unauthorized-write/SKILL.md
[2026-08-11 08:11:19] 检测到未授权写入: /workspace/.opencode/skills/no-unauthorized-write/SKILL.md
[2026-08-11 08:11:19] 违规已记录: 第562次 - 检测到未授权文件修改: /workspace/.opencode/skills/no-unauthorized-write/SKILL.md
[2026-08-11 08:11:19] 检测到未授权写入: /workspace/.opencode/skills/no-unauthorized-write/SKILL.md
[2026-08-11 08:11:19] 违规已记录: 第563次 - 检测到未授权文件修改: /workspace/.opencode/skills/no-unauthorized-write/SKILL.md
[2026-08-11 08:11:20] 检测到未授权写入: /workspace/.opencode/skills/no-unauthorized-write/SKILL.md
[2026-08-11 08:11:20] 违规已记录: 第564次 - 检测到未授权文件修改: /workspace/.opencode/skills/no-unauthorized-write/SKILL.md
[2026-08-11 08:11:20] 检测到未授权写入: /workspace/.opencode/skills/no-unauthorized-write/SKILL.md
[2026-08-11 08:11:20] 违规已记录: 第565次 - 检测到未授权文件修改: /workspace/.opencode/skills/no-unauthorized-write/SKILL.md
[2026-08-11 08:11:20] 检测到未授权写入: /workspace/.opencode/skills/no-unauthorized-write/SKILL.md
[2026-08-11 08:11:20] 违规已记录: 第566次 - 检测到未授权文件修改: /workspace/.opencode/skills/no-unauthorized-write/SKILL.md
[2026-08-11 08:11:20] 检测到未授权写入: /workspace/.opencode/skills/no-unauthorized-write/SKILL.md
[2026-08-11 08:11:20] 违规已记录: 第567次 - 检测到未授权文件修改: /workspace/.opencode/skills/no-unauthorized-write/SKILL.md
[2026-08-11 08:11:20] 检测到未授权写入: /workspace/.opencode/skills/no-unauthorized-write/SKILL.md
[2026-08-11 08:11:20] 违规已记录: 第568次 - 检测到未授权文件修改: /workspace/.opencode/skills/no-unauthorized-write/SKILL.md
[2026-08-11 08:11:20] 检测到未授权写入: /workspace/.opencode/skills/no-unauthorized-write/SKILL.md
[2026-08-11 08:11:20] 违规已记录: 第569次 - 检测到未授权文件修改: /workspace/.opencode/skills/no-unauthorized-write/SKILL.md
[2026-08-11 08:11:20] 检测到未授权写入: /workspace/.opencode/skills/no-unauthorized-write/SKILL.md
[2026-08-11 08:11:20] 违规已记录: 第570次 - 检测到未授权文件修改: /workspace/.opencode/skills/no-unauthorized-write/SKILL.md
[2026-08-11 08:11:20] 检测到未授权写入: /workspace/.opencode/skills/no-unauthorized-write/SKILL.md
[2026-08-11 08:11:20] 违规已记录: 第571次 - 检测到未授权文件修改: /workspace/.opencode/skills/no-unauthorized-write/SKILL.md
[2026-08-11 08:11:20] 检测到未授权写入: /workspace/.opencode/skills/no-unauthorized-write/SKILL.md
[2026-08-11 08:11:20] 违规已记录: 第572次 - 检测到未授权文件修改: /workspace/.opencode/skills/no-unauthorized-write/SKILL.md
[2026-08-11 08:11:20] 检测到未授权写入: /workspace/.opencode/skills/no-unauthorized-write/SKILL.md
[2026-08-11 08:11:20] 违规已记录: 第573次 - 检测到未授权文件修改: /workspace/.opencode/skills/no-unauthorized-write/SKILL.md
[2026-08-11 08:11:21] 检测到未授权写入: /workspace/.opencode/skills/no-unauthorized-write/SKILL.md
[2026-08-11 08:11:21] 违规已记录: 第574次 - 检测到未授权文件修改: /workspace/.opencode/skills/no-unauthorized-write/SKILL.md
[2026-08-11 08:11:21] 检测到未授权写入: /workspace/.opencode/skills/no-unauthorized-write/SKILL.md
[2026-08-11 08:11:21] 违规已记录: 第575次 - 检测到未授权文件修改: /workspace/.opencode/skills/no-unauthorized-write/SKILL.md
[2026-08-11 08:11:21] 检测到未授权写入: /workspace/.opencode/skills/no-unauthorized-write/SKILL.md
[2026-08-11 08:11:21] 违规已记录: 第576次 - 检测到未授权文件修改: /workspace/.opencode/skills/no-unauthorized-write/SKILL.md
[2026-08-11 08:11:21] 检测到未授权写入: /workspace/.opencode/skills/no-unauthorized-write/SKILL.md
[2026-08-11 08:11:21] 违规已记录: 第577次 - 检测到未授权文件修改: /workspace/.opencode/skills/no-unauthorized-write/SKILL.md
[2026-08-11 08:11:21] 检测到未授权写入: /workspace/.opencode/skills/no-unauthorized-write/SKILL.md
[2026-08-11 08:11:21] 违规已记录: 第578次 - 检测到未授权文件修改: /workspace/.opencode/skills/no-unauthorized-write/SKILL.md
[2026-08-11 08:11:21] 检测到未授权写入: /workspace/.opencode/skills/no-unauthorized-write/SKILL.md
[2026-08-11 08:11:21] 违规已记录: 第579次 - 检测到未授权文件修改: /workspace/.opencode/skills/no-unauthorized-write/SKILL.md
[2026-08-11 08:11:21] 检测到未授权写入: /workspace/.opencode/skills/no-unauthorized-write/SKILL.md
[2026-08-11 08:11:21] 违规已记录: 第580次 - 检测到未授权文件修改: /workspace/.opencode/skills/no-unauthorized-write/SKILL.md
[2026-08-11 08:11:21] 检测到未授权写入: /workspace/.opencode/skills/no-unauthorized-write/SKILL.md
[2026-08-11 08:11:21] 违规已记录: 第581次 - 检测到未授权文件修改: /workspace/.opencode/skills/no-unauthorized-write/SKILL.md
[2026-08-11 08:11:21] 检测到未授权写入: /workspace/.opencode/skills/no-unauthorized-write/SKILL.md
[2026-08-11 08:11:21] 违规已记录: 第582次 - 检测到未授权文件修改: /workspace/.opencode/skills/no-unauthorized-write/SKILL.md
[2026-08-11 08:11:22] 检测到未授权写入: /workspace/.opencode/skills/no-unauthorized-write/SKILL.md
[2026-08-11 08:11:22] 违规已记录: 第583次 - 检测到未授权文件修改: /workspace/.opencode/skills/no-unauthorized-write/SKILL.md
[2026-08-11 08:11:22] 检测到未授权写入: /workspace/.opencode/skills/no-unauthorized-write/SKILL.md
[2026-08-11 08:11:22] 违规已记录: 第584次 - 检测到未授权文件修改: /workspace/.opencode/skills/no-unauthorized-write/SKILL.md
[2026-08-11 08:11:22] 检测到未授权写入: /workspace/.opencode/skills/no-unauthorized-write/SKILL.md
[2026-08-11 08:11:22] 违规已记录: 第585次 - 检测到未授权文件修改: /workspace/.opencode/skills/no-unauthorized-write/SKILL.md
[2026-08-11 08:11:22] 检测到未授权写入: /workspace/.opencode/skills/no-unauthorized-write/SKILL.md
[2026-08-11 08:11:22] 违规已记录: 第586次 - 检测到未授权文件修改: /workspace/.opencode/skills/no-unauthorized-write/SKILL.md
[2026-08-11 08:11:22] 检测到未授权写入: /workspace/.opencode/skills/no-unauthorized-write/SKILL.md
[2026-08-11 08:11:22] 违规已记录: 第587次 - 检测到未授权文件修改: /workspace/.opencode/skills/no-unauthorized-write/SKILL.md
[2026-08-11 08:11:22] 检测到未授权写入: /workspace/.opencode/skills/no-unauthorized-write/SKILL.md
[2026-08-11 08:11:22] 违规已记录: 第588次 - 检测到未授权文件修改: /workspace/.opencode/skills/no-unauthorized-write/SKILL.md
[2026-08-11 08:11:22] 检测到未授权写入: /workspace/.opencode/skills/no-unauthorized-write/SKILL.md
[2026-08-11 08:11:22] 违规已记录: 第589次 - 检测到未授权文件修改: /workspace/.opencode/skills/no-unauthorized-write/SKILL.md
[2026-08-11 08:11:22] 检测到未授权写入: /workspace/.opencode/skills/no-unauthorized-write/SKILL.md
[2026-08-11 08:11:22] 违规已记录: 第590次 - 检测到未授权文件修改: /workspace/.opencode/skills/no-unauthorized-write/SKILL.md
[2026-08-11 08:11:22] 检测到未授权写入: /workspace/.opencode/skills/no-unauthorized-write/SKILL.md
[2026-08-11 08:11:22] 违规已记录: 第591次 - 检测到未授权文件修改: /workspace/.opencode/skills/no-unauthorized-write/SKILL.md
[2026-08-11 08:11:22] 检测到未授权写入: /workspace/.opencode/skills/no-unauthorized-write/SKILL.md
[2026-08-11 08:11:22] 违规已记录: 第592次 - 检测到未授权文件修改: /workspace/.opencode/skills/no-unauthorized-write/SKILL.md
[2026-08-11 08:11:23] 检测到未授权写入: /workspace/.opencode/skills/no-unauthorized-write/SKILL.md
[2026-08-11 08:11:23] 违规已记录: 第593次 - 检测到未授权文件修改: /workspace/.opencode/skills/no-unauthorized-write/SKILL.md
[2026-08-11 08:11:23] 检测到未授权写入: /workspace/.opencode/skills/no-unauthorized-write/SKILL.md
[2026-08-11 08:11:23] 违规已记录: 第594次 - 检测到未授权文件修改: /workspace/.opencode/skills/no-unauthorized-write/SKILL.md
[2026-08-11 08:11:23] 检测到未授权写入: /workspace/.opencode/skills/no-unauthorized-write/SKILL.md
[2026-08-11 08:11:23] 违规已记录: 第595次 - 检测到未授权文件修改: /workspace/.opencode/skills/no-unauthorized-write/SKILL.md
[2026-08-11 08:11:23] 检测到未授权写入: /workspace/.opencode/skills/no-unauthorized-write/SKILL.md
[2026-08-11 08:11:23] 违规已记录: 第596次 - 检测到未授权文件修改: /workspace/.opencode/skills/no-unauthorized-write/SKILL.md
[2026-08-11 08:11:23] 检测到未授权写入: /workspace/.opencode/skills/no-unauthorized-write/SKILL.md
[2026-08-11 08:11:23] 违规已记录: 第597次 - 检测到未授权文件修改: /workspace/.opencode/skills/no-unauthorized-write/SKILL.md
[2026-08-11 08:11:23] 检测到未授权写入: /workspace/.opencode/skills/no-unauthorized-write/SKILL.md
[2026-08-11 08:11:23] 违规已记录: 第598次 - 检测到未授权文件修改: /workspace/.opencode/skills/no-unauthorized-write/SKILL.md
[2026-08-11 08:11:23] 检测到未授权写入: /workspace/.opencode/skills/no-unauthorized-write/SKILL.md
[2026-08-11 08:11:23] 违规已记录: 第599次 - 检测到未授权文件修改: /workspace/.opencode/skills/no-unauthorized-write/SKILL.md
[2026-08-11 08:11:23] 检测到未授权写入: /workspace/.opencode/skills/no-unauthorized-write/SKILL.md
[2026-08-11 08:11:23] 违规已记录: 第600次 - 检测到未授权文件修改: /workspace/.opencode/skills/no-unauthorized-write/SKILL.md
[2026-08-11 08:11:23] 检测到未授权写入: /workspace/.opencode/skills/no-unauthorized-write/SKILL.md
[2026-08-11 08:11:23] 违规已记录: 第601次 - 检测到未授权文件修改: /workspace/.opencode/skills/no-unauthorized-write/SKILL.md
[2026-08-11 08:11:23] 检测到未授权写入: /workspace/.opencode/skills/no-unauthorized-write/SKILL.md
[2026-08-11 08:11:23] 违规已记录: 第602次 - 检测到未授权文件修改: /workspace/.opencode/skills/no-unauthorized-write/SKILL.md
[2026-08-11 08:11:24] 检测到未授权写入: /workspace/.opencode/skills/no-unauthorized-write/SKILL.md
[2026-08-11 08:11:24] 违规已记录: 第603次 - 检测到未授权文件修改: /workspace/.opencode/skills/no-unauthorized-write/SKILL.md
[2026-08-11 08:11:24] 检测到未授权写入: /workspace/.opencode/skills/no-unauthorized-write/SKILL.md
[2026-08-11 08:11:24] 违规已记录: 第604次 - 检测到未授权文件修改: /workspace/.opencode/skills/no-unauthorized-write/SKILL.md
[2026-08-11 08:11:24] 检测到未授权写入: /workspace/.opencode/skills/no-unauthorized-write/SKILL.md
[2026-08-11 08:11:24] 违规已记录: 第605次 - 检测到未授权文件修改: /workspace/.opencode/skills/no-unauthorized-write/SKILL.md
[2026-08-11 08:11:24] 检测到未授权写入: /workspace/.opencode/skills/no-unauthorized-write/SKILL.md
[2026-08-11 08:11:24] 违规已记录: 第606次 - 检测到未授权文件修改: /workspace/.opencode/skills/no-unauthorized-write/SKILL.md
[2026-08-11 08:11:24] 检测到未授权写入: /workspace/.opencode/skills/no-unauthorized-write/SKILL.md
[2026-08-11 08:11:24] 违规已记录: 第607次 - 检测到未授权文件修改: /workspace/.opencode/skills/no-unauthorized-write/SKILL.md
[2026-08-11 08:11:24] 检测到未授权写入: /workspace/.opencode/skills/no-unauthorized-write/SKILL.md
[2026-08-11 08:11:24] 违规已记录: 第608次 - 检测到未授权文件修改: /workspace/.opencode/skills/no-unauthorized-write/SKILL.md
[2026-08-11 08:11:24] 检测到未授权写入: /workspace/.opencode/skills/no-unauthorized-write/SKILL.md
[2026-08-11 08:11:24] 违规已记录: 第609次 - 检测到未授权文件修改: /workspace/.opencode/skills/no-unauthorized-write/SKILL.md
[2026-08-11 08:11:24] 检测到未授权写入: /workspace/.opencode/skills/no-unauthorized-write/SKILL.md
[2026-08-11 08:11:24] 违规已记录: 第610次 - 检测到未授权文件修改: /workspace/.opencode/skills/no-unauthorized-write/SKILL.md
[2026-08-11 08:11:24] 检测到未授权写入: /workspace/.opencode/skills/no-unauthorized-write/SKILL.md
[2026-08-11 08:11:24] 违规已记录: 第611次 - 检测到未授权文件修改: /workspace/.opencode/skills/no-unauthorized-write/SKILL.md
[2026-08-11 08:11:25] 检测到未授权写入: /workspace/.opencode/skills/no-unauthorized-write/SKILL.md
[2026-08-11 08:11:25] 违规已记录: 第612次 - 检测到未授权文件修改: /workspace/.opencode/skills/no-unauthorized-write/SKILL.md
[2026-08-11 08:11:25] 检测到未授权写入: /workspace/.opencode/skills/no-unauthorized-write/SKILL.md
[2026-08-11 08:11:25] 违规已记录: 第613次 - 检测到未授权文件修改: /workspace/.opencode/skills/no-unauthorized-write/SKILL.md
[2026-08-11 08:11:25] 检测到未授权写入: /workspace/.opencode/skills/no-unauthorized-write/SKILL.md
[2026-08-11 08:11:25] 违规已记录: 第614次 - 检测到未授权文件修改: /workspace/.opencode/skills/no-unauthorized-write/SKILL.md
[2026-08-11 08:11:25] 检测到未授权写入: /workspace/.opencode/skills/no-unauthorized-write/SKILL.md
[2026-08-11 08:11:25] 违规已记录: 第615次 - 检测到未授权文件修改: /workspace/.opencode/skills/no-unauthorized-write/SKILL.md
[2026-08-11 08:11:25] 检测到未授权写入: /workspace/.opencode/skills/no-unauthorized-write/SKILL.md
[2026-08-11 08:11:25] 违规已记录: 第616次 - 检测到未授权文件修改: /workspace/.opencode/skills/no-unauthorized-write/SKILL.md
[2026-08-11 08:11:25] 检测到未授权写入: /workspace/.opencode/skills/no-unauthorized-write/SKILL.md
[2026-08-11 08:11:25] 违规已记录: 第617次 - 检测到未授权文件修改: /workspace/.opencode/skills/no-unauthorized-write/SKILL.md
[2026-08-11 08:11:25] 检测到未授权写入: /workspace/.opencode/skills/no-unauthorized-write/SKILL.md
[2026-08-11 08:11:25] 违规已记录: 第618次 - 检测到未授权文件修改: /workspace/.opencode/skills/no-unauthorized-write/SKILL.md
[2026-08-11 08:11:25] 检测到未授权写入: /workspace/.opencode/skills/no-unauthorized-write/SKILL.md
[2026-08-11 08:11:25] 违规已记录: 第619次 - 检测到未授权文件修改: /workspace/.opencode/skills/no-unauthorized-write/SKILL.md
[2026-08-11 08:11:25] 检测到未授权写入: /workspace/.opencode/skills/no-unauthorized-write/SKILL.md
[2026-08-11 08:11:25] 违规已记录: 第620次 - 检测到未授权文件修改: /workspace/.opencode/skills/no-unauthorized-write/SKILL.md
[2026-08-11 08:11:25] 检测到未授权写入: /workspace/.opencode/skills/no-unauthorized-write/SKILL.md
[2026-08-11 08:11:25] 违规已记录: 第621次 - 检测到未授权文件修改: /workspace/.opencode/skills/no-unauthorized-write/SKILL.md
[2026-08-11 08:11:26] 检测到未授权写入: /workspace/.opencode/skills/no-unauthorized-write/SKILL.md
[2026-08-11 08:11:26] 违规已记录: 第622次 - 检测到未授权文件修改: /workspace/.opencode/skills/no-unauthorized-write/SKILL.md
[2026-08-11 08:11:26] 检测到未授权写入: /workspace/.opencode/skills/no-unauthorized-write/SKILL.md
[2026-08-11 08:11:26] 违规已记录: 第623次 - 检测到未授权文件修改: /workspace/.opencode/skills/no-unauthorized-write/SKILL.md
[2026-08-11 08:11:26] 检测到未授权写入: /workspace/.opencode/skills/no-unauthorized-write/SKILL.md
[2026-08-11 08:11:26] 违规已记录: 第624次 - 检测到未授权文件修改: /workspace/.opencode/skills/no-unauthorized-write/SKILL.md
[2026-08-11 08:11:26] 检测到未授权写入: /workspace/.opencode/skills/no-unauthorized-write/SKILL.md
[2026-08-11 08:11:26] 违规已记录: 第625次 - 检测到未授权文件修改: /workspace/.opencode/skills/no-unauthorized-write/SKILL.md
[2026-08-11 08:11:26] 检测到未授权写入: /workspace/.opencode/skills/no-unauthorized-write/SKILL.md
[2026-08-11 08:11:26] 违规已记录: 第626次 - 检测到未授权文件修改: /workspace/.opencode/skills/no-unauthorized-write/SKILL.md
[2026-08-11 08:11:26] 检测到未授权写入: /workspace/.opencode/skills/no-unauthorized-write/SKILL.md
[2026-08-11 08:11:26] 违规已记录: 第627次 - 检测到未授权文件修改: /workspace/.opencode/skills/no-unauthorized-write/SKILL.md
[2026-08-11 08:11:26] 检测到未授权写入: /workspace/.opencode/skills/no-unauthorized-write/SKILL.md
[2026-08-11 08:11:26] 违规已记录: 第628次 - 检测到未授权文件修改: /workspace/.opencode/skills/no-unauthorized-write/SKILL.md
[2026-08-11 08:11:26] 检测到未授权写入: /workspace/.opencode/skills/no-unauthorized-write/SKILL.md
[2026-08-11 08:11:26] 违规已记录: 第629次 - 检测到未授权文件修改: /workspace/.opencode/skills/no-unauthorized-write/SKILL.md
[2026-08-11 08:11:26] 检测到未授权写入: /workspace/.opencode/skills/no-unauthorized-write/SKILL.md
[2026-08-11 08:11:26] 违规已记录: 第630次 - 检测到未授权文件修改: /workspace/.opencode/skills/no-unauthorized-write/SKILL.md
[2026-08-11 08:11:27] 检测到未授权写入: /workspace/.opencode/skills/no-unauthorized-write/SKILL.md
[2026-08-11 08:11:27] 违规已记录: 第631次 - 检测到未授权文件修改: /workspace/.opencode/skills/no-unauthorized-write/SKILL.md
[2026-08-11 08:11:27] 检测到未授权写入: /workspace/.opencode/skills/no-unauthorized-write/SKILL.md
[2026-08-11 08:11:27] 违规已记录: 第632次 - 检测到未授权文件修改: /workspace/.opencode/skills/no-unauthorized-write/SKILL.md
[2026-08-11 08:11:27] 检测到未授权写入: /workspace/.opencode/skills/no-unauthorized-write/SKILL.md
[2026-08-11 08:11:27] 违规已记录: 第633次 - 检测到未授权文件修改: /workspace/.opencode/skills/no-unauthorized-write/SKILL.md
[2026-08-11 08:11:27] 检测到未授权写入: /workspace/.opencode/skills/no-unauthorized-write/SKILL.md
[2026-08-11 08:11:27] 违规已记录: 第634次 - 检测到未授权文件修改: /workspace/.opencode/skills/no-unauthorized-write/SKILL.md
[2026-08-11 08:11:27] 检测到未授权写入: /workspace/.opencode/skills/no-unauthorized-write/SKILL.md
[2026-08-11 08:11:27] 违规已记录: 第635次 - 检测到未授权文件修改: /workspace/.opencode/skills/no-unauthorized-write/SKILL.md
[2026-08-11 08:11:27] 检测到未授权写入: /workspace/.opencode/skills/no-unauthorized-write/SKILL.md
[2026-08-11 08:11:27] 违规已记录: 第636次 - 检测到未授权文件修改: /workspace/.opencode/skills/no-unauthorized-write/SKILL.md
[2026-08-11 08:11:27] 检测到未授权写入: /workspace/.opencode/skills/no-unauthorized-write/SKILL.md
[2026-08-11 08:11:27] 违规已记录: 第637次 - 检测到未授权文件修改: /workspace/.opencode/skills/no-unauthorized-write/SKILL.md
[2026-08-11 08:11:27] 检测到未授权写入: /workspace/.opencode/skills/no-unauthorized-write/SKILL.md
[2026-08-11 08:11:27] 违规已记录: 第638次 - 检测到未授权文件修改: /workspace/.opencode/skills/no-unauthorized-write/SKILL.md
[2026-08-11 08:11:27] 检测到未授权写入: /workspace/.opencode/skills/no-unauthorized-write/SKILL.md
[2026-08-11 08:11:27] 违规已记录: 第639次 - 检测到未授权文件修改: /workspace/.opencode/skills/no-unauthorized-write/SKILL.md
[2026-08-11 08:11:27] 检测到未授权写入: /workspace/.opencode/skills/no-unauthorized-write/SKILL.md
[2026-08-11 08:11:27] 违规已记录: 第640次 - 检测到未授权文件修改: /workspace/.opencode/skills/no-unauthorized-write/SKILL.md
[2026-08-11 08:11:28] 检测到未授权写入: /workspace/.opencode/skills/no-unauthorized-write/SKILL.md
[2026-08-11 08:11:28] 违规已记录: 第641次 - 检测到未授权文件修改: /workspace/.opencode/skills/no-unauthorized-write/SKILL.md
[2026-08-11 08:11:28] 检测到未授权写入: /workspace/.opencode/skills/no-unauthorized-write/SKILL.md
[2026-08-11 08:11:28] 违规已记录: 第642次 - 检测到未授权文件修改: /workspace/.opencode/skills/no-unauthorized-write/SKILL.md
[2026-08-11 08:11:28] 检测到未授权写入: /workspace/.opencode/skills/no-unauthorized-write/SKILL.md
[2026-08-11 08:11:28] 违规已记录: 第643次 - 检测到未授权文件修改: /workspace/.opencode/skills/no-unauthorized-write/SKILL.md
[2026-08-11 08:11:28] 检测到未授权写入: /workspace/.opencode/skills/no-unauthorized-write/SKILL.md
[2026-08-11 08:11:28] 违规已记录: 第644次 - 检测到未授权文件修改: /workspace/.opencode/skills/no-unauthorized-write/SKILL.md
[2026-08-11 08:11:28] 检测到未授权写入: /workspace/.opencode/skills/no-unauthorized-write/SKILL.md
[2026-08-11 08:11:28] 违规已记录: 第645次 - 检测到未授权文件修改: /workspace/.opencode/skills/no-unauthorized-write/SKILL.md
[2026-08-11 08:11:28] 检测到未授权写入: /workspace/.opencode/skills/no-unauthorized-write/SKILL.md
[2026-08-11 08:11:28] 违规已记录: 第646次 - 检测到未授权文件修改: /workspace/.opencode/skills/no-unauthorized-write/SKILL.md
[2026-08-11 08:11:28] 检测到未授权写入: /workspace/.opencode/skills/no-unauthorized-write/SKILL.md
[2026-08-11 08:11:28] 违规已记录: 第647次 - 检测到未授权文件修改: /workspace/.opencode/skills/no-unauthorized-write/SKILL.md
[2026-08-11 08:11:28] 检测到未授权写入: /workspace/.opencode/skills/no-unauthorized-write/SKILL.md
[2026-08-11 08:11:28] 违规已记录: 第648次 - 检测到未授权文件修改: /workspace/.opencode/skills/no-unauthorized-write/SKILL.md
[2026-08-11 08:11:28] 检测到未授权写入: /workspace/.opencode/skills/no-unauthorized-write/SKILL.md
[2026-08-11 08:11:28] 违规已记录: 第649次 - 检测到未授权文件修改: /workspace/.opencode/skills/no-unauthorized-write/SKILL.md
[2026-08-11 08:11:29] 检测到未授权写入: /workspace/.opencode/skills/no-unauthorized-write/SKILL.md
[2026-08-11 08:11:29] 违规已记录: 第650次 - 检测到未授权文件修改: /workspace/.opencode/skills/no-unauthorized-write/SKILL.md
[2026-08-11 08:11:29] 检测到未授权写入: /workspace/.opencode/skills/no-unauthorized-write/SKILL.md
[2026-08-11 08:11:29] 违规已记录: 第651次 - 检测到未授权文件修改: /workspace/.opencode/skills/no-unauthorized-write/SKILL.md
[2026-08-11 08:11:29] 检测到未授权写入: /workspace/.opencode/skills/no-unauthorized-write/SKILL.md
[2026-08-11 08:11:29] 违规已记录: 第652次 - 检测到未授权文件修改: /workspace/.opencode/skills/no-unauthorized-write/SKILL.md
[2026-08-11 08:11:29] 检测到未授权写入: /workspace/.opencode/skills/no-unauthorized-write/SKILL.md
[2026-08-11 08:11:29] 违规已记录: 第653次 - 检测到未授权文件修改: /workspace/.opencode/skills/no-unauthorized-write/SKILL.md
[2026-08-11 08:11:29] 检测到未授权写入: /workspace/.opencode/skills/no-unauthorized-write/SKILL.md
[2026-08-11 08:11:29] 违规已记录: 第654次 - 检测到未授权文件修改: /workspace/.opencode/skills/no-unauthorized-write/SKILL.md
[2026-08-11 08:11:29] 检测到未授权写入: /workspace/.opencode/skills/no-unauthorized-write/SKILL.md
[2026-08-11 08:11:29] 违规已记录: 第655次 - 检测到未授权文件修改: /workspace/.opencode/skills/no-unauthorized-write/SKILL.md
[2026-08-11 08:11:29] 检测到未授权写入: /workspace/.opencode/skills/no-unauthorized-write/SKILL.md
[2026-08-11 08:11:29] 违规已记录: 第656次 - 检测到未授权文件修改: /workspace/.opencode/skills/no-unauthorized-write/SKILL.md
[2026-08-11 08:11:29] 检测到未授权写入: /workspace/.opencode/skills/no-unauthorized-write/SKILL.md
[2026-08-11 08:11:29] 违规已记录: 第657次 - 检测到未授权文件修改: /workspace/.opencode/skills/no-unauthorized-write/SKILL.md
[2026-08-11 08:11:29] 检测到未授权写入: /workspace/.opencode/skills/no-unauthorized-write/SKILL.md
[2026-08-11 08:11:29] 违规已记录: 第658次 - 检测到未授权文件修改: /workspace/.opencode/skills/no-unauthorized-write/SKILL.md
[2026-08-11 08:11:29] 检测到未授权写入: /workspace/.opencode/skills/no-unauthorized-write/SKILL.md
[2026-08-11 08:11:29] 违规已记录: 第659次 - 检测到未授权文件修改: /workspace/.opencode/skills/no-unauthorized-write/SKILL.md
[2026-08-11 08:11:30] 检测到未授权写入: /workspace/.opencode/skills/no-unauthorized-write/SKILL.md
[2026-08-11 08:11:30] 违规已记录: 第660次 - 检测到未授权文件修改: /workspace/.opencode/skills/no-unauthorized-write/SKILL.md
[2026-08-11 08:11:30] 检测到未授权写入: /workspace/.opencode/skills/no-unauthorized-write/SKILL.md
[2026-08-11 08:11:30] 违规已记录: 第661次 - 检测到未授权文件修改: /workspace/.opencode/skills/no-unauthorized-write/SKILL.md
[2026-08-11 08:11:30] 检测到未授权写入: /workspace/.opencode/skills/no-unauthorized-write/SKILL.md
[2026-08-11 08:11:30] 违规已记录: 第662次 - 检测到未授权文件修改: /workspace/.opencode/skills/no-unauthorized-write/SKILL.md
[2026-08-11 08:11:30] 检测到未授权写入: /workspace/.opencode/skills/no-unauthorized-write/SKILL.md
[2026-08-11 08:11:30] 违规已记录: 第663次 - 检测到未授权文件修改: /workspace/.opencode/skills/no-unauthorized-write/SKILL.md
[2026-08-11 08:11:30] 检测到未授权写入: /workspace/.opencode/skills/no-unauthorized-write/SKILL.md
[2026-08-11 08:11:30] 违规已记录: 第664次 - 检测到未授权文件修改: /workspace/.opencode/skills/no-unauthorized-write/SKILL.md
[2026-08-11 08:11:30] 检测到未授权写入: /workspace/.opencode/skills/no-unauthorized-write/SKILL.md
[2026-08-11 08:11:30] 违规已记录: 第665次 - 检测到未授权文件修改: /workspace/.opencode/skills/no-unauthorized-write/SKILL.md
[2026-08-11 08:11:30] 检测到未授权写入: /workspace/.opencode/skills/no-unauthorized-write/SKILL.md
[2026-08-11 08:11:30] 违规已记录: 第666次 - 检测到未授权文件修改: /workspace/.opencode/skills/no-unauthorized-write/SKILL.md
[2026-08-11 08:11:30] 检测到未授权写入: /workspace/.opencode/skills/no-unauthorized-write/SKILL.md
[2026-08-11 08:11:30] 违规已记录: 第667次 - 检测到未授权文件修改: /workspace/.opencode/skills/no-unauthorized-write/SKILL.md
[2026-08-11 08:11:30] 检测到未授权写入: /workspace/.opencode/skills/no-unauthorized-write/SKILL.md
[2026-08-11 08:11:30] 违规已记录: 第668次 - 检测到未授权文件修改: /workspace/.opencode/skills/no-unauthorized-write/SKILL.md
[2026-08-11 08:11:31] 检测到未授权写入: /workspace/.opencode/skills/no-unauthorized-write/SKILL.md
[2026-08-11 08:11:31] 违规已记录: 第669次 - 检测到未授权文件修改: /workspace/.opencode/skills/no-unauthorized-write/SKILL.md
[2026-08-11 08:11:31] 检测到未授权写入: /workspace/.opencode/skills/no-unauthorized-write/SKILL.md
[2026-08-11 08:11:31] 违规已记录: 第670次 - 检测到未授权文件修改: /workspace/.opencode/skills/no-unauthorized-write/SKILL.md
[2026-08-11 08:11:31] 检测到未授权写入: /workspace/.opencode/skills/no-unauthorized-write/SKILL.md
[2026-08-11 08:11:31] 违规已记录: 第671次 - 检测到未授权文件修改: /workspace/.opencode/skills/no-unauthorized-write/SKILL.md
[2026-08-11 08:11:31] 检测到未授权写入: /workspace/.opencode/skills/no-unauthorized-write/SKILL.md
[2026-08-11 08:11:31] 违规已记录: 第672次 - 检测到未授权文件修改: /workspace/.opencode/skills/no-unauthorized-write/SKILL.md
[2026-08-11 08:11:31] 检测到未授权写入: /workspace/.opencode/skills/no-unauthorized-write/SKILL.md
[2026-08-11 08:11:31] 违规已记录: 第673次 - 检测到未授权文件修改: /workspace/.opencode/skills/no-unauthorized-write/SKILL.md
[2026-08-11 08:11:31] 检测到未授权写入: /workspace/.opencode/skills/no-unauthorized-write/SKILL.md
[2026-08-11 08:11:31] 违规已记录: 第674次 - 检测到未授权文件修改: /workspace/.opencode/skills/no-unauthorized-write/SKILL.md
[2026-08-11 08:11:31] 检测到未授权写入: /workspace/.opencode/skills/no-unauthorized-write/SKILL.md
[2026-08-11 08:11:31] 违规已记录: 第675次 - 检测到未授权文件修改: /workspace/.opencode/skills/no-unauthorized-write/SKILL.md
[2026-08-11 08:11:31] 检测到未授权写入: /workspace/.opencode/skills/no-unauthorized-write/SKILL.md
[2026-08-11 08:11:31] 违规已记录: 第676次 - 检测到未授权文件修改: /workspace/.opencode/skills/no-unauthorized-write/SKILL.md
[2026-08-11 08:11:31] 检测到未授权写入: /workspace/.opencode/skills/no-unauthorized-write/SKILL.md
[2026-08-11 08:11:31] 违规已记录: 第677次 - 检测到未授权文件修改: /workspace/.opencode/skills/no-unauthorized-write/SKILL.md
[2026-08-11 08:11:31] 检测到未授权写入: /workspace/.opencode/skills/no-unauthorized-write/SKILL.md
[2026-08-11 08:11:31] 违规已记录: 第678次 - 检测到未授权文件修改: /workspace/.opencode/skills/no-unauthorized-write/SKILL.md
[2026-08-11 08:11:32] 检测到未授权写入: /workspace/.opencode/skills/no-unauthorized-write/SKILL.md
[2026-08-11 08:11:32] 违规已记录: 第679次 - 检测到未授权文件修改: /workspace/.opencode/skills/no-unauthorized-write/SKILL.md
[2026-08-11 08:11:32] 检测到未授权写入: /workspace/.opencode/skills/no-unauthorized-write/SKILL.md
[2026-08-11 08:11:32] 违规已记录: 第680次 - 检测到未授权文件修改: /workspace/.opencode/skills/no-unauthorized-write/SKILL.md
[2026-08-11 08:11:32] 检测到未授权写入: /workspace/.opencode/skills/no-unauthorized-write/SKILL.md
[2026-08-11 08:11:32] 违规已记录: 第681次 - 检测到未授权文件修改: /workspace/.opencode/skills/no-unauthorized-write/SKILL.md
[2026-08-11 08:11:32] 检测到未授权写入: /workspace/.opencode/skills/no-unauthorized-write/SKILL.md
[2026-08-11 08:11:32] 违规已记录: 第682次 - 检测到未授权文件修改: /workspace/.opencode/skills/no-unauthorized-write/SKILL.md
[2026-08-11 08:11:32] 检测到未授权写入: /workspace/.opencode/skills/no-unauthorized-write/SKILL.md
[2026-08-11 08:11:32] 违规已记录: 第683次 - 检测到未授权文件修改: /workspace/.opencode/skills/no-unauthorized-write/SKILL.md
[2026-08-11 08:11:32] 检测到未授权写入: /workspace/.opencode/skills/no-unauthorized-write/SKILL.md
[2026-08-11 08:11:32] 违规已记录: 第684次 - 检测到未授权文件修改: /workspace/.opencode/skills/no-unauthorized-write/SKILL.md
[2026-08-11 08:11:32] 检测到未授权写入: /workspace/.opencode/skills/no-unauthorized-write/SKILL.md
[2026-08-11 08:11:32] 违规已记录: 第685次 - 检测到未授权文件修改: /workspace/.opencode/skills/no-unauthorized-write/SKILL.md
[2026-08-11 08:11:32] 检测到未授权写入: /workspace/.opencode/skills/no-unauthorized-write/SKILL.md
[2026-08-11 08:11:32] 违规已记录: 第686次 - 检测到未授权文件修改: /workspace/.opencode/skills/no-unauthorized-write/SKILL.md
[2026-08-11 08:11:32] 检测到未授权写入: /workspace/.opencode/skills/no-unauthorized-write/SKILL.md
[2026-08-11 08:11:32] 违规已记录: 第687次 - 检测到未授权文件修改: /workspace/.opencode/skills/no-unauthorized-write/SKILL.md
[2026-08-11 08:11:33] 检测到未授权写入: /workspace/.opencode/skills/no-unauthorized-write/SKILL.md
[2026-08-11 08:11:33] 违规已记录: 第688次 - 检测到未授权文件修改: /workspace/.opencode/skills/no-unauthorized-write/SKILL.md
[2026-08-11 08:11:33] 检测到未授权写入: /workspace/.opencode/skills/no-unauthorized-write/SKILL.md
[2026-08-11 08:11:33] 违规已记录: 第689次 - 检测到未授权文件修改: /workspace/.opencode/skills/no-unauthorized-write/SKILL.md
[2026-08-11 08:11:33] 检测到未授权写入: /workspace/.opencode/skills/no-unauthorized-write/SKILL.md
[2026-08-11 08:11:33] 违规已记录: 第690次 - 检测到未授权文件修改: /workspace/.opencode/skills/no-unauthorized-write/SKILL.md
[2026-08-11 08:11:33] 检测到未授权写入: /workspace/.opencode/skills/no-unauthorized-write/SKILL.md
[2026-08-11 08:11:33] 违规已记录: 第691次 - 检测到未授权文件修改: /workspace/.opencode/skills/no-unauthorized-write/SKILL.md
[2026-08-11 08:11:33] 检测到未授权写入: /workspace/.opencode/skills/no-unauthorized-write/SKILL.md
[2026-08-11 08:11:33] 违规已记录: 第692次 - 检测到未授权文件修改: /workspace/.opencode/skills/no-unauthorized-write/SKILL.md
[2026-08-11 08:11:33] 检测到未授权写入: /workspace/.opencode/skills/no-unauthorized-write/SKILL.md
[2026-08-11 08:11:33] 违规已记录: 第693次 - 检测到未授权文件修改: /workspace/.opencode/skills/no-unauthorized-write/SKILL.md
[2026-08-11 08:11:33] 检测到未授权写入: /workspace/.opencode/skills/no-unauthorized-write/SKILL.md
[2026-08-11 08:11:33] 违规已记录: 第694次 - 检测到未授权文件修改: /workspace/.opencode/skills/no-unauthorized-write/SKILL.md
[2026-08-11 08:11:33] 检测到未授权写入: /workspace/.opencode/skills/no-unauthorized-write/SKILL.md
[2026-08-11 08:11:33] 违规已记录: 第695次 - 检测到未授权文件修改: /workspace/.opencode/skills/no-unauthorized-write/SKILL.md
[2026-08-11 08:11:33] 检测到未授权写入: /workspace/.opencode/skills/no-unauthorized-write/SKILL.md
[2026-08-11 08:11:33] 违规已记录: 第696次 - 检测到未授权文件修改: /workspace/.opencode/skills/no-unauthorized-write/SKILL.md
[2026-08-11 08:11:33] 检测到未授权写入: /workspace/.opencode/skills/no-unauthorized-write/SKILL.md
[2026-08-11 08:11:33] 违规已记录: 第697次 - 检测到未授权文件修改: /workspace/.opencode/skills/no-unauthorized-write/SKILL.md
[2026-08-11 08:11:34] 检测到未授权写入: /workspace/.opencode/skills/no-unauthorized-write/SKILL.md
[2026-08-11 08:11:34] 违规已记录: 第698次 - 检测到未授权文件修改: /workspace/.opencode/skills/no-unauthorized-write/SKILL.md
[2026-08-11 08:11:34] 检测到未授权写入: /workspace/.opencode/skills/no-unauthorized-write/SKILL.md
[2026-08-11 08:11:34] 违规已记录: 第699次 - 检测到未授权文件修改: /workspace/.opencode/skills/no-unauthorized-write/SKILL.md
[2026-08-11 08:11:34] 检测到未授权写入: /workspace/.opencode/skills/no-unauthorized-write/SKILL.md
[2026-08-11 08:11:34] 违规已记录: 第700次 - 检测到未授权文件修改: /workspace/.opencode/skills/no-unauthorized-write/SKILL.md
[2026-08-11 08:11:34] 检测到未授权写入: /workspace/.opencode/skills/no-unauthorized-write/SKILL.md
[2026-08-11 08:11:34] 违规已记录: 第701次 - 检测到未授权文件修改: /workspace/.opencode/skills/no-unauthorized-write/SKILL.md
[2026-08-11 08:11:34] 检测到未授权写入: /workspace/.opencode/skills/no-unauthorized-write/SKILL.md
[2026-08-11 08:11:34] 违规已记录: 第702次 - 检测到未授权文件修改: /workspace/.opencode/skills/no-unauthorized-write/SKILL.md
[2026-08-11 08:11:34] 检测到未授权写入: /workspace/.opencode/skills/no-unauthorized-write/SKILL.md
[2026-08-11 08:11:34] 违规已记录: 第703次 - 检测到未授权文件修改: /workspace/.opencode/skills/no-unauthorized-write/SKILL.md
[2026-08-11 08:11:34] 检测到未授权写入: /workspace/.opencode/skills/no-unauthorized-write/SKILL.md
[2026-08-11 08:11:34] 违规已记录: 第704次 - 检测到未授权文件修改: /workspace/.opencode/skills/no-unauthorized-write/SKILL.md
[2026-08-11 08:11:34] 检测到未授权写入: /workspace/.opencode/skills/no-unauthorized-write/SKILL.md
[2026-08-11 08:11:34] 违规已记录: 第705次 - 检测到未授权文件修改: /workspace/.opencode/skills/no-unauthorized-write/SKILL.md
[2026-08-11 08:11:34] 检测到未授权写入: /workspace/.opencode/skills/no-unauthorized-write/SKILL.md
[2026-08-11 08:11:34] 违规已记录: 第706次 - 检测到未授权文件修改: /workspace/.opencode/skills/no-unauthorized-write/SKILL.md
[2026-08-11 08:11:35] 检测到未授权写入: /workspace/.opencode/skills/no-unauthorized-write/SKILL.md
[2026-08-11 08:11:35] 违规已记录: 第707次 - 检测到未授权文件修改: /workspace/.opencode/skills/no-unauthorized-write/SKILL.md
[2026-08-11 08:11:35] 检测到未授权写入: /workspace/.opencode/skills/no-unauthorized-write/SKILL.md
[2026-08-11 08:11:35] 违规已记录: 第708次 - 检测到未授权文件修改: /workspace/.opencode/skills/no-unauthorized-write/SKILL.md
[2026-08-11 08:11:35] 检测到未授权写入: /workspace/.opencode/skills/no-unauthorized-write/SKILL.md
[2026-08-11 08:11:35] 违规已记录: 第709次 - 检测到未授权文件修改: /workspace/.opencode/skills/no-unauthorized-write/SKILL.md
[2026-08-11 08:11:35] 检测到未授权写入: /workspace/.opencode/skills/no-unauthorized-write/SKILL.md
[2026-08-11 08:11:35] 违规已记录: 第710次 - 检测到未授权文件修改: /workspace/.opencode/skills/no-unauthorized-write/SKILL.md
[2026-08-11 08:11:35] 检测到未授权写入: /workspace/.opencode/skills/no-unauthorized-write/SKILL.md
[2026-08-11 08:11:35] 违规已记录: 第711次 - 检测到未授权文件修改: /workspace/.opencode/skills/no-unauthorized-write/SKILL.md
[2026-08-11 08:11:35] 检测到未授权写入: /workspace/.opencode/skills/no-unauthorized-write/SKILL.md
[2026-08-11 08:11:35] 违规已记录: 第712次 - 检测到未授权文件修改: /workspace/.opencode/skills/no-unauthorized-write/SKILL.md
[2026-08-11 08:11:35] 检测到未授权写入: /workspace/.opencode/skills/no-unauthorized-write/SKILL.md
[2026-08-11 08:11:35] 违规已记录: 第713次 - 检测到未授权文件修改: /workspace/.opencode/skills/no-unauthorized-write/SKILL.md
[2026-08-11 08:11:35] 检测到未授权写入: /workspace/.opencode/skills/no-unauthorized-write/SKILL.md
[2026-08-11 08:11:35] 违规已记录: 第714次 - 检测到未授权文件修改: /workspace/.opencode/skills/no-unauthorized-write/SKILL.md
[2026-08-11 08:11:35] 检测到未授权写入: /workspace/.opencode/skills/no-unauthorized-write/SKILL.md
[2026-08-11 08:11:35] 违规已记录: 第715次 - 检测到未授权文件修改: /workspace/.opencode/skills/no-unauthorized-write/SKILL.md
[2026-08-11 08:11:35] 检测到未授权写入: /workspace/.opencode/skills/no-unauthorized-write/SKILL.md
[2026-08-11 08:11:35] 违规已记录: 第716次 - 检测到未授权文件修改: /workspace/.opencode/skills/no-unauthorized-write/SKILL.md
[2026-08-11 08:11:36] 检测到未授权写入: /workspace/.opencode/skills/no-unauthorized-write/SKILL.md
[2026-08-11 08:11:36] 违规已记录: 第717次 - 检测到未授权文件修改: /workspace/.opencode/skills/no-unauthorized-write/SKILL.md
[2026-08-11 08:11:36] 检测到未授权写入: /workspace/.opencode/skills/no-unauthorized-write/SKILL.md
[2026-08-11 08:11:36] 违规已记录: 第718次 - 检测到未授权文件修改: /workspace/.opencode/skills/no-unauthorized-write/SKILL.md
[2026-08-11 08:11:36] 检测到未授权写入: /workspace/.opencode/skills/no-unauthorized-write/SKILL.md
[2026-08-11 08:11:36] 违规已记录: 第719次 - 检测到未授权文件修改: /workspace/.opencode/skills/no-unauthorized-write/SKILL.md
[2026-08-11 08:11:36] 检测到未授权写入: /workspace/.opencode/skills/no-unauthorized-write/SKILL.md
[2026-08-11 08:11:36] 违规已记录: 第720次 - 检测到未授权文件修改: /workspace/.opencode/skills/no-unauthorized-write/SKILL.md
[2026-08-11 08:11:36] 检测到未授权写入: /workspace/.opencode/skills/no-unauthorized-write/SKILL.md
[2026-08-11 08:11:36] 违规已记录: 第721次 - 检测到未授权文件修改: /workspace/.opencode/skills/no-unauthorized-write/SKILL.md
[2026-08-11 08:11:36] 检测到未授权写入: /workspace/.opencode/skills/no-unauthorized-write/SKILL.md
[2026-08-11 08:11:36] 违规已记录: 第722次 - 检测到未授权文件修改: /workspace/.opencode/skills/no-unauthorized-write/SKILL.md
[2026-08-11 08:11:36] 检测到未授权写入: /workspace/.opencode/skills/no-unauthorized-write/SKILL.md
[2026-08-11 08:11:36] 违规已记录: 第723次 - 检测到未授权文件修改: /workspace/.opencode/skills/no-unauthorized-write/SKILL.md
[2026-08-11 08:11:36] 检测到未授权写入: /workspace/.opencode/skills/no-unauthorized-write/SKILL.md
[2026-08-11 08:11:36] 违规已记录: 第724次 - 检测到未授权文件修改: /workspace/.opencode/skills/no-unauthorized-write/SKILL.md
[2026-08-11 08:11:36] 检测到未授权写入: /workspace/.opencode/skills/no-unauthorized-write/SKILL.md
[2026-08-11 08:11:36] 违规已记录: 第725次 - 检测到未授权文件修改: /workspace/.opencode/skills/no-unauthorized-write/SKILL.md
[2026-08-11 08:11:37] 检测到未授权写入: /workspace/.opencode/skills/no-unauthorized-write/SKILL.md
[2026-08-11 08:11:37] 违规已记录: 第726次 - 检测到未授权文件修改: /workspace/.opencode/skills/no-unauthorized-write/SKILL.md
[2026-08-11 08:11:37] 检测到未授权写入: /workspace/.opencode/skills/no-unauthorized-write/SKILL.md
[2026-08-11 08:11:37] 违规已记录: 第727次 - 检测到未授权文件修改: /workspace/.opencode/skills/no-unauthorized-write/SKILL.md
[2026-08-11 08:11:37] 检测到未授权写入: /workspace/.opencode/skills/no-unauthorized-write/SKILL.md
[2026-08-11 08:11:37] 违规已记录: 第728次 - 检测到未授权文件修改: /workspace/.opencode/skills/no-unauthorized-write/SKILL.md
[2026-08-11 08:11:37] 检测到未授权写入: /workspace/.opencode/skills/no-unauthorized-write/SKILL.md
[2026-08-11 08:11:37] 违规已记录: 第729次 - 检测到未授权文件修改: /workspace/.opencode/skills/no-unauthorized-write/SKILL.md
[2026-08-11 08:11:37] 检测到未授权写入: /workspace/.opencode/skills/no-unauthorized-write/SKILL.md
[2026-08-11 08:11:37] 违规已记录: 第730次 - 检测到未授权文件修改: /workspace/.opencode/skills/no-unauthorized-write/SKILL.md
[2026-08-11 08:11:37] 检测到未授权写入: /workspace/.opencode/skills/no-unauthorized-write/SKILL.md
[2026-08-11 08:11:37] 违规已记录: 第731次 - 检测到未授权文件修改: /workspace/.opencode/skills/no-unauthorized-write/SKILL.md
[2026-08-11 08:11:37] 检测到未授权写入: /workspace/.opencode/skills/no-unauthorized-write/SKILL.md
[2026-08-11 08:11:37] 违规已记录: 第732次 - 检测到未授权文件修改: /workspace/.opencode/skills/no-unauthorized-write/SKILL.md
[2026-08-11 08:11:37] 检测到未授权写入: /workspace/.opencode/skills/no-unauthorized-write/SKILL.md
[2026-08-11 08:11:37] 违规已记录: 第733次 - 检测到未授权文件修改: /workspace/.opencode/skills/no-unauthorized-write/SKILL.md
[2026-08-11 08:11:37] 检测到未授权写入: /workspace/.opencode/skills/no-unauthorized-write/SKILL.md
[2026-08-11 08:11:37] 违规已记录: 第734次 - 检测到未授权文件修改: /workspace/.opencode/skills/no-unauthorized-write/SKILL.md
[2026-08-11 08:11:37] 检测到未授权写入: /workspace/.opencode/skills/no-unauthorized-write/SKILL.md
[2026-08-11 08:11:37] 违规已记录: 第735次 - 检测到未授权文件修改: /workspace/.opencode/skills/no-unauthorized-write/SKILL.md
[2026-08-11 08:11:38] 检测到未授权写入: /workspace/.opencode/skills/no-unauthorized-write/SKILL.md
[2026-08-11 08:11:38] 违规已记录: 第736次 - 检测到未授权文件修改: /workspace/.opencode/skills/no-unauthorized-write/SKILL.md
[2026-08-11 08:11:38] 检测到未授权写入: /workspace/.opencode/skills/no-unauthorized-write/SKILL.md
[2026-08-11 08:11:38] 违规已记录: 第737次 - 检测到未授权文件修改: /workspace/.opencode/skills/no-unauthorized-write/SKILL.md
[2026-08-11 08:11:38] 检测到未授权写入: /workspace/.opencode/skills/no-unauthorized-write/SKILL.md
[2026-08-11 08:11:38] 违规已记录: 第738次 - 检测到未授权文件修改: /workspace/.opencode/skills/no-unauthorized-write/SKILL.md
[2026-08-11 08:11:38] 检测到未授权写入: /workspace/.opencode/skills/no-unauthorized-write/SKILL.md
[2026-08-11 08:11:38] 违规已记录: 第739次 - 检测到未授权文件修改: /workspace/.opencode/skills/no-unauthorized-write/SKILL.md
[2026-08-11 08:11:38] 检测到未授权写入: /workspace/.opencode/skills/no-unauthorized-write/SKILL.md
[2026-08-11 08:11:38] 违规已记录: 第740次 - 检测到未授权文件修改: /workspace/.opencode/skills/no-unauthorized-write/SKILL.md
[2026-08-11 08:11:38] 检测到未授权写入: /workspace/.opencode/skills/no-unauthorized-write/SKILL.md
[2026-08-11 08:11:38] 违规已记录: 第741次 - 检测到未授权文件修改: /workspace/.opencode/skills/no-unauthorized-write/SKILL.md
[2026-08-11 08:11:38] 检测到未授权写入: /workspace/.opencode/skills/no-unauthorized-write/SKILL.md
[2026-08-11 08:11:38] 违规已记录: 第742次 - 检测到未授权文件修改: /workspace/.opencode/skills/no-unauthorized-write/SKILL.md
[2026-08-11 08:11:38] 检测到未授权写入: /workspace/.opencode/skills/no-unauthorized-write/SKILL.md
[2026-08-11 08:11:38] 违规已记录: 第743次 - 检测到未授权文件修改: /workspace/.opencode/skills/no-unauthorized-write/SKILL.md
[2026-08-11 08:11:38] 检测到未授权写入: /workspace/.opencode/skills/no-unauthorized-write/SKILL.md
[2026-08-11 08:11:38] 违规已记录: 第744次 - 检测到未授权文件修改: /workspace/.opencode/skills/no-unauthorized-write/SKILL.md
[2026-08-11 08:11:39] 检测到未授权写入: /workspace/.opencode/skills/no-unauthorized-write/SKILL.md
[2026-08-11 08:11:39] 违规已记录: 第745次 - 检测到未授权文件修改: /workspace/.opencode/skills/no-unauthorized-write/SKILL.md
[2026-08-11 08:11:39] 检测到未授权写入: /workspace/.opencode/skills/no-unauthorized-write/SKILL.md
[2026-08-11 08:11:39] 违规已记录: 第746次 - 检测到未授权文件修改: /workspace/.opencode/skills/no-unauthorized-write/SKILL.md
[2026-08-11 08:11:39] 检测到未授权写入: /workspace/.opencode/skills/no-unauthorized-write/SKILL.md
[2026-08-11 08:11:39] 违规已记录: 第747次 - 检测到未授权文件修改: /workspace/.opencode/skills/no-unauthorized-write/SKILL.md
[2026-08-11 08:11:39] 检测到未授权写入: /workspace/.opencode/skills/no-unauthorized-write/SKILL.md
[2026-08-11 08:11:39] 违规已记录: 第748次 - 检测到未授权文件修改: /workspace/.opencode/skills/no-unauthorized-write/SKILL.md
[2026-08-11 08:11:39] 检测到未授权写入: /workspace/.opencode/skills/no-unauthorized-write/SKILL.md
[2026-08-11 08:11:39] 违规已记录: 第749次 - 检测到未授权文件修改: /workspace/.opencode/skills/no-unauthorized-write/SKILL.md
[2026-08-11 08:11:39] 检测到未授权写入: /workspace/.opencode/skills/no-unauthorized-write/SKILL.md
[2026-08-11 08:11:39] 违规已记录: 第750次 - 检测到未授权文件修改: /workspace/.opencode/skills/no-unauthorized-write/SKILL.md
[2026-08-11 08:11:39] 检测到未授权写入: /workspace/.opencode/skills/no-unauthorized-write/SKILL.md
[2026-08-11 08:11:39] 违规已记录: 第751次 - 检测到未授权文件修改: /workspace/.opencode/skills/no-unauthorized-write/SKILL.md
[2026-08-11 08:11:39] 检测到未授权写入: /workspace/.opencode/skills/no-unauthorized-write/SKILL.md
[2026-08-11 08:11:39] 违规已记录: 第752次 - 检测到未授权文件修改: /workspace/.opencode/skills/no-unauthorized-write/SKILL.md
[2026-08-11 08:11:39] 检测到未授权写入: /workspace/.opencode/skills/no-unauthorized-write/SKILL.md
[2026-08-11 08:11:39] 违规已记录: 第753次 - 检测到未授权文件修改: /workspace/.opencode/skills/no-unauthorized-write/SKILL.md
[2026-08-11 08:11:39] 检测到未授权写入: /workspace/.opencode/skills/no-unauthorized-write/SKILL.md
[2026-08-11 08:11:39] 违规已记录: 第754次 - 检测到未授权文件修改: /workspace/.opencode/skills/no-unauthorized-write/SKILL.md
[2026-08-11 08:11:40] 检测到未授权写入: /workspace/.opencode/skills/no-unauthorized-write/SKILL.md
[2026-08-11 08:11:40] 违规已记录: 第755次 - 检测到未授权文件修改: /workspace/.opencode/skills/no-unauthorized-write/SKILL.md
[2026-08-11 08:11:40] 检测到未授权写入: /workspace/.opencode/skills/no-unauthorized-write/SKILL.md
[2026-08-11 08:11:40] 违规已记录: 第756次 - 检测到未授权文件修改: /workspace/.opencode/skills/no-unauthorized-write/SKILL.md
[2026-08-11 08:11:40] 检测到未授权写入: /workspace/.opencode/skills/no-unauthorized-write/SKILL.md
[2026-08-11 08:11:40] 违规已记录: 第757次 - 检测到未授权文件修改: /workspace/.opencode/skills/no-unauthorized-write/SKILL.md
[2026-08-11 08:11:40] 检测到未授权写入: /workspace/.opencode/skills/no-unauthorized-write/SKILL.md
[2026-08-11 08:11:40] 违规已记录: 第758次 - 检测到未授权文件修改: /workspace/.opencode/skills/no-unauthorized-write/SKILL.md
[2026-08-11 08:11:40] 检测到未授权写入: /workspace/.opencode/skills/no-unauthorized-write/SKILL.md
[2026-08-11 08:11:40] 违规已记录: 第759次 - 检测到未授权文件修改: /workspace/.opencode/skills/no-unauthorized-write/SKILL.md
[2026-08-11 08:11:40] 检测到未授权写入: /workspace/.opencode/skills/no-unauthorized-write/SKILL.md
[2026-08-11 08:11:40] 违规已记录: 第760次 - 检测到未授权文件修改: /workspace/.opencode/skills/no-unauthorized-write/SKILL.md
[2026-08-11 08:11:40] 检测到未授权写入: /workspace/.opencode/skills/no-unauthorized-write/SKILL.md
[2026-08-11 08:11:40] 违规已记录: 第761次 - 检测到未授权文件修改: /workspace/.opencode/skills/no-unauthorized-write/SKILL.md
[2026-08-11 08:11:40] 检测到未授权写入: /workspace/.opencode/skills/no-unauthorized-write/SKILL.md
[2026-08-11 08:11:40] 违规已记录: 第762次 - 检测到未授权文件修改: /workspace/.opencode/skills/no-unauthorized-write/SKILL.md
[2026-08-11 08:11:40] 检测到未授权写入: /workspace/.opencode/skills/no-unauthorized-write/SKILL.md
[2026-08-11 08:11:40] 违规已记录: 第763次 - 检测到未授权文件修改: /workspace/.opencode/skills/no-unauthorized-write/SKILL.md
[2026-08-11 08:11:41] 检测到未授权写入: /workspace/.opencode/skills/no-unauthorized-write/SKILL.md
[2026-08-11 08:11:41] 违规已记录: 第764次 - 检测到未授权文件修改: /workspace/.opencode/skills/no-unauthorized-write/SKILL.md
[2026-08-11 08:11:41] 检测到未授权写入: /workspace/.opencode/skills/no-unauthorized-write/SKILL.md
[2026-08-11 08:11:41] 违规已记录: 第765次 - 检测到未授权文件修改: /workspace/.opencode/skills/no-unauthorized-write/SKILL.md
[2026-08-11 08:11:41] 检测到未授权写入: /workspace/.opencode/skills/no-unauthorized-write/SKILL.md
[2026-08-11 08:11:41] 违规已记录: 第766次 - 检测到未授权文件修改: /workspace/.opencode/skills/no-unauthorized-write/SKILL.md
[2026-08-11 08:11:41] 检测到未授权写入: /workspace/.opencode/skills/no-unauthorized-write/SKILL.md
[2026-08-11 08:11:41] 违规已记录: 第767次 - 检测到未授权文件修改: /workspace/.opencode/skills/no-unauthorized-write/SKILL.md
[2026-08-11 08:11:41] 检测到未授权写入: /workspace/.opencode/skills/no-unauthorized-write/SKILL.md
[2026-08-11 08:11:41] 违规已记录: 第768次 - 检测到未授权文件修改: /workspace/.opencode/skills/no-unauthorized-write/SKILL.md
[2026-08-11 08:11:41] 检测到未授权写入: /workspace/.opencode/skills/no-unauthorized-write/SKILL.md
[2026-08-11 08:11:41] 违规已记录: 第769次 - 检测到未授权文件修改: /workspace/.opencode/skills/no-unauthorized-write/SKILL.md
[2026-08-11 08:11:41] 检测到未授权写入: /workspace/.opencode/skills/no-unauthorized-write/SKILL.md
[2026-08-11 08:11:41] 违规已记录: 第770次 - 检测到未授权文件修改: /workspace/.opencode/skills/no-unauthorized-write/SKILL.md
[2026-08-11 08:11:41] 检测到未授权写入: /workspace/.opencode/skills/no-unauthorized-write/SKILL.md
[2026-08-11 08:11:41] 违规已记录: 第771次 - 检测到未授权文件修改: /workspace/.opencode/skills/no-unauthorized-write/SKILL.md
[2026-08-11 08:11:41] 检测到未授权写入: /workspace/.opencode/skills/no-unauthorized-write/SKILL.md
[2026-08-11 08:11:41] 违规已记录: 第772次 - 检测到未授权文件修改: /workspace/.opencode/skills/no-unauthorized-write/SKILL.md
[2026-08-11 08:11:41] 检测到未授权写入: /workspace/.opencode/skills/no-unauthorized-write/SKILL.md
[2026-08-11 08:11:41] 违规已记录: 第773次 - 检测到未授权文件修改: /workspace/.opencode/skills/no-unauthorized-write/SKILL.md
[2026-08-11 08:11:42] 检测到未授权写入: /workspace/.opencode/skills/no-unauthorized-write/SKILL.md
[2026-08-11 08:11:42] 违规已记录: 第774次 - 检测到未授权文件修改: /workspace/.opencode/skills/no-unauthorized-write/SKILL.md
[2026-08-11 08:11:42] 检测到未授权写入: /workspace/.opencode/skills/no-unauthorized-write/SKILL.md
[2026-08-11 08:11:42] 违规已记录: 第775次 - 检测到未授权文件修改: /workspace/.opencode/skills/no-unauthorized-write/SKILL.md
[2026-08-11 08:11:42] 检测到未授权写入: /workspace/.opencode/skills/no-unauthorized-write/SKILL.md
[2026-08-11 08:11:42] 违规已记录: 第776次 - 检测到未授权文件修改: /workspace/.opencode/skills/no-unauthorized-write/SKILL.md
[2026-08-11 08:11:42] 检测到未授权写入: /workspace/.opencode/skills/no-unauthorized-write/SKILL.md
[2026-08-11 08:11:42] 违规已记录: 第777次 - 检测到未授权文件修改: /workspace/.opencode/skills/no-unauthorized-write/SKILL.md
[2026-08-11 08:11:42] 检测到未授权写入: /workspace/.opencode/skills/no-unauthorized-write/SKILL.md
[2026-08-11 08:11:42] 违规已记录: 第778次 - 检测到未授权文件修改: /workspace/.opencode/skills/no-unauthorized-write/SKILL.md
[2026-08-11 08:11:42] 检测到未授权写入: /workspace/.opencode/skills/no-unauthorized-write/SKILL.md
[2026-08-11 08:11:42] 违规已记录: 第779次 - 检测到未授权文件修改: /workspace/.opencode/skills/no-unauthorized-write/SKILL.md
[2026-08-11 08:11:42] 检测到未授权写入: /workspace/.opencode/skills/no-unauthorized-write/SKILL.md
[2026-08-11 08:11:42] 违规已记录: 第780次 - 检测到未授权文件修改: /workspace/.opencode/skills/no-unauthorized-write/SKILL.md
[2026-08-11 08:11:42] 检测到未授权写入: /workspace/.opencode/skills/no-unauthorized-write/SKILL.md
[2026-08-11 08:11:42] 违规已记录: 第781次 - 检测到未授权文件修改: /workspace/.opencode/skills/no-unauthorized-write/SKILL.md
[2026-08-11 08:11:42] 检测到未授权写入: /workspace/.opencode/skills/no-unauthorized-write/SKILL.md
[2026-08-11 08:11:42] 违规已记录: 第782次 - 检测到未授权文件修改: /workspace/.opencode/skills/no-unauthorized-write/SKILL.md
[2026-08-11 08:11:43] 检测到未授权写入: /workspace/.opencode/skills/no-unauthorized-write/SKILL.md
[2026-08-11 08:11:43] 违规已记录: 第783次 - 检测到未授权文件修改: /workspace/.opencode/skills/no-unauthorized-write/SKILL.md
[2026-08-11 08:11:43] 检测到未授权写入: /workspace/.opencode/skills/no-unauthorized-write/SKILL.md
[2026-08-11 08:11:43] 违规已记录: 第784次 - 检测到未授权文件修改: /workspace/.opencode/skills/no-unauthorized-write/SKILL.md
[2026-08-11 08:11:43] 检测到未授权写入: /workspace/.opencode/skills/no-unauthorized-write/SKILL.md
[2026-08-11 08:11:43] 违规已记录: 第785次 - 检测到未授权文件修改: /workspace/.opencode/skills/no-unauthorized-write/SKILL.md
[2026-08-11 08:11:43] 检测到未授权写入: /workspace/.opencode/skills/no-unauthorized-write/SKILL.md
[2026-08-11 08:11:43] 违规已记录: 第786次 - 检测到未授权文件修改: /workspace/.opencode/skills/no-unauthorized-write/SKILL.md
[2026-08-11 08:11:43] 检测到未授权写入: /workspace/.opencode/skills/no-unauthorized-write/SKILL.md
[2026-08-11 08:11:43] 违规已记录: 第787次 - 检测到未授权文件修改: /workspace/.opencode/skills/no-unauthorized-write/SKILL.md
[2026-08-11 08:11:43] 检测到未授权写入: /workspace/.opencode/skills/no-unauthorized-write/SKILL.md
[2026-08-11 08:11:43] 违规已记录: 第788次 - 检测到未授权文件修改: /workspace/.opencode/skills/no-unauthorized-write/SKILL.md
[2026-08-11 08:11:43] 检测到未授权写入: /workspace/.opencode/skills/no-unauthorized-write/SKILL.md
[2026-08-11 08:11:43] 违规已记录: 第789次 - 检测到未授权文件修改: /workspace/.opencode/skills/no-unauthorized-write/SKILL.md
[2026-08-11 08:11:43] 检测到未授权写入: /workspace/.opencode/skills/no-unauthorized-write/SKILL.md
[2026-08-11 08:11:43] 违规已记录: 第790次 - 检测到未授权文件修改: /workspace/.opencode/skills/no-unauthorized-write/SKILL.md
[2026-08-11 08:11:43] 检测到未授权写入: /workspace/.opencode/skills/no-unauthorized-write/SKILL.md
[2026-08-11 08:11:43] 违规已记录: 第791次 - 检测到未授权文件修改: /workspace/.opencode/skills/no-unauthorized-write/SKILL.md
[2026-08-11 08:11:43] 检测到未授权写入: /workspace/.opencode/skills/no-unauthorized-write/SKILL.md
[2026-08-11 08:11:43] 违规已记录: 第792次 - 检测到未授权文件修改: /workspace/.opencode/skills/no-unauthorized-write/SKILL.md
[2026-08-11 08:11:44] 检测到未授权写入: /workspace/.opencode/skills/no-unauthorized-write/SKILL.md
[2026-08-11 08:11:44] 违规已记录: 第793次 - 检测到未授权文件修改: /workspace/.opencode/skills/no-unauthorized-write/SKILL.md
[2026-08-11 08:11:44] 检测到未授权写入: /workspace/.opencode/skills/no-unauthorized-write/SKILL.md
[2026-08-11 08:11:44] 违规已记录: 第794次 - 检测到未授权文件修改: /workspace/.opencode/skills/no-unauthorized-write/SKILL.md
[2026-08-11 08:11:44] 检测到未授权写入: /workspace/.opencode/skills/no-unauthorized-write/SKILL.md
[2026-08-11 08:11:44] 违规已记录: 第795次 - 检测到未授权文件修改: /workspace/.opencode/skills/no-unauthorized-write/SKILL.md
[2026-08-11 08:11:44] 检测到未授权写入: /workspace/.opencode/skills/no-unauthorized-write/SKILL.md
[2026-08-11 08:11:44] 违规已记录: 第796次 - 检测到未授权文件修改: /workspace/.opencode/skills/no-unauthorized-write/SKILL.md
[2026-08-11 08:11:44] 检测到未授权写入: /workspace/.opencode/skills/no-unauthorized-write/SKILL.md
[2026-08-11 08:11:44] 违规已记录: 第797次 - 检测到未授权文件修改: /workspace/.opencode/skills/no-unauthorized-write/SKILL.md
[2026-08-11 08:11:44] 检测到未授权写入: /workspace/.opencode/skills/no-unauthorized-write/SKILL.md
[2026-08-11 08:11:44] 违规已记录: 第798次 - 检测到未授权文件修改: /workspace/.opencode/skills/no-unauthorized-write/SKILL.md
[2026-08-11 08:11:44] 检测到未授权写入: /workspace/.opencode/skills/no-unauthorized-write/SKILL.md
[2026-08-11 08:11:44] 违规已记录: 第799次 - 检测到未授权文件修改: /workspace/.opencode/skills/no-unauthorized-write/SKILL.md
[2026-08-11 08:11:44] 检测到未授权写入: /workspace/.opencode/skills/no-unauthorized-write/SKILL.md
[2026-08-11 08:11:44] 违规已记录: 第800次 - 检测到未授权文件修改: /workspace/.opencode/skills/no-unauthorized-write/SKILL.md
[2026-08-11 08:11:44] 检测到未授权写入: /workspace/.opencode/skills/no-unauthorized-write/SKILL.md
[2026-08-11 08:11:44] 违规已记录: 第801次 - 检测到未授权文件修改: /workspace/.opencode/skills/no-unauthorized-write/SKILL.md
[2026-08-11 08:11:45] 检测到未授权写入: /workspace/.opencode/skills/no-unauthorized-write/SKILL.md
[2026-08-11 08:11:45] 违规已记录: 第802次 - 检测到未授权文件修改: /workspace/.opencode/skills/no-unauthorized-write/SKILL.md
[2026-08-11 08:11:45] 检测到未授权写入: /workspace/.opencode/skills/no-unauthorized-write/SKILL.md
[2026-08-11 08:11:45] 违规已记录: 第803次 - 检测到未授权文件修改: /workspace/.opencode/skills/no-unauthorized-write/SKILL.md
[2026-08-11 08:11:45] 检测到未授权写入: /workspace/.opencode/skills/no-unauthorized-write/SKILL.md
[2026-08-11 08:11:45] 违规已记录: 第804次 - 检测到未授权文件修改: /workspace/.opencode/skills/no-unauthorized-write/SKILL.md
[2026-08-11 08:11:45] 检测到未授权写入: /workspace/.opencode/skills/no-unauthorized-write/SKILL.md
[2026-08-11 08:11:45] 违规已记录: 第805次 - 检测到未授权文件修改: /workspace/.opencode/skills/no-unauthorized-write/SKILL.md
[2026-08-11 08:11:45] 检测到未授权写入: /workspace/.opencode/skills/no-unauthorized-write/SKILL.md
[2026-08-11 08:11:45] 违规已记录: 第806次 - 检测到未授权文件修改: /workspace/.opencode/skills/no-unauthorized-write/SKILL.md
[2026-08-11 08:11:45] 检测到未授权写入: /workspace/.opencode/skills/no-unauthorized-write/SKILL.md
[2026-08-11 08:11:45] 违规已记录: 第807次 - 检测到未授权文件修改: /workspace/.opencode/skills/no-unauthorized-write/SKILL.md
[2026-08-11 08:11:45] 检测到未授权写入: /workspace/.opencode/skills/no-unauthorized-write/SKILL.md
[2026-08-11 08:11:45] 违规已记录: 第808次 - 检测到未授权文件修改: /workspace/.opencode/skills/no-unauthorized-write/SKILL.md
[2026-08-11 08:11:45] 检测到未授权写入: /workspace/.opencode/skills/no-unauthorized-write/SKILL.md
[2026-08-11 08:11:45] 违规已记录: 第809次 - 检测到未授权文件修改: /workspace/.opencode/skills/no-unauthorized-write/SKILL.md
[2026-08-11 08:11:45] 检测到未授权写入: /workspace/.opencode/skills/no-unauthorized-write/SKILL.md
[2026-08-11 08:11:45] 违规已记录: 第810次 - 检测到未授权文件修改: /workspace/.opencode/skills/no-unauthorized-write/SKILL.md
[2026-08-11 08:11:45] 检测到未授权写入: /workspace/.opencode/skills/no-unauthorized-write/SKILL.md
[2026-08-11 08:11:45] 违规已记录: 第811次 - 检测到未授权文件修改: /workspace/.opencode/skills/no-unauthorized-write/SKILL.md
[2026-08-11 08:11:46] 检测到未授权写入: /workspace/.opencode/skills/no-unauthorized-write/SKILL.md
[2026-08-11 08:11:46] 违规已记录: 第812次 - 检测到未授权文件修改: /workspace/.opencode/skills/no-unauthorized-write/SKILL.md
[2026-08-11 08:11:46] 检测到未授权写入: /workspace/.opencode/skills/no-unauthorized-write/SKILL.md
[2026-08-11 08:11:46] 违规已记录: 第813次 - 检测到未授权文件修改: /workspace/.opencode/skills/no-unauthorized-write/SKILL.md
[2026-08-11 08:11:46] 检测到未授权写入: /workspace/.opencode/skills/no-unauthorized-write/SKILL.md
[2026-08-11 08:11:46] 违规已记录: 第814次 - 检测到未授权文件修改: /workspace/.opencode/skills/no-unauthorized-write/SKILL.md
[2026-08-11 08:11:46] 检测到未授权写入: /workspace/.opencode/skills/no-unauthorized-write/SKILL.md
[2026-08-11 08:11:46] 违规已记录: 第815次 - 检测到未授权文件修改: /workspace/.opencode/skills/no-unauthorized-write/SKILL.md
[2026-08-11 08:11:46] 检测到未授权写入: /workspace/.opencode/skills/no-unauthorized-write/SKILL.md
[2026-08-11 08:11:46] 违规已记录: 第816次 - 检测到未授权文件修改: /workspace/.opencode/skills/no-unauthorized-write/SKILL.md
[2026-08-11 08:11:46] 检测到未授权写入: /workspace/.opencode/skills/no-unauthorized-write/SKILL.md
[2026-08-11 08:11:46] 违规已记录: 第817次 - 检测到未授权文件修改: /workspace/.opencode/skills/no-unauthorized-write/SKILL.md
[2026-08-11 08:11:46] 检测到未授权写入: /workspace/.opencode/skills/no-unauthorized-write/SKILL.md
[2026-08-11 08:11:46] 违规已记录: 第818次 - 检测到未授权文件修改: /workspace/.opencode/skills/no-unauthorized-write/SKILL.md
[2026-08-11 08:11:46] 检测到未授权写入: /workspace/.opencode/skills/no-unauthorized-write/SKILL.md
[2026-08-11 08:11:46] 违规已记录: 第819次 - 检测到未授权文件修改: /workspace/.opencode/skills/no-unauthorized-write/SKILL.md
[2026-08-11 08:11:46] 检测到未授权写入: /workspace/.opencode/skills/no-unauthorized-write/SKILL.md
[2026-08-11 08:11:46] 违规已记录: 第820次 - 检测到未授权文件修改: /workspace/.opencode/skills/no-unauthorized-write/SKILL.md
[2026-08-11 08:11:47] 检测到未授权写入: /workspace/.opencode/skills/no-unauthorized-write/SKILL.md
[2026-08-11 08:11:47] 违规已记录: 第821次 - 检测到未授权文件修改: /workspace/.opencode/skills/no-unauthorized-write/SKILL.md
[2026-08-11 08:11:47] 检测到未授权写入: /workspace/.opencode/skills/no-unauthorized-write/SKILL.md
[2026-08-11 08:11:47] 违规已记录: 第822次 - 检测到未授权文件修改: /workspace/.opencode/skills/no-unauthorized-write/SKILL.md
[2026-08-11 08:11:47] 检测到未授权写入: /workspace/.opencode/skills/no-unauthorized-write/SKILL.md
[2026-08-11 08:11:47] 违规已记录: 第823次 - 检测到未授权文件修改: /workspace/.opencode/skills/no-unauthorized-write/SKILL.md
[2026-08-11 08:11:47] 检测到未授权写入: /workspace/.opencode/skills/no-unauthorized-write/SKILL.md
[2026-08-11 08:11:47] 违规已记录: 第824次 - 检测到未授权文件修改: /workspace/.opencode/skills/no-unauthorized-write/SKILL.md
[2026-08-11 08:11:47] 检测到未授权写入: /workspace/.opencode/skills/no-unauthorized-write/SKILL.md
[2026-08-11 08:11:47] 违规已记录: 第825次 - 检测到未授权文件修改: /workspace/.opencode/skills/no-unauthorized-write/SKILL.md
[2026-08-11 08:11:47] 检测到未授权写入: /workspace/.opencode/skills/no-unauthorized-write/SKILL.md
[2026-08-11 08:11:47] 违规已记录: 第826次 - 检测到未授权文件修改: /workspace/.opencode/skills/no-unauthorized-write/SKILL.md
[2026-08-11 08:11:47] 检测到未授权写入: /workspace/.opencode/skills/no-unauthorized-write/SKILL.md
[2026-08-11 08:11:47] 违规已记录: 第827次 - 检测到未授权文件修改: /workspace/.opencode/skills/no-unauthorized-write/SKILL.md
[2026-08-11 08:11:47] 检测到未授权写入: /workspace/.opencode/skills/no-unauthorized-write/SKILL.md
[2026-08-11 08:11:47] 违规已记录: 第828次 - 检测到未授权文件修改: /workspace/.opencode/skills/no-unauthorized-write/SKILL.md
[2026-08-11 08:11:47] 检测到未授权写入: /workspace/.opencode/skills/no-unauthorized-write/SKILL.md
[2026-08-11 08:11:47] 违规已记录: 第829次 - 检测到未授权文件修改: /workspace/.opencode/skills/no-unauthorized-write/SKILL.md
[2026-08-11 08:11:47] 检测到未授权写入: /workspace/.opencode/skills/no-unauthorized-write/SKILL.md
[2026-08-11 08:11:47] 违规已记录: 第830次 - 检测到未授权文件修改: /workspace/.opencode/skills/no-unauthorized-write/SKILL.md
[2026-08-11 08:11:48] 检测到未授权写入: /workspace/.opencode/skills/no-unauthorized-write/SKILL.md
[2026-08-11 08:11:48] 违规已记录: 第831次 - 检测到未授权文件修改: /workspace/.opencode/skills/no-unauthorized-write/SKILL.md
[2026-08-11 08:11:48] 检测到未授权写入: /workspace/.opencode/skills/no-unauthorized-write/SKILL.md
[2026-08-11 08:11:48] 违规已记录: 第832次 - 检测到未授权文件修改: /workspace/.opencode/skills/no-unauthorized-write/SKILL.md
[2026-08-11 08:11:48] 检测到未授权写入: /workspace/.opencode/skills/no-unauthorized-write/SKILL.md
[2026-08-11 08:11:48] 违规已记录: 第833次 - 检测到未授权文件修改: /workspace/.opencode/skills/no-unauthorized-write/SKILL.md
[2026-08-11 08:11:48] 检测到未授权写入: /workspace/.opencode/skills/no-unauthorized-write/SKILL.md
[2026-08-11 08:11:48] 违规已记录: 第834次 - 检测到未授权文件修改: /workspace/.opencode/skills/no-unauthorized-write/SKILL.md
[2026-08-11 08:11:48] 检测到未授权写入: /workspace/.opencode/skills/no-unauthorized-write/SKILL.md
[2026-08-11 08:11:48] 违规已记录: 第835次 - 检测到未授权文件修改: /workspace/.opencode/skills/no-unauthorized-write/SKILL.md
[2026-08-11 08:11:48] 检测到未授权写入: /workspace/.opencode/skills/no-unauthorized-write/SKILL.md
[2026-08-11 08:11:48] 违规已记录: 第836次 - 检测到未授权文件修改: /workspace/.opencode/skills/no-unauthorized-write/SKILL.md
[2026-08-11 08:11:48] 检测到未授权写入: /workspace/.opencode/skills/no-unauthorized-write/SKILL.md
[2026-08-11 08:11:48] 违规已记录: 第837次 - 检测到未授权文件修改: /workspace/.opencode/skills/no-unauthorized-write/SKILL.md
[2026-08-11 08:11:48] 检测到未授权写入: /workspace/.opencode/skills/no-unauthorized-write/SKILL.md
[2026-08-11 08:11:48] 违规已记录: 第838次 - 检测到未授权文件修改: /workspace/.opencode/skills/no-unauthorized-write/SKILL.md
[2026-08-11 08:11:48] 检测到未授权写入: /workspace/.opencode/skills/no-unauthorized-write/SKILL.md
[2026-08-11 08:11:48] 违规已记录: 第839次 - 检测到未授权文件修改: /workspace/.opencode/skills/no-unauthorized-write/SKILL.md
[2026-08-11 08:11:48] 检测到未授权写入: /workspace/.opencode/skills/no-unauthorized-write/SKILL.md
[2026-08-11 08:11:48] 违规已记录: 第840次 - 检测到未授权文件修改: /workspace/.opencode/skills/no-unauthorized-write/SKILL.md
[2026-08-11 08:11:49] 检测到未授权写入: /workspace/.opencode/skills/no-unauthorized-write/SKILL.md
[2026-08-11 08:11:49] 违规已记录: 第841次 - 检测到未授权文件修改: /workspace/.opencode/skills/no-unauthorized-write/SKILL.md
[2026-08-11 08:11:49] 检测到未授权写入: /workspace/.opencode/skills/no-unauthorized-write/SKILL.md
[2026-08-11 08:11:49] 违规已记录: 第842次 - 检测到未授权文件修改: /workspace/.opencode/skills/no-unauthorized-write/SKILL.md
[2026-08-11 08:11:49] 检测到未授权写入: /workspace/.opencode/skills/no-unauthorized-write/SKILL.md
[2026-08-11 08:11:49] 违规已记录: 第843次 - 检测到未授权文件修改: /workspace/.opencode/skills/no-unauthorized-write/SKILL.md
[2026-08-11 08:11:49] 检测到未授权写入: /workspace/.opencode/skills/no-unauthorized-write/SKILL.md
[2026-08-11 08:11:49] 违规已记录: 第844次 - 检测到未授权文件修改: /workspace/.opencode/skills/no-unauthorized-write/SKILL.md
[2026-08-11 08:11:49] 检测到未授权写入: /workspace/.opencode/skills/no-unauthorized-write/SKILL.md
[2026-08-11 08:11:49] 违规已记录: 第845次 - 检测到未授权文件修改: /workspace/.opencode/skills/no-unauthorized-write/SKILL.md
[2026-08-11 08:11:49] 检测到未授权写入: /workspace/.opencode/skills/no-unauthorized-write/SKILL.md
[2026-08-11 08:11:49] 违规已记录: 第846次 - 检测到未授权文件修改: /workspace/.opencode/skills/no-unauthorized-write/SKILL.md
[2026-08-11 08:11:49] 检测到未授权写入: /workspace/.opencode/skills/no-unauthorized-write/SKILL.md
[2026-08-11 08:11:49] 违规已记录: 第847次 - 检测到未授权文件修改: /workspace/.opencode/skills/no-unauthorized-write/SKILL.md
[2026-08-11 08:11:49] 检测到未授权写入: /workspace/.opencode/skills/no-unauthorized-write/SKILL.md
[2026-08-11 08:11:49] 违规已记录: 第848次 - 检测到未授权文件修改: /workspace/.opencode/skills/no-unauthorized-write/SKILL.md
[2026-08-11 08:11:49] 检测到未授权写入: /workspace/.opencode/skills/no-unauthorized-write/SKILL.md
[2026-08-11 08:11:49] 违规已记录: 第849次 - 检测到未授权文件修改: /workspace/.opencode/skills/no-unauthorized-write/SKILL.md
[2026-08-11 08:11:50] 检测到未授权写入: /workspace/.opencode/skills/no-unauthorized-write/SKILL.md
[2026-08-11 08:11:50] 违规已记录: 第850次 - 检测到未授权文件修改: /workspace/.opencode/skills/no-unauthorized-write/SKILL.md
[2026-08-11 08:11:50] 检测到未授权写入: /workspace/.opencode/skills/no-unauthorized-write/SKILL.md
[2026-08-11 08:11:50] 违规已记录: 第851次 - 检测到未授权文件修改: /workspace/.opencode/skills/no-unauthorized-write/SKILL.md
[2026-08-11 08:11:50] 检测到未授权写入: /workspace/.opencode/skills/no-unauthorized-write/SKILL.md
[2026-08-11 08:11:50] 违规已记录: 第852次 - 检测到未授权文件修改: /workspace/.opencode/skills/no-unauthorized-write/SKILL.md
[2026-08-11 08:11:50] 检测到未授权写入: /workspace/.opencode/skills/no-unauthorized-write/SKILL.md
[2026-08-11 08:11:50] 违规已记录: 第853次 - 检测到未授权文件修改: /workspace/.opencode/skills/no-unauthorized-write/SKILL.md
[2026-08-11 08:11:50] 检测到未授权写入: /workspace/.opencode/skills/no-unauthorized-write/SKILL.md
[2026-08-11 08:11:50] 违规已记录: 第854次 - 检测到未授权文件修改: /workspace/.opencode/skills/no-unauthorized-write/SKILL.md
[2026-08-11 08:11:50] 检测到未授权写入: /workspace/.opencode/skills/no-unauthorized-write/SKILL.md
[2026-08-11 08:11:50] 违规已记录: 第855次 - 检测到未授权文件修改: /workspace/.opencode/skills/no-unauthorized-write/SKILL.md
[2026-08-11 08:11:50] 检测到未授权写入: /workspace/.opencode/skills/no-unauthorized-write/SKILL.md
[2026-08-11 08:11:50] 违规已记录: 第856次 - 检测到未授权文件修改: /workspace/.opencode/skills/no-unauthorized-write/SKILL.md
[2026-08-11 08:11:50] 检测到未授权写入: /workspace/.opencode/skills/no-unauthorized-write/SKILL.md
[2026-08-11 08:11:50] 违规已记录: 第857次 - 检测到未授权文件修改: /workspace/.opencode/skills/no-unauthorized-write/SKILL.md
[2026-08-11 08:11:50] 检测到未授权写入: /workspace/.opencode/skills/no-unauthorized-write/SKILL.md
[2026-08-11 08:11:50] 违规已记录: 第858次 - 检测到未授权文件修改: /workspace/.opencode/skills/no-unauthorized-write/SKILL.md
[2026-08-11 08:11:50] 检测到未授权写入: /workspace/.opencode/skills/no-unauthorized-write/SKILL.md
[2026-08-11 08:11:50] 违规已记录: 第859次 - 检测到未授权文件修改: /workspace/.opencode/skills/no-unauthorized-write/SKILL.md
[2026-08-11 08:11:51] 检测到未授权写入: /workspace/.opencode/skills/no-unauthorized-write/SKILL.md
[2026-08-11 08:11:51] 违规已记录: 第860次 - 检测到未授权文件修改: /workspace/.opencode/skills/no-unauthorized-write/SKILL.md
[2026-08-11 08:11:51] 检测到未授权写入: /workspace/.opencode/skills/no-unauthorized-write/SKILL.md
[2026-08-11 08:11:51] 违规已记录: 第861次 - 检测到未授权文件修改: /workspace/.opencode/skills/no-unauthorized-write/SKILL.md
[2026-08-11 08:11:51] 检测到未授权写入: /workspace/.opencode/skills/no-unauthorized-write/SKILL.md
[2026-08-11 08:11:51] 违规已记录: 第862次 - 检测到未授权文件修改: /workspace/.opencode/skills/no-unauthorized-write/SKILL.md
[2026-08-11 08:11:51] 检测到未授权写入: /workspace/.opencode/skills/no-unauthorized-write/SKILL.md
[2026-08-11 08:11:51] 违规已记录: 第863次 - 检测到未授权文件修改: /workspace/.opencode/skills/no-unauthorized-write/SKILL.md
[2026-08-11 08:11:51] 检测到未授权写入: /workspace/.opencode/skills/no-unauthorized-write/SKILL.md
[2026-08-11 08:11:51] 违规已记录: 第864次 - 检测到未授权文件修改: /workspace/.opencode/skills/no-unauthorized-write/SKILL.md
[2026-08-11 08:11:51] 检测到未授权写入: /workspace/.opencode/skills/no-unauthorized-write/SKILL.md
[2026-08-11 08:11:51] 违规已记录: 第865次 - 检测到未授权文件修改: /workspace/.opencode/skills/no-unauthorized-write/SKILL.md
[2026-08-11 08:11:51] 检测到未授权写入: /workspace/.opencode/skills/no-unauthorized-write/SKILL.md
[2026-08-11 08:11:51] 违规已记录: 第866次 - 检测到未授权文件修改: /workspace/.opencode/skills/no-unauthorized-write/SKILL.md
[2026-08-11 08:11:51] 检测到未授权写入: /workspace/.opencode/skills/no-unauthorized-write/SKILL.md
[2026-08-11 08:11:51] 违规已记录: 第867次 - 检测到未授权文件修改: /workspace/.opencode/skills/no-unauthorized-write/SKILL.md
[2026-08-11 08:11:51] 检测到未授权写入: /workspace/.opencode/skills/no-unauthorized-write/SKILL.md
[2026-08-11 08:11:51] 违规已记录: 第868次 - 检测到未授权文件修改: /workspace/.opencode/skills/no-unauthorized-write/SKILL.md
[2026-08-11 08:11:52] 检测到未授权写入: /workspace/.opencode/skills/no-unauthorized-write/SKILL.md
[2026-08-11 08:11:52] 违规已记录: 第869次 - 检测到未授权文件修改: /workspace/.opencode/skills/no-unauthorized-write/SKILL.md
[2026-08-11 08:11:52] 检测到未授权写入: /workspace/.opencode/skills/no-unauthorized-write/SKILL.md
[2026-08-11 08:11:52] 违规已记录: 第870次 - 检测到未授权文件修改: /workspace/.opencode/skills/no-unauthorized-write/SKILL.md
[2026-08-11 08:11:52] 检测到未授权写入: /workspace/.opencode/skills/no-unauthorized-write/SKILL.md
[2026-08-11 08:11:52] 违规已记录: 第871次 - 检测到未授权文件修改: /workspace/.opencode/skills/no-unauthorized-write/SKILL.md
[2026-08-11 08:11:52] 检测到未授权写入: /workspace/.opencode/skills/no-unauthorized-write/SKILL.md
[2026-08-11 08:11:52] 违规已记录: 第872次 - 检测到未授权文件修改: /workspace/.opencode/skills/no-unauthorized-write/SKILL.md
[2026-08-11 08:11:52] 检测到未授权写入: /workspace/.opencode/skills/no-unauthorized-write/SKILL.md
[2026-08-11 08:11:52] 违规已记录: 第873次 - 检测到未授权文件修改: /workspace/.opencode/skills/no-unauthorized-write/SKILL.md
[2026-08-11 08:11:52] 检测到未授权写入: /workspace/.opencode/skills/no-unauthorized-write/SKILL.md
[2026-08-11 08:11:52] 违规已记录: 第874次 - 检测到未授权文件修改: /workspace/.opencode/skills/no-unauthorized-write/SKILL.md
[2026-08-11 08:11:52] 检测到未授权写入: /workspace/.opencode/skills/no-unauthorized-write/SKILL.md
[2026-08-11 08:11:52] 违规已记录: 第875次 - 检测到未授权文件修改: /workspace/.opencode/skills/no-unauthorized-write/SKILL.md
[2026-08-11 08:11:52] 检测到未授权写入: /workspace/.opencode/skills/no-unauthorized-write/SKILL.md
[2026-08-11 08:11:52] 违规已记录: 第876次 - 检测到未授权文件修改: /workspace/.opencode/skills/no-unauthorized-write/SKILL.md
[2026-08-11 08:11:52] 检测到未授权写入: /workspace/.opencode/skills/no-unauthorized-write/SKILL.md
[2026-08-11 08:11:52] 违规已记录: 第877次 - 检测到未授权文件修改: /workspace/.opencode/skills/no-unauthorized-write/SKILL.md
[2026-08-11 08:11:52] 检测到未授权写入: /workspace/.opencode/skills/no-unauthorized-write/SKILL.md
[2026-08-11 08:11:52] 违规已记录: 第878次 - 检测到未授权文件修改: /workspace/.opencode/skills/no-unauthorized-write/SKILL.md
[2026-08-11 08:11:53] 检测到未授权写入: /workspace/.opencode/skills/no-unauthorized-write/SKILL.md
[2026-08-11 08:11:53] 违规已记录: 第879次 - 检测到未授权文件修改: /workspace/.opencode/skills/no-unauthorized-write/SKILL.md
[2026-08-11 08:11:53] 检测到未授权写入: /workspace/.opencode/skills/no-unauthorized-write/SKILL.md
[2026-08-11 08:11:53] 违规已记录: 第880次 - 检测到未授权文件修改: /workspace/.opencode/skills/no-unauthorized-write/SKILL.md
[2026-08-11 08:11:53] 检测到未授权写入: /workspace/.opencode/skills/no-unauthorized-write/SKILL.md
[2026-08-11 08:11:53] 违规已记录: 第881次 - 检测到未授权文件修改: /workspace/.opencode/skills/no-unauthorized-write/SKILL.md
[2026-08-11 08:11:53] 检测到未授权写入: /workspace/.opencode/skills/no-unauthorized-write/SKILL.md
[2026-08-11 08:11:53] 违规已记录: 第882次 - 检测到未授权文件修改: /workspace/.opencode/skills/no-unauthorized-write/SKILL.md
[2026-08-11 08:11:53] 检测到未授权写入: /workspace/.opencode/skills/no-unauthorized-write/SKILL.md
[2026-08-11 08:11:53] 违规已记录: 第883次 - 检测到未授权文件修改: /workspace/.opencode/skills/no-unauthorized-write/SKILL.md
[2026-08-11 08:11:53] 检测到未授权写入: /workspace/.opencode/skills/no-unauthorized-write/SKILL.md
[2026-08-11 08:11:53] 违规已记录: 第884次 - 检测到未授权文件修改: /workspace/.opencode/skills/no-unauthorized-write/SKILL.md
[2026-08-11 08:11:53] 检测到未授权写入: /workspace/.opencode/skills/no-unauthorized-write/SKILL.md
[2026-08-11 08:11:53] 违规已记录: 第885次 - 检测到未授权文件修改: /workspace/.opencode/skills/no-unauthorized-write/SKILL.md
[2026-08-11 08:11:53] 检测到未授权写入: /workspace/.opencode/skills/no-unauthorized-write/SKILL.md
[2026-08-11 08:11:53] 违规已记录: 第886次 - 检测到未授权文件修改: /workspace/.opencode/skills/no-unauthorized-write/SKILL.md
[2026-08-11 08:11:53] 检测到未授权写入: /workspace/.opencode/skills/no-unauthorized-write/SKILL.md
[2026-08-11 08:11:53] 违规已记录: 第887次 - 检测到未授权文件修改: /workspace/.opencode/skills/no-unauthorized-write/SKILL.md
[2026-08-11 08:11:54] 检测到未授权写入: /workspace/.opencode/skills/no-unauthorized-write/SKILL.md
[2026-08-11 08:11:54] 违规已记录: 第888次 - 检测到未授权文件修改: /workspace/.opencode/skills/no-unauthorized-write/SKILL.md
[2026-08-11 08:11:54] 检测到未授权写入: /workspace/.opencode/skills/no-unauthorized-write/SKILL.md
[2026-08-11 08:11:54] 违规已记录: 第889次 - 检测到未授权文件修改: /workspace/.opencode/skills/no-unauthorized-write/SKILL.md
[2026-08-11 08:11:54] 检测到未授权写入: /workspace/.opencode/skills/no-unauthorized-write/SKILL.md
[2026-08-11 08:11:54] 违规已记录: 第890次 - 检测到未授权文件修改: /workspace/.opencode/skills/no-unauthorized-write/SKILL.md
[2026-08-11 08:11:54] 检测到未授权写入: /workspace/.opencode/skills/no-unauthorized-write/SKILL.md
[2026-08-11 08:11:54] 违规已记录: 第891次 - 检测到未授权文件修改: /workspace/.opencode/skills/no-unauthorized-write/SKILL.md
[2026-08-11 08:11:54] 检测到未授权写入: /workspace/.opencode/skills/no-unauthorized-write/SKILL.md
[2026-08-11 08:11:54] 违规已记录: 第892次 - 检测到未授权文件修改: /workspace/.opencode/skills/no-unauthorized-write/SKILL.md
[2026-08-11 08:11:54] 检测到未授权写入: /workspace/.opencode/skills/no-unauthorized-write/SKILL.md
[2026-08-11 08:11:54] 违规已记录: 第893次 - 检测到未授权文件修改: /workspace/.opencode/skills/no-unauthorized-write/SKILL.md
[2026-08-11 08:11:54] 检测到未授权写入: /workspace/.opencode/skills/no-unauthorized-write/SKILL.md
[2026-08-11 08:11:54] 违规已记录: 第894次 - 检测到未授权文件修改: /workspace/.opencode/skills/no-unauthorized-write/SKILL.md
[2026-08-11 08:11:54] 检测到未授权写入: /workspace/.opencode/skills/no-unauthorized-write/SKILL.md
[2026-08-11 08:11:54] 违规已记录: 第895次 - 检测到未授权文件修改: /workspace/.opencode/skills/no-unauthorized-write/SKILL.md
[2026-08-11 08:11:54] 检测到未授权写入: /workspace/.opencode/skills/no-unauthorized-write/SKILL.md
[2026-08-11 08:11:54] 违规已记录: 第896次 - 检测到未授权文件修改: /workspace/.opencode/skills/no-unauthorized-write/SKILL.md
[2026-08-11 08:11:54] 检测到未授权写入: /workspace/.opencode/skills/no-unauthorized-write/SKILL.md
[2026-08-11 08:11:54] 违规已记录: 第897次 - 检测到未授权文件修改: /workspace/.opencode/skills/no-unauthorized-write/SKILL.md
[2026-08-11 08:11:55] 检测到未授权写入: /workspace/.opencode/skills/no-unauthorized-write/SKILL.md
[2026-08-11 08:11:55] 违规已记录: 第898次 - 检测到未授权文件修改: /workspace/.opencode/skills/no-unauthorized-write/SKILL.md
[2026-08-11 08:11:55] 检测到未授权写入: /workspace/.opencode/skills/no-unauthorized-write/SKILL.md
[2026-08-11 08:11:55] 违规已记录: 第899次 - 检测到未授权文件修改: /workspace/.opencode/skills/no-unauthorized-write/SKILL.md
[2026-08-11 08:11:55] 检测到未授权写入: /workspace/.opencode/skills/no-unauthorized-write/SKILL.md
[2026-08-11 08:11:55] 违规已记录: 第900次 - 检测到未授权文件修改: /workspace/.opencode/skills/no-unauthorized-write/SKILL.md
[2026-08-11 08:11:55] 检测到未授权写入: /workspace/.opencode/skills/no-unauthorized-write/SKILL.md
[2026-08-11 08:11:55] 违规已记录: 第901次 - 检测到未授权文件修改: /workspace/.opencode/skills/no-unauthorized-write/SKILL.md
[2026-08-11 08:11:55] 检测到未授权写入: /workspace/.opencode/skills/no-unauthorized-write/SKILL.md
[2026-08-11 08:11:55] 违规已记录: 第902次 - 检测到未授权文件修改: /workspace/.opencode/skills/no-unauthorized-write/SKILL.md
[2026-08-11 08:11:55] 检测到未授权写入: /workspace/.opencode/skills/no-unauthorized-write/SKILL.md
[2026-08-11 08:11:55] 违规已记录: 第903次 - 检测到未授权文件修改: /workspace/.opencode/skills/no-unauthorized-write/SKILL.md
[2026-08-11 08:11:55] 检测到未授权写入: /workspace/.opencode/skills/no-unauthorized-write/SKILL.md
[2026-08-11 08:11:55] 违规已记录: 第904次 - 检测到未授权文件修改: /workspace/.opencode/skills/no-unauthorized-write/SKILL.md
[2026-08-11 08:11:55] 检测到未授权写入: /workspace/.opencode/skills/no-unauthorized-write/SKILL.md
[2026-08-11 08:11:55] 违规已记录: 第905次 - 检测到未授权文件修改: /workspace/.opencode/skills/no-unauthorized-write/SKILL.md
[2026-08-11 08:11:55] 检测到未授权写入: /workspace/.opencode/skills/no-unauthorized-write/SKILL.md
[2026-08-11 08:11:55] 违规已记录: 第906次 - 检测到未授权文件修改: /workspace/.opencode/skills/no-unauthorized-write/SKILL.md
[2026-08-11 08:11:56] 检测到未授权写入: /workspace/.opencode/skills/no-unauthorized-write/SKILL.md
[2026-08-11 08:11:56] 违规已记录: 第907次 - 检测到未授权文件修改: /workspace/.opencode/skills/no-unauthorized-write/SKILL.md
[2026-08-11 08:11:56] 检测到未授权写入: /workspace/.opencode/skills/no-unauthorized-write/SKILL.md
[2026-08-11 08:11:56] 违规已记录: 第908次 - 检测到未授权文件修改: /workspace/.opencode/skills/no-unauthorized-write/SKILL.md
[2026-08-11 08:11:56] 检测到未授权写入: /workspace/.opencode/skills/no-unauthorized-write/SKILL.md
[2026-08-11 08:11:56] 违规已记录: 第909次 - 检测到未授权文件修改: /workspace/.opencode/skills/no-unauthorized-write/SKILL.md
[2026-08-11 08:11:56] 检测到未授权写入: /workspace/.opencode/skills/no-unauthorized-write/SKILL.md
[2026-08-11 08:11:56] 违规已记录: 第910次 - 检测到未授权文件修改: /workspace/.opencode/skills/no-unauthorized-write/SKILL.md
[2026-08-11 08:11:56] 检测到未授权写入: /workspace/.opencode/skills/no-unauthorized-write/SKILL.md
[2026-08-11 08:11:56] 违规已记录: 第911次 - 检测到未授权文件修改: /workspace/.opencode/skills/no-unauthorized-write/SKILL.md
[2026-08-11 08:11:56] 检测到未授权写入: /workspace/.opencode/skills/no-unauthorized-write/SKILL.md
[2026-08-11 08:11:56] 违规已记录: 第912次 - 检测到未授权文件修改: /workspace/.opencode/skills/no-unauthorized-write/SKILL.md
[2026-08-11 08:11:56] 检测到未授权写入: /workspace/.opencode/skills/no-unauthorized-write/SKILL.md
[2026-08-11 08:11:56] 违规已记录: 第913次 - 检测到未授权文件修改: /workspace/.opencode/skills/no-unauthorized-write/SKILL.md
[2026-08-11 08:11:56] 检测到未授权写入: /workspace/.opencode/skills/no-unauthorized-write/SKILL.md
[2026-08-11 08:11:56] 违规已记录: 第914次 - 检测到未授权文件修改: /workspace/.opencode/skills/no-unauthorized-write/SKILL.md
[2026-08-11 08:11:56] 检测到未授权写入: /workspace/.opencode/skills/no-unauthorized-write/SKILL.md
[2026-08-11 08:11:56] 违规已记录: 第915次 - 检测到未授权文件修改: /workspace/.opencode/skills/no-unauthorized-write/SKILL.md
[2026-08-11 08:11:56] 检测到未授权写入: /workspace/.opencode/skills/no-unauthorized-write/SKILL.md
[2026-08-11 08:11:56] 违规已记录: 第916次 - 检测到未授权文件修改: /workspace/.opencode/skills/no-unauthorized-write/SKILL.md
[2026-08-11 08:11:57] 检测到未授权写入: /workspace/.opencode/skills/no-unauthorized-write/SKILL.md
[2026-08-11 08:11:57] 违规已记录: 第917次 - 检测到未授权文件修改: /workspace/.opencode/skills/no-unauthorized-write/SKILL.md
[2026-08-11 08:11:57] 检测到未授权写入: /workspace/.opencode/skills/no-unauthorized-write/SKILL.md
[2026-08-11 08:11:57] 违规已记录: 第918次 - 检测到未授权文件修改: /workspace/.opencode/skills/no-unauthorized-write/SKILL.md
[2026-08-11 08:11:57] 检测到未授权写入: /workspace/.opencode/skills/no-unauthorized-write/SKILL.md
[2026-08-11 08:11:57] 违规已记录: 第919次 - 检测到未授权文件修改: /workspace/.opencode/skills/no-unauthorized-write/SKILL.md
[2026-08-11 08:11:57] 检测到未授权写入: /workspace/.opencode/skills/no-unauthorized-write/SKILL.md
[2026-08-11 08:11:57] 违规已记录: 第920次 - 检测到未授权文件修改: /workspace/.opencode/skills/no-unauthorized-write/SKILL.md
[2026-08-11 08:11:57] 检测到未授权写入: /workspace/.opencode/skills/no-unauthorized-write/SKILL.md
[2026-08-11 08:11:57] 违规已记录: 第921次 - 检测到未授权文件修改: /workspace/.opencode/skills/no-unauthorized-write/SKILL.md
[2026-08-11 08:11:57] 检测到未授权写入: /workspace/.opencode/skills/no-unauthorized-write/SKILL.md
[2026-08-11 08:11:57] 违规已记录: 第922次 - 检测到未授权文件修改: /workspace/.opencode/skills/no-unauthorized-write/SKILL.md
[2026-08-11 08:11:57] 检测到未授权写入: /workspace/.opencode/skills/no-unauthorized-write/SKILL.md
[2026-08-11 08:11:57] 违规已记录: 第923次 - 检测到未授权文件修改: /workspace/.opencode/skills/no-unauthorized-write/SKILL.md
[2026-08-11 08:11:57] 检测到未授权写入: /workspace/.opencode/skills/no-unauthorized-write/SKILL.md
[2026-08-11 08:11:57] 违规已记录: 第924次 - 检测到未授权文件修改: /workspace/.opencode/skills/no-unauthorized-write/SKILL.md
[2026-08-11 08:11:57] 检测到未授权写入: /workspace/.opencode/skills/no-unauthorized-write/SKILL.md
[2026-08-11 08:11:57] 违规已记录: 第925次 - 检测到未授权文件修改: /workspace/.opencode/skills/no-unauthorized-write/SKILL.md
[2026-08-11 08:11:58] 检测到未授权写入: /workspace/.opencode/skills/no-unauthorized-write/SKILL.md
[2026-08-11 08:11:58] 违规已记录: 第926次 - 检测到未授权文件修改: /workspace/.opencode/skills/no-unauthorized-write/SKILL.md
[2026-08-11 08:11:58] 检测到未授权写入: /workspace/.opencode/skills/no-unauthorized-write/SKILL.md
[2026-08-11 08:11:58] 违规已记录: 第927次 - 检测到未授权文件修改: /workspace/.opencode/skills/no-unauthorized-write/SKILL.md
[2026-08-11 08:11:58] 检测到未授权写入: /workspace/.opencode/skills/no-unauthorized-write/SKILL.md
[2026-08-11 08:11:58] 违规已记录: 第928次 - 检测到未授权文件修改: /workspace/.opencode/skills/no-unauthorized-write/SKILL.md
[2026-08-11 08:11:58] 检测到未授权写入: /workspace/.opencode/skills/no-unauthorized-write/SKILL.md
[2026-08-11 08:11:58] 违规已记录: 第929次 - 检测到未授权文件修改: /workspace/.opencode/skills/no-unauthorized-write/SKILL.md
[2026-08-11 08:11:58] 检测到未授权写入: /workspace/.opencode/skills/no-unauthorized-write/SKILL.md
[2026-08-11 08:11:58] 违规已记录: 第930次 - 检测到未授权文件修改: /workspace/.opencode/skills/no-unauthorized-write/SKILL.md
[2026-08-11 08:11:58] 检测到未授权写入: /workspace/.opencode/skills/no-unauthorized-write/SKILL.md
[2026-08-11 08:11:58] 违规已记录: 第931次 - 检测到未授权文件修改: /workspace/.opencode/skills/no-unauthorized-write/SKILL.md
[2026-08-11 08:11:58] 检测到未授权写入: /workspace/.opencode/skills/no-unauthorized-write/SKILL.md
[2026-08-11 08:11:58] 违规已记录: 第932次 - 检测到未授权文件修改: /workspace/.opencode/skills/no-unauthorized-write/SKILL.md
[2026-08-11 08:11:58] 检测到未授权写入: /workspace/.opencode/skills/no-unauthorized-write/SKILL.md
[2026-08-11 08:11:58] 违规已记录: 第933次 - 检测到未授权文件修改: /workspace/.opencode/skills/no-unauthorized-write/SKILL.md
[2026-08-11 08:11:58] 检测到未授权写入: /workspace/.opencode/skills/no-unauthorized-write/SKILL.md
[2026-08-11 08:11:58] 违规已记录: 第934次 - 检测到未授权文件修改: /workspace/.opencode/skills/no-unauthorized-write/SKILL.md
[2026-08-11 08:11:58] 检测到未授权写入: /workspace/.opencode/skills/no-unauthorized-write/SKILL.md
[2026-08-11 08:11:58] 违规已记录: 第935次 - 检测到未授权文件修改: /workspace/.opencode/skills/no-unauthorized-write/SKILL.md
[2026-08-11 08:11:59] 检测到未授权写入: /workspace/.opencode/skills/no-unauthorized-write/SKILL.md
[2026-08-11 08:11:59] 违规已记录: 第936次 - 检测到未授权文件修改: /workspace/.opencode/skills/no-unauthorized-write/SKILL.md
[2026-08-11 08:11:59] 检测到未授权写入: /workspace/.opencode/skills/no-unauthorized-write/SKILL.md
[2026-08-11 08:11:59] 违规已记录: 第937次 - 检测到未授权文件修改: /workspace/.opencode/skills/no-unauthorized-write/SKILL.md
[2026-08-11 08:11:59] 检测到未授权写入: /workspace/.opencode/skills/no-unauthorized-write/SKILL.md
[2026-08-11 08:11:59] 违规已记录: 第938次 - 检测到未授权文件修改: /workspace/.opencode/skills/no-unauthorized-write/SKILL.md
[2026-08-11 08:11:59] 检测到未授权写入: /workspace/.opencode/skills/no-unauthorized-write/SKILL.md
[2026-08-11 08:11:59] 违规已记录: 第939次 - 检测到未授权文件修改: /workspace/.opencode/skills/no-unauthorized-write/SKILL.md
[2026-08-11 08:11:59] 检测到未授权写入: /workspace/.opencode/skills/no-unauthorized-write/SKILL.md
[2026-08-11 08:11:59] 违规已记录: 第940次 - 检测到未授权文件修改: /workspace/.opencode/skills/no-unauthorized-write/SKILL.md
[2026-08-11 08:11:59] 检测到未授权写入: /workspace/.opencode/skills/no-unauthorized-write/SKILL.md
[2026-08-11 08:11:59] 违规已记录: 第941次 - 检测到未授权文件修改: /workspace/.opencode/skills/no-unauthorized-write/SKILL.md
[2026-08-11 08:11:59] 检测到未授权写入: /workspace/.opencode/skills/no-unauthorized-write/SKILL.md
[2026-08-11 08:11:59] 违规已记录: 第942次 - 检测到未授权文件修改: /workspace/.opencode/skills/no-unauthorized-write/SKILL.md
[2026-08-11 08:11:59] 检测到未授权写入: /workspace/.opencode/skills/no-unauthorized-write/SKILL.md
[2026-08-11 08:11:59] 违规已记录: 第943次 - 检测到未授权文件修改: /workspace/.opencode/skills/no-unauthorized-write/SKILL.md
[2026-08-11 08:11:59] 检测到未授权写入: /workspace/.opencode/skills/no-unauthorized-write/SKILL.md
[2026-08-11 08:11:59] 违规已记录: 第944次 - 检测到未授权文件修改: /workspace/.opencode/skills/no-unauthorized-write/SKILL.md
[2026-08-11 08:12:00] 检测到未授权写入: /workspace/.opencode/skills/no-unauthorized-write/SKILL.md
[2026-08-11 08:12:00] 违规已记录: 第945次 - 检测到未授权文件修改: /workspace/.opencode/skills/no-unauthorized-write/SKILL.md
[2026-08-11 08:12:00] 检测到未授权写入: /workspace/.opencode/skills/no-unauthorized-write/SKILL.md
[2026-08-11 08:12:00] 违规已记录: 第946次 - 检测到未授权文件修改: /workspace/.opencode/skills/no-unauthorized-write/SKILL.md
[2026-08-11 08:12:00] 检测到未授权写入: /workspace/.opencode/skills/no-unauthorized-write/SKILL.md
[2026-08-11 08:12:00] 违规已记录: 第947次 - 检测到未授权文件修改: /workspace/.opencode/skills/no-unauthorized-write/SKILL.md
[2026-08-11 08:12:00] 检测到未授权写入: /workspace/.opencode/skills/no-unauthorized-write/SKILL.md
[2026-08-11 08:12:00] 违规已记录: 第948次 - 检测到未授权文件修改: /workspace/.opencode/skills/no-unauthorized-write/SKILL.md
[2026-08-11 08:12:00] 检测到未授权写入: /workspace/.opencode/skills/no-unauthorized-write/SKILL.md
[2026-08-11 08:12:00] 违规已记录: 第949次 - 检测到未授权文件修改: /workspace/.opencode/skills/no-unauthorized-write/SKILL.md
[2026-08-11 08:12:00] 检测到未授权写入: /workspace/.opencode/skills/no-unauthorized-write/SKILL.md
[2026-08-11 08:12:00] 违规已记录: 第950次 - 检测到未授权文件修改: /workspace/.opencode/skills/no-unauthorized-write/SKILL.md
[2026-08-11 08:12:00] 检测到未授权写入: /workspace/.opencode/skills/no-unauthorized-write/SKILL.md
[2026-08-11 08:12:00] 违规已记录: 第951次 - 检测到未授权文件修改: /workspace/.opencode/skills/no-unauthorized-write/SKILL.md
[2026-08-11 08:12:00] 检测到未授权写入: /workspace/.opencode/skills/no-unauthorized-write/SKILL.md
[2026-08-11 08:12:00] 违规已记录: 第952次 - 检测到未授权文件修改: /workspace/.opencode/skills/no-unauthorized-write/SKILL.md
[2026-08-11 08:12:00] 检测到未授权写入: /workspace/.opencode/skills/no-unauthorized-write/SKILL.md
[2026-08-11 08:12:00] 违规已记录: 第953次 - 检测到未授权文件修改: /workspace/.opencode/skills/no-unauthorized-write/SKILL.md
[2026-08-11 08:12:00] 检测到未授权写入: /workspace/.opencode/skills/no-unauthorized-write/SKILL.md
[2026-08-11 08:12:00] 违规已记录: 第954次 - 检测到未授权文件修改: /workspace/.opencode/skills/no-unauthorized-write/SKILL.md
[2026-08-11 08:12:01] 检测到未授权写入: /workspace/.opencode/skills/no-unauthorized-write/SKILL.md
[2026-08-11 08:12:01] 违规已记录: 第955次 - 检测到未授权文件修改: /workspace/.opencode/skills/no-unauthorized-write/SKILL.md
[2026-08-11 08:12:01] 检测到未授权写入: /workspace/.opencode/skills/no-unauthorized-write/SKILL.md
[2026-08-11 08:12:01] 违规已记录: 第956次 - 检测到未授权文件修改: /workspace/.opencode/skills/no-unauthorized-write/SKILL.md
[2026-08-11 08:12:01] 检测到未授权写入: /workspace/.opencode/skills/no-unauthorized-write/SKILL.md
[2026-08-11 08:12:01] 违规已记录: 第957次 - 检测到未授权文件修改: /workspace/.opencode/skills/no-unauthorized-write/SKILL.md
[2026-08-11 08:12:01] 检测到未授权写入: /workspace/.opencode/skills/no-unauthorized-write/SKILL.md
[2026-08-11 08:12:01] 违规已记录: 第958次 - 检测到未授权文件修改: /workspace/.opencode/skills/no-unauthorized-write/SKILL.md
[2026-08-11 08:12:01] 检测到未授权写入: /workspace/.opencode/skills/no-unauthorized-write/SKILL.md
[2026-08-11 08:12:01] 违规已记录: 第959次 - 检测到未授权文件修改: /workspace/.opencode/skills/no-unauthorized-write/SKILL.md
[2026-08-11 08:12:01] 检测到未授权写入: /workspace/.opencode/skills/no-unauthorized-write/SKILL.md
[2026-08-11 08:12:01] 违规已记录: 第960次 - 检测到未授权文件修改: /workspace/.opencode/skills/no-unauthorized-write/SKILL.md
[2026-08-11 08:12:01] 检测到未授权写入: /workspace/.opencode/skills/no-unauthorized-write/SKILL.md
[2026-08-11 08:12:01] 违规已记录: 第961次 - 检测到未授权文件修改: /workspace/.opencode/skills/no-unauthorized-write/SKILL.md
[2026-08-11 08:12:01] 检测到未授权写入: /workspace/.opencode/skills/no-unauthorized-write/SKILL.md
[2026-08-11 08:12:01] 违规已记录: 第962次 - 检测到未授权文件修改: /workspace/.opencode/skills/no-unauthorized-write/SKILL.md
[2026-08-11 08:12:01] 检测到未授权写入: /workspace/.opencode/skills/no-unauthorized-write/SKILL.md
[2026-08-11 08:12:01] 违规已记录: 第963次 - 检测到未授权文件修改: /workspace/.opencode/skills/no-unauthorized-write/SKILL.md
[2026-08-11 08:12:01] 检测到未授权写入: /workspace/.opencode/skills/no-unauthorized-write/SKILL.md
[2026-08-11 08:12:01] 违规已记录: 第964次 - 检测到未授权文件修改: /workspace/.opencode/skills/no-unauthorized-write/SKILL.md
[2026-08-11 08:12:02] 检测到未授权写入: /workspace/.opencode/skills/no-unauthorized-write/SKILL.md
[2026-08-11 08:12:02] 违规已记录: 第965次 - 检测到未授权文件修改: /workspace/.opencode/skills/no-unauthorized-write/SKILL.md
[2026-08-11 08:12:02] 检测到未授权写入: /workspace/.opencode/skills/no-unauthorized-write/SKILL.md
[2026-08-11 08:12:02] 违规已记录: 第966次 - 检测到未授权文件修改: /workspace/.opencode/skills/no-unauthorized-write/SKILL.md
[2026-08-11 08:12:02] 检测到未授权写入: /workspace/.opencode/skills/no-unauthorized-write/SKILL.md
[2026-08-11 08:12:02] 违规已记录: 第967次 - 检测到未授权文件修改: /workspace/.opencode/skills/no-unauthorized-write/SKILL.md
[2026-08-11 08:12:02] 检测到未授权写入: /workspace/.opencode/skills/no-unauthorized-write/SKILL.md
[2026-08-11 08:12:02] 违规已记录: 第968次 - 检测到未授权文件修改: /workspace/.opencode/skills/no-unauthorized-write/SKILL.md
[2026-08-11 08:12:02] 检测到未授权写入: /workspace/.opencode/skills/no-unauthorized-write/SKILL.md
[2026-08-11 08:12:02] 违规已记录: 第969次 - 检测到未授权文件修改: /workspace/.opencode/skills/no-unauthorized-write/SKILL.md
[2026-08-11 08:12:02] 检测到未授权写入: /workspace/.opencode/skills/no-unauthorized-write/SKILL.md
[2026-08-11 08:12:02] 违规已记录: 第970次 - 检测到未授权文件修改: /workspace/.opencode/skills/no-unauthorized-write/SKILL.md
[2026-08-11 08:12:02] 检测到未授权写入: /workspace/.opencode/skills/no-unauthorized-write/SKILL.md
[2026-08-11 08:12:02] 违规已记录: 第971次 - 检测到未授权文件修改: /workspace/.opencode/skills/no-unauthorized-write/SKILL.md
[2026-08-11 08:12:02] 检测到未授权写入: /workspace/.opencode/skills/no-unauthorized-write/SKILL.md
[2026-08-11 08:12:02] 违规已记录: 第972次 - 检测到未授权文件修改: /workspace/.opencode/skills/no-unauthorized-write/SKILL.md
[2026-08-11 08:12:02] 检测到未授权写入: /workspace/.opencode/skills/no-unauthorized-write/SKILL.md
[2026-08-11 08:12:02] 违规已记录: 第973次 - 检测到未授权文件修改: /workspace/.opencode/skills/no-unauthorized-write/SKILL.md
[2026-08-11 08:12:03] 检测到未授权写入: /workspace/.opencode/skills/no-unauthorized-write/SKILL.md
[2026-08-11 08:12:03] 违规已记录: 第974次 - 检测到未授权文件修改: /workspace/.opencode/skills/no-unauthorized-write/SKILL.md
[2026-08-11 08:12:03] 检测到未授权写入: /workspace/.opencode/skills/no-unauthorized-write/SKILL.md
[2026-08-11 08:12:03] 违规已记录: 第975次 - 检测到未授权文件修改: /workspace/.opencode/skills/no-unauthorized-write/SKILL.md
[2026-08-11 08:12:03] 检测到未授权写入: /workspace/.opencode/skills/no-unauthorized-write/SKILL.md
[2026-08-11 08:12:03] 违规已记录: 第976次 - 检测到未授权文件修改: /workspace/.opencode/skills/no-unauthorized-write/SKILL.md
[2026-08-11 08:12:03] 检测到未授权写入: /workspace/.opencode/skills/no-unauthorized-write/SKILL.md
[2026-08-11 08:12:03] 违规已记录: 第977次 - 检测到未授权文件修改: /workspace/.opencode/skills/no-unauthorized-write/SKILL.md
[2026-08-11 08:12:03] 检测到未授权写入: /workspace/.opencode/skills/no-unauthorized-write/SKILL.md
[2026-08-11 08:12:03] 违规已记录: 第978次 - 检测到未授权文件修改: /workspace/.opencode/skills/no-unauthorized-write/SKILL.md
[2026-08-11 08:12:03] 检测到未授权写入: /workspace/.opencode/skills/no-unauthorized-write/SKILL.md
[2026-08-11 08:12:03] 违规已记录: 第979次 - 检测到未授权文件修改: /workspace/.opencode/skills/no-unauthorized-write/SKILL.md
[2026-08-11 08:12:03] 检测到未授权写入: /workspace/.opencode/skills/no-unauthorized-write/SKILL.md
[2026-08-11 08:12:03] 违规已记录: 第980次 - 检测到未授权文件修改: /workspace/.opencode/skills/no-unauthorized-write/SKILL.md
[2026-08-11 08:12:03] 检测到未授权写入: /workspace/.opencode/skills/no-unauthorized-write/SKILL.md
[2026-08-11 08:12:03] 违规已记录: 第981次 - 检测到未授权文件修改: /workspace/.opencode/skills/no-unauthorized-write/SKILL.md
[2026-08-11 08:12:03] 检测到未授权写入: /workspace/.opencode/skills/no-unauthorized-write/SKILL.md
[2026-08-11 08:12:03] 违规已记录: 第982次 - 检测到未授权文件修改: /workspace/.opencode/skills/no-unauthorized-write/SKILL.md
[2026-08-11 08:12:03] 检测到未授权写入: /workspace/.opencode/skills/no-unauthorized-write/SKILL.md
[2026-08-11 08:12:03] 违规已记录: 第983次 - 检测到未授权文件修改: /workspace/.opencode/skills/no-unauthorized-write/SKILL.md
[2026-08-11 08:12:04] 检测到未授权写入: /workspace/.opencode/skills/no-unauthorized-write/SKILL.md
[2026-08-11 08:12:04] 违规已记录: 第984次 - 检测到未授权文件修改: /workspace/.opencode/skills/no-unauthorized-write/SKILL.md
[2026-08-11 08:12:04] 检测到未授权写入: /workspace/.opencode/skills/no-unauthorized-write/SKILL.md
[2026-08-11 08:12:04] 违规已记录: 第985次 - 检测到未授权文件修改: /workspace/.opencode/skills/no-unauthorized-write/SKILL.md
[2026-08-11 08:12:04] 检测到未授权写入: /workspace/.opencode/skills/no-unauthorized-write/SKILL.md
[2026-08-11 08:12:04] 违规已记录: 第986次 - 检测到未授权文件修改: /workspace/.opencode/skills/no-unauthorized-write/SKILL.md
[2026-08-11 08:12:04] 检测到未授权写入: /workspace/.opencode/skills/no-unauthorized-write/SKILL.md
[2026-08-11 08:12:04] 违规已记录: 第987次 - 检测到未授权文件修改: /workspace/.opencode/skills/no-unauthorized-write/SKILL.md
[2026-08-11 08:12:04] 检测到未授权写入: /workspace/.opencode/skills/no-unauthorized-write/SKILL.md
[2026-08-11 08:12:04] 违规已记录: 第988次 - 检测到未授权文件修改: /workspace/.opencode/skills/no-unauthorized-write/SKILL.md
[2026-08-11 08:12:04] 检测到未授权写入: /workspace/.opencode/skills/no-unauthorized-write/SKILL.md
[2026-08-11 08:12:04] 违规已记录: 第989次 - 检测到未授权文件修改: /workspace/.opencode/skills/no-unauthorized-write/SKILL.md
[2026-08-11 08:12:04] 检测到未授权写入: /workspace/.opencode/skills/no-unauthorized-write/SKILL.md
[2026-08-11 08:12:04] 违规已记录: 第990次 - 检测到未授权文件修改: /workspace/.opencode/skills/no-unauthorized-write/SKILL.md
[2026-08-11 08:12:04] 检测到未授权写入: /workspace/.opencode/skills/no-unauthorized-write/SKILL.md
[2026-08-11 08:12:04] 违规已记录: 第991次 - 检测到未授权文件修改: /workspace/.opencode/skills/no-unauthorized-write/SKILL.md
[2026-08-11 08:12:04] 检测到未授权写入: /workspace/.opencode/skills/no-unauthorized-write/SKILL.md
[2026-08-11 08:12:04] 违规已记录: 第992次 - 检测到未授权文件修改: /workspace/.opencode/skills/no-unauthorized-write/SKILL.md
[2026-08-11 08:12:05] 检测到未授权写入: /workspace/.opencode/skills/no-unauthorized-write/SKILL.md
[2026-08-11 08:12:05] 违规已记录: 第993次 - 检测到未授权文件修改: /workspace/.opencode/skills/no-unauthorized-write/SKILL.md
[2026-08-11 08:12:05] 检测到未授权写入: /workspace/.opencode/skills/no-unauthorized-write/SKILL.md
[2026-08-11 08:12:05] 违规已记录: 第994次 - 检测到未授权文件修改: /workspace/.opencode/skills/no-unauthorized-write/SKILL.md
[2026-08-11 08:12:05] 检测到未授权写入: /workspace/.opencode/skills/no-unauthorized-write/SKILL.md
[2026-08-11 08:12:05] 违规已记录: 第995次 - 检测到未授权文件修改: /workspace/.opencode/skills/no-unauthorized-write/SKILL.md
[2026-08-11 08:12:05] 检测到未授权写入: /workspace/.opencode/skills/no-unauthorized-write/SKILL.md
[2026-08-11 08:12:05] 违规已记录: 第996次 - 检测到未授权文件修改: /workspace/.opencode/skills/no-unauthorized-write/SKILL.md
[2026-08-11 08:12:05] 检测到未授权写入: /workspace/.opencode/skills/no-unauthorized-write/SKILL.md
[2026-08-11 08:12:05] 违规已记录: 第997次 - 检测到未授权文件修改: /workspace/.opencode/skills/no-unauthorized-write/SKILL.md
[2026-08-11 08:12:05] 检测到未授权写入: /workspace/.opencode/skills/no-unauthorized-write/SKILL.md
[2026-08-11 08:12:05] 违规已记录: 第998次 - 检测到未授权文件修改: /workspace/.opencode/skills/no-unauthorized-write/SKILL.md
[2026-08-11 08:12:05] 检测到未授权写入: /workspace/.opencode/skills/no-unauthorized-write/SKILL.md
[2026-08-11 08:12:05] 违规已记录: 第999次 - 检测到未授权文件修改: /workspace/.opencode/skills/no-unauthorized-write/SKILL.md
[2026-08-11 08:12:05] 检测到未授权写入: /workspace/.opencode/skills/no-unauthorized-write/SKILL.md
[2026-08-11 08:12:05] 违规已记录: 第1000次 - 检测到未授权文件修改: /workspace/.opencode/skills/no-unauthorized-write/SKILL.md
[2026-08-11 08:12:05] 检测到未授权写入: /workspace/.opencode/skills/no-unauthorized-write/SKILL.md
[2026-08-11 08:12:05] 违规已记录: 第1001次 - 检测到未授权文件修改: /workspace/.opencode/skills/no-unauthorized-write/SKILL.md
[2026-08-11 08:12:05] 检测到未授权写入: /workspace/.opencode/skills/no-unauthorized-write/SKILL.md
[2026-08-11 08:12:05] 违规已记录: 第1002次 - 检测到未授权文件修改: /workspace/.opencode/skills/no-unauthorized-write/SKILL.md
[2026-08-11 08:12:06] 检测到未授权写入: /workspace/.opencode/skills/no-unauthorized-write/SKILL.md
[2026-08-11 08:12:06] 违规已记录: 第1003次 - 检测到未授权文件修改: /workspace/.opencode/skills/no-unauthorized-write/SKILL.md
[2026-08-11 08:12:06] 检测到未授权写入: /workspace/.opencode/skills/no-unauthorized-write/SKILL.md
[2026-08-11 08:12:06] 违规已记录: 第1004次 - 检测到未授权文件修改: /workspace/.opencode/skills/no-unauthorized-write/SKILL.md
[2026-08-11 08:12:06] 检测到未授权写入: /workspace/.opencode/skills/no-unauthorized-write/SKILL.md
[2026-08-11 08:12:06] 违规已记录: 第1005次 - 检测到未授权文件修改: /workspace/.opencode/skills/no-unauthorized-write/SKILL.md
[2026-08-11 08:12:06] 检测到未授权写入: /workspace/.opencode/skills/no-unauthorized-write/SKILL.md
[2026-08-11 08:12:06] 违规已记录: 第1006次 - 检测到未授权文件修改: /workspace/.opencode/skills/no-unauthorized-write/SKILL.md
[2026-08-11 08:12:06] 检测到未授权写入: /workspace/.opencode/skills/no-unauthorized-write/SKILL.md
[2026-08-11 08:12:06] 违规已记录: 第1007次 - 检测到未授权文件修改: /workspace/.opencode/skills/no-unauthorized-write/SKILL.md
[2026-08-11 08:12:06] 检测到未授权写入: /workspace/.opencode/skills/no-unauthorized-write/SKILL.md
[2026-08-11 08:12:06] 违规已记录: 第1008次 - 检测到未授权文件修改: /workspace/.opencode/skills/no-unauthorized-write/SKILL.md
[2026-08-11 08:12:06] 检测到未授权写入: /workspace/.opencode/skills/no-unauthorized-write/SKILL.md
[2026-08-11 08:12:06] 违规已记录: 第1009次 - 检测到未授权文件修改: /workspace/.opencode/skills/no-unauthorized-write/SKILL.md
[2026-08-11 08:12:06] 检测到未授权写入: /workspace/.opencode/skills/no-unauthorized-write/SKILL.md
[2026-08-11 08:12:06] 违规已记录: 第1010次 - 检测到未授权文件修改: /workspace/.opencode/skills/no-unauthorized-write/SKILL.md
[2026-08-11 08:12:06] 检测到未授权写入: /workspace/.opencode/skills/no-unauthorized-write/SKILL.md
[2026-08-11 08:12:06] 违规已记录: 第1011次 - 检测到未授权文件修改: /workspace/.opencode/skills/no-unauthorized-write/SKILL.md
[2026-08-11 08:12:07] 检测到未授权写入: /workspace/.opencode/skills/no-unauthorized-write/SKILL.md
[2026-08-11 08:12:07] 违规已记录: 第1012次 - 检测到未授权文件修改: /workspace/.opencode/skills/no-unauthorized-write/SKILL.md
[2026-08-11 08:12:07] 检测到未授权写入: /workspace/.opencode/skills/no-unauthorized-write/SKILL.md
[2026-08-11 08:12:07] 违规已记录: 第1013次 - 检测到未授权文件修改: /workspace/.opencode/skills/no-unauthorized-write/SKILL.md
[2026-08-11 08:12:07] 检测到未授权写入: /workspace/.opencode/skills/no-unauthorized-write/SKILL.md
[2026-08-11 08:12:07] 违规已记录: 第1014次 - 检测到未授权文件修改: /workspace/.opencode/skills/no-unauthorized-write/SKILL.md
[2026-08-11 08:12:07] 检测到未授权写入: /workspace/.opencode/skills/no-unauthorized-write/SKILL.md
[2026-08-11 08:12:07] 违规已记录: 第1015次 - 检测到未授权文件修改: /workspace/.opencode/skills/no-unauthorized-write/SKILL.md
[2026-08-11 08:12:07] 检测到未授权写入: /workspace/.opencode/skills/no-unauthorized-write/SKILL.md
[2026-08-11 08:12:07] 违规已记录: 第1016次 - 检测到未授权文件修改: /workspace/.opencode/skills/no-unauthorized-write/SKILL.md
[2026-08-11 08:12:07] 检测到未授权写入: /workspace/.opencode/skills/no-unauthorized-write/SKILL.md
[2026-08-11 08:12:07] 违规已记录: 第1017次 - 检测到未授权文件修改: /workspace/.opencode/skills/no-unauthorized-write/SKILL.md
[2026-08-11 08:12:07] 检测到未授权写入: /workspace/.opencode/skills/no-unauthorized-write/SKILL.md
[2026-08-11 08:12:07] 违规已记录: 第1018次 - 检测到未授权文件修改: /workspace/.opencode/skills/no-unauthorized-write/SKILL.md
[2026-08-11 08:12:07] 检测到未授权写入: /workspace/.opencode/skills/no-unauthorized-write/SKILL.md
[2026-08-11 08:12:07] 违规已记录: 第1019次 - 检测到未授权文件修改: /workspace/.opencode/skills/no-unauthorized-write/SKILL.md
[2026-08-11 08:12:07] 检测到未授权写入: /workspace/.opencode/skills/no-unauthorized-write/SKILL.md
[2026-08-11 08:12:07] 违规已记录: 第1020次 - 检测到未授权文件修改: /workspace/.opencode/skills/no-unauthorized-write/SKILL.md
[2026-08-11 08:12:07] 检测到未授权写入: /workspace/.opencode/skills/no-unauthorized-write/SKILL.md
[2026-08-11 08:12:07] 违规已记录: 第1021次 - 检测到未授权文件修改: /workspace/.opencode/skills/no-unauthorized-write/SKILL.md
[2026-08-11 08:12:08] 检测到未授权写入: /workspace/.opencode/skills/no-unauthorized-write/SKILL.md
[2026-08-11 08:12:08] 违规已记录: 第1022次 - 检测到未授权文件修改: /workspace/.opencode/skills/no-unauthorized-write/SKILL.md
[2026-08-11 08:12:08] 检测到未授权写入: /workspace/.opencode/skills/no-unauthorized-write/SKILL.md
[2026-08-11 08:12:08] 违规已记录: 第1023次 - 检测到未授权文件修改: /workspace/.opencode/skills/no-unauthorized-write/SKILL.md
[2026-08-11 08:12:08] 检测到未授权写入: /workspace/.opencode/skills/no-unauthorized-write/SKILL.md
[2026-08-11 08:12:08] 违规已记录: 第1024次 - 检测到未授权文件修改: /workspace/.opencode/skills/no-unauthorized-write/SKILL.md
[2026-08-11 08:12:08] 检测到未授权写入: /workspace/.opencode/skills/no-unauthorized-write/SKILL.md
[2026-08-11 08:12:08] 违规已记录: 第1025次 - 检测到未授权文件修改: /workspace/.opencode/skills/no-unauthorized-write/SKILL.md
[2026-08-11 08:12:08] 检测到未授权写入: /workspace/.opencode/skills/no-unauthorized-write/SKILL.md
[2026-08-11 08:12:08] 违规已记录: 第1026次 - 检测到未授权文件修改: /workspace/.opencode/skills/no-unauthorized-write/SKILL.md
[2026-08-11 08:12:08] 检测到未授权写入: /workspace/.opencode/skills/no-unauthorized-write/SKILL.md
[2026-08-11 08:12:08] 违规已记录: 第1027次 - 检测到未授权文件修改: /workspace/.opencode/skills/no-unauthorized-write/SKILL.md
[2026-08-11 08:12:08] 检测到未授权写入: /workspace/.opencode/skills/no-unauthorized-write/SKILL.md
[2026-08-11 08:12:08] 违规已记录: 第1028次 - 检测到未授权文件修改: /workspace/.opencode/skills/no-unauthorized-write/SKILL.md
[2026-08-11 08:12:08] 检测到未授权写入: /workspace/.opencode/skills/no-unauthorized-write/SKILL.md
[2026-08-11 08:12:08] 违规已记录: 第1029次 - 检测到未授权文件修改: /workspace/.opencode/skills/no-unauthorized-write/SKILL.md
[2026-08-11 08:12:08] 检测到未授权写入: /workspace/.opencode/skills/no-unauthorized-write/SKILL.md
[2026-08-11 08:12:08] 违规已记录: 第1030次 - 检测到未授权文件修改: /workspace/.opencode/skills/no-unauthorized-write/SKILL.md
[2026-08-11 08:12:09] 检测到未授权写入: /workspace/.opencode/skills/no-unauthorized-write/SKILL.md
[2026-08-11 08:12:09] 违规已记录: 第1031次 - 检测到未授权文件修改: /workspace/.opencode/skills/no-unauthorized-write/SKILL.md
[2026-08-11 08:12:09] 检测到未授权写入: /workspace/.opencode/skills/no-unauthorized-write/SKILL.md
[2026-08-11 08:12:09] 违规已记录: 第1032次 - 检测到未授权文件修改: /workspace/.opencode/skills/no-unauthorized-write/SKILL.md
[2026-08-11 08:12:09] 检测到未授权写入: /workspace/.opencode/skills/no-unauthorized-write/SKILL.md
[2026-08-11 08:12:09] 违规已记录: 第1033次 - 检测到未授权文件修改: /workspace/.opencode/skills/no-unauthorized-write/SKILL.md
[2026-08-11 08:12:09] 检测到未授权写入: /workspace/.opencode/skills/no-unauthorized-write/SKILL.md
[2026-08-11 08:12:09] 违规已记录: 第1034次 - 检测到未授权文件修改: /workspace/.opencode/skills/no-unauthorized-write/SKILL.md
[2026-08-11 08:12:09] 检测到未授权写入: /workspace/.opencode/skills/no-unauthorized-write/SKILL.md
[2026-08-11 08:12:09] 违规已记录: 第1035次 - 检测到未授权文件修改: /workspace/.opencode/skills/no-unauthorized-write/SKILL.md
[2026-08-11 08:12:09] 检测到未授权写入: /workspace/.opencode/skills/no-unauthorized-write/SKILL.md
[2026-08-11 08:12:09] 违规已记录: 第1036次 - 检测到未授权文件修改: /workspace/.opencode/skills/no-unauthorized-write/SKILL.md
[2026-08-11 08:12:09] 检测到未授权写入: /workspace/.opencode/skills/no-unauthorized-write/SKILL.md
[2026-08-11 08:12:09] 违规已记录: 第1037次 - 检测到未授权文件修改: /workspace/.opencode/skills/no-unauthorized-write/SKILL.md
[2026-08-11 08:12:09] 检测到未授权写入: /workspace/.opencode/skills/no-unauthorized-write/SKILL.md
[2026-08-11 08:12:09] 违规已记录: 第1038次 - 检测到未授权文件修改: /workspace/.opencode/skills/no-unauthorized-write/SKILL.md
[2026-08-11 08:12:09] 检测到未授权写入: /workspace/.opencode/skills/no-unauthorized-write/SKILL.md
[2026-08-11 08:12:09] 违规已记录: 第1039次 - 检测到未授权文件修改: /workspace/.opencode/skills/no-unauthorized-write/SKILL.md
[2026-08-11 08:12:09] 检测到未授权写入: /workspace/.opencode/skills/no-unauthorized-write/SKILL.md
[2026-08-11 08:12:09] 违规已记录: 第1040次 - 检测到未授权文件修改: /workspace/.opencode/skills/no-unauthorized-write/SKILL.md
[2026-08-11 08:12:10] 检测到未授权写入: /workspace/.opencode/skills/no-unauthorized-write/SKILL.md
[2026-08-11 08:12:10] 违规已记录: 第1041次 - 检测到未授权文件修改: /workspace/.opencode/skills/no-unauthorized-write/SKILL.md
[2026-08-11 08:12:10] 检测到未授权写入: /workspace/.opencode/skills/no-unauthorized-write/SKILL.md
[2026-08-11 08:12:10] 违规已记录: 第1042次 - 检测到未授权文件修改: /workspace/.opencode/skills/no-unauthorized-write/SKILL.md
[2026-08-11 08:12:10] 检测到未授权写入: /workspace/.opencode/skills/no-unauthorized-write/SKILL.md
[2026-08-11 08:12:10] 违规已记录: 第1043次 - 检测到未授权文件修改: /workspace/.opencode/skills/no-unauthorized-write/SKILL.md
[2026-08-11 08:12:10] 检测到未授权写入: /workspace/.opencode/skills/no-unauthorized-write/SKILL.md
[2026-08-11 08:12:10] 违规已记录: 第1044次 - 检测到未授权文件修改: /workspace/.opencode/skills/no-unauthorized-write/SKILL.md
[2026-08-11 08:12:10] 检测到未授权写入: /workspace/.opencode/skills/no-unauthorized-write/SKILL.md
[2026-08-11 08:12:10] 违规已记录: 第1045次 - 检测到未授权文件修改: /workspace/.opencode/skills/no-unauthorized-write/SKILL.md
[2026-08-11 08:12:10] 检测到未授权写入: /workspace/.opencode/skills/no-unauthorized-write/SKILL.md
[2026-08-11 08:12:10] 违规已记录: 第1046次 - 检测到未授权文件修改: /workspace/.opencode/skills/no-unauthorized-write/SKILL.md
[2026-08-11 08:12:10] 检测到未授权写入: /workspace/.opencode/skills/no-unauthorized-write/SKILL.md
[2026-08-11 08:12:10] 违规已记录: 第1047次 - 检测到未授权文件修改: /workspace/.opencode/skills/no-unauthorized-write/SKILL.md
[2026-08-11 08:12:10] 检测到未授权写入: /workspace/.opencode/skills/no-unauthorized-write/SKILL.md
[2026-08-11 08:12:10] 违规已记录: 第1048次 - 检测到未授权文件修改: /workspace/.opencode/skills/no-unauthorized-write/SKILL.md
[2026-08-11 08:12:10] 检测到未授权写入: /workspace/.opencode/skills/no-unauthorized-write/SKILL.md
[2026-08-11 08:12:10] 违规已记录: 第1049次 - 检测到未授权文件修改: /workspace/.opencode/skills/no-unauthorized-write/SKILL.md
[2026-08-11 08:12:11] 检测到未授权写入: /workspace/.opencode/skills/no-unauthorized-write/SKILL.md
[2026-08-11 08:12:11] 违规已记录: 第1050次 - 检测到未授权文件修改: /workspace/.opencode/skills/no-unauthorized-write/SKILL.md
[2026-08-11 08:12:11] 检测到未授权写入: /workspace/.opencode/skills/no-unauthorized-write/SKILL.md
[2026-08-11 08:12:11] 违规已记录: 第1051次 - 检测到未授权文件修改: /workspace/.opencode/skills/no-unauthorized-write/SKILL.md
[2026-08-11 08:12:11] 检测到未授权写入: /workspace/.opencode/skills/no-unauthorized-write/SKILL.md
[2026-08-11 08:12:11] 违规已记录: 第1052次 - 检测到未授权文件修改: /workspace/.opencode/skills/no-unauthorized-write/SKILL.md
[2026-08-11 08:12:11] 检测到未授权写入: /workspace/.opencode/skills/no-unauthorized-write/SKILL.md
[2026-08-11 08:12:11] 违规已记录: 第1053次 - 检测到未授权文件修改: /workspace/.opencode/skills/no-unauthorized-write/SKILL.md
[2026-08-11 08:12:11] 检测到未授权写入: /workspace/.opencode/skills/no-unauthorized-write/SKILL.md
[2026-08-11 08:12:11] 违规已记录: 第1054次 - 检测到未授权文件修改: /workspace/.opencode/skills/no-unauthorized-write/SKILL.md
[2026-08-11 08:12:11] 检测到未授权写入: /workspace/.opencode/skills/no-unauthorized-write/SKILL.md
[2026-08-11 08:12:11] 违规已记录: 第1055次 - 检测到未授权文件修改: /workspace/.opencode/skills/no-unauthorized-write/SKILL.md
[2026-08-11 08:12:11] 检测到未授权写入: /workspace/.opencode/skills/no-unauthorized-write/SKILL.md
[2026-08-11 08:12:11] 违规已记录: 第1056次 - 检测到未授权文件修改: /workspace/.opencode/skills/no-unauthorized-write/SKILL.md
[2026-08-11 08:12:11] 检测到未授权写入: /workspace/.opencode/skills/no-unauthorized-write/SKILL.md
[2026-08-11 08:12:11] 违规已记录: 第1057次 - 检测到未授权文件修改: /workspace/.opencode/skills/no-unauthorized-write/SKILL.md
[2026-08-11 08:12:11] 检测到未授权写入: /workspace/.opencode/skills/no-unauthorized-write/SKILL.md
[2026-08-11 08:12:11] 违规已记录: 第1058次 - 检测到未授权文件修改: /workspace/.opencode/skills/no-unauthorized-write/SKILL.md
[2026-08-11 08:12:11] 检测到未授权写入: /workspace/.opencode/skills/no-unauthorized-write/SKILL.md
[2026-08-11 08:12:11] 违规已记录: 第1059次 - 检测到未授权文件修改: /workspace/.opencode/skills/no-unauthorized-write/SKILL.md
[2026-08-11 08:12:12] 检测到未授权写入: /workspace/.opencode/skills/no-unauthorized-write/SKILL.md
[2026-08-11 08:12:12] 违规已记录: 第1060次 - 检测到未授权文件修改: /workspace/.opencode/skills/no-unauthorized-write/SKILL.md
[2026-08-11 08:12:12] 检测到未授权写入: /workspace/.opencode/skills/no-unauthorized-write/SKILL.md
[2026-08-11 08:12:12] 违规已记录: 第1061次 - 检测到未授权文件修改: /workspace/.opencode/skills/no-unauthorized-write/SKILL.md
[2026-08-11 08:12:12] 检测到未授权写入: /workspace/.opencode/skills/no-unauthorized-write/SKILL.md
[2026-08-11 08:12:12] 违规已记录: 第1062次 - 检测到未授权文件修改: /workspace/.opencode/skills/no-unauthorized-write/SKILL.md
[2026-08-11 08:12:12] 检测到未授权写入: /workspace/.opencode/skills/no-unauthorized-write/SKILL.md
[2026-08-11 08:12:12] 违规已记录: 第1063次 - 检测到未授权文件修改: /workspace/.opencode/skills/no-unauthorized-write/SKILL.md
[2026-08-11 08:12:12] 检测到未授权写入: /workspace/.opencode/skills/no-unauthorized-write/SKILL.md
[2026-08-11 08:12:12] 违规已记录: 第1064次 - 检测到未授权文件修改: /workspace/.opencode/skills/no-unauthorized-write/SKILL.md
[2026-08-11 08:12:12] 检测到未授权写入: /workspace/.opencode/skills/no-unauthorized-write/SKILL.md
[2026-08-11 08:12:12] 违规已记录: 第1065次 - 检测到未授权文件修改: /workspace/.opencode/skills/no-unauthorized-write/SKILL.md
[2026-08-11 08:12:12] 检测到未授权写入: /workspace/.opencode/skills/no-unauthorized-write/SKILL.md
[2026-08-11 08:12:12] 违规已记录: 第1066次 - 检测到未授权文件修改: /workspace/.opencode/skills/no-unauthorized-write/SKILL.md
[2026-08-11 08:12:12] 检测到未授权写入: /workspace/.opencode/skills/no-unauthorized-write/SKILL.md
[2026-08-11 08:12:12] 违规已记录: 第1067次 - 检测到未授权文件修改: /workspace/.opencode/skills/no-unauthorized-write/SKILL.md
[2026-08-11 08:12:12] 检测到未授权写入: /workspace/.opencode/skills/no-unauthorized-write/SKILL.md
[2026-08-11 08:12:12] 违规已记录: 第1068次 - 检测到未授权文件修改: /workspace/.opencode/skills/no-unauthorized-write/SKILL.md
[2026-08-11 08:12:13] 检测到未授权写入: /workspace/.opencode/skills/no-unauthorized-write/SKILL.md
[2026-08-11 08:12:13] 违规已记录: 第1069次 - 检测到未授权文件修改: /workspace/.opencode/skills/no-unauthorized-write/SKILL.md
[2026-08-11 08:12:13] 检测到未授权写入: /workspace/.opencode/skills/no-unauthorized-write/SKILL.md
[2026-08-11 08:12:13] 违规已记录: 第1070次 - 检测到未授权文件修改: /workspace/.opencode/skills/no-unauthorized-write/SKILL.md
[2026-08-11 08:12:13] 检测到未授权写入: /workspace/.opencode/skills/no-unauthorized-write/SKILL.md
[2026-08-11 08:12:13] 违规已记录: 第1071次 - 检测到未授权文件修改: /workspace/.opencode/skills/no-unauthorized-write/SKILL.md
[2026-08-11 08:12:13] 检测到未授权写入: /workspace/.opencode/skills/no-unauthorized-write/SKILL.md
[2026-08-11 08:12:13] 违规已记录: 第1072次 - 检测到未授权文件修改: /workspace/.opencode/skills/no-unauthorized-write/SKILL.md
[2026-08-11 08:12:13] 检测到未授权写入: /workspace/.opencode/skills/no-unauthorized-write/SKILL.md
[2026-08-11 08:12:13] 违规已记录: 第1073次 - 检测到未授权文件修改: /workspace/.opencode/skills/no-unauthorized-write/SKILL.md
[2026-08-11 08:12:13] 检测到未授权写入: /workspace/.opencode/skills/no-unauthorized-write/SKILL.md
[2026-08-11 08:12:13] 违规已记录: 第1074次 - 检测到未授权文件修改: /workspace/.opencode/skills/no-unauthorized-write/SKILL.md
[2026-08-11 08:12:13] 检测到未授权写入: /workspace/.opencode/skills/no-unauthorized-write/SKILL.md
[2026-08-11 08:12:13] 违规已记录: 第1075次 - 检测到未授权文件修改: /workspace/.opencode/skills/no-unauthorized-write/SKILL.md
[2026-08-11 08:12:13] 检测到未授权写入: /workspace/.opencode/skills/no-unauthorized-write/SKILL.md
[2026-08-11 08:12:13] 违规已记录: 第1076次 - 检测到未授权文件修改: /workspace/.opencode/skills/no-unauthorized-write/SKILL.md
[2026-08-11 08:12:13] 检测到未授权写入: /workspace/.opencode/skills/no-unauthorized-write/SKILL.md
[2026-08-11 08:12:13] 违规已记录: 第1077次 - 检测到未授权文件修改: /workspace/.opencode/skills/no-unauthorized-write/SKILL.md
[2026-08-11 08:12:13] 检测到未授权写入: /workspace/.opencode/skills/no-unauthorized-write/SKILL.md
[2026-08-11 08:12:13] 违规已记录: 第1078次 - 检测到未授权文件修改: /workspace/.opencode/skills/no-unauthorized-write/SKILL.md
[2026-08-11 08:12:14] 检测到未授权写入: /workspace/.opencode/skills/no-unauthorized-write/SKILL.md
[2026-08-11 08:12:14] 违规已记录: 第1079次 - 检测到未授权文件修改: /workspace/.opencode/skills/no-unauthorized-write/SKILL.md
[2026-08-11 08:12:14] 检测到未授权写入: /workspace/.opencode/skills/no-unauthorized-write/SKILL.md
[2026-08-11 08:12:14] 违规已记录: 第1080次 - 检测到未授权文件修改: /workspace/.opencode/skills/no-unauthorized-write/SKILL.md
[2026-08-11 08:12:14] 检测到未授权写入: /workspace/.opencode/skills/no-unauthorized-write/SKILL.md
[2026-08-11 08:12:14] 违规已记录: 第1081次 - 检测到未授权文件修改: /workspace/.opencode/skills/no-unauthorized-write/SKILL.md
[2026-08-11 08:12:14] 检测到未授权写入: /workspace/.opencode/skills/no-unauthorized-write/SKILL.md
[2026-08-11 08:12:14] 违规已记录: 第1082次 - 检测到未授权文件修改: /workspace/.opencode/skills/no-unauthorized-write/SKILL.md
[2026-08-11 08:12:14] 检测到未授权写入: /workspace/.opencode/skills/no-unauthorized-write/SKILL.md
[2026-08-11 08:12:14] 违规已记录: 第1083次 - 检测到未授权文件修改: /workspace/.opencode/skills/no-unauthorized-write/SKILL.md
[2026-08-11 08:12:14] 检测到未授权写入: /workspace/.opencode/skills/no-unauthorized-write/SKILL.md
[2026-08-11 08:12:14] 违规已记录: 第1084次 - 检测到未授权文件修改: /workspace/.opencode/skills/no-unauthorized-write/SKILL.md
[2026-08-11 08:12:14] 检测到未授权写入: /workspace/.opencode/skills/no-unauthorized-write/SKILL.md
[2026-08-11 08:12:14] 违规已记录: 第1085次 - 检测到未授权文件修改: /workspace/.opencode/skills/no-unauthorized-write/SKILL.md
[2026-08-11 08:12:14] 检测到未授权写入: /workspace/.opencode/skills/no-unauthorized-write/SKILL.md
[2026-08-11 08:12:14] 违规已记录: 第1086次 - 检测到未授权文件修改: /workspace/.opencode/skills/no-unauthorized-write/SKILL.md
[2026-08-11 08:12:14] 检测到未授权写入: /workspace/.opencode/skills/no-unauthorized-write/SKILL.md
[2026-08-11 08:12:14] 违规已记录: 第1087次 - 检测到未授权文件修改: /workspace/.opencode/skills/no-unauthorized-write/SKILL.md
[2026-08-11 08:12:15] 检测到未授权写入: /workspace/.opencode/skills/no-unauthorized-write/SKILL.md
[2026-08-11 08:12:15] 违规已记录: 第1088次 - 检测到未授权文件修改: /workspace/.opencode/skills/no-unauthorized-write/SKILL.md
[2026-08-11 08:12:15] 检测到未授权写入: /workspace/.opencode/skills/no-unauthorized-write/SKILL.md
[2026-08-11 08:12:15] 违规已记录: 第1089次 - 检测到未授权文件修改: /workspace/.opencode/skills/no-unauthorized-write/SKILL.md
[2026-08-11 08:12:15] 检测到未授权写入: /workspace/.opencode/skills/no-unauthorized-write/SKILL.md
[2026-08-11 08:12:15] 违规已记录: 第1090次 - 检测到未授权文件修改: /workspace/.opencode/skills/no-unauthorized-write/SKILL.md
[2026-08-11 08:12:15] 检测到未授权写入: /workspace/.opencode/skills/no-unauthorized-write/SKILL.md
[2026-08-11 08:12:15] 违规已记录: 第1091次 - 检测到未授权文件修改: /workspace/.opencode/skills/no-unauthorized-write/SKILL.md
[2026-08-11 08:12:15] 检测到未授权写入: /workspace/.opencode/skills/no-unauthorized-write/SKILL.md
[2026-08-11 08:12:15] 违规已记录: 第1092次 - 检测到未授权文件修改: /workspace/.opencode/skills/no-unauthorized-write/SKILL.md
[2026-08-11 08:12:15] 检测到未授权写入: /workspace/.opencode/skills/no-unauthorized-write/SKILL.md
[2026-08-11 08:12:15] 违规已记录: 第1093次 - 检测到未授权文件修改: /workspace/.opencode/skills/no-unauthorized-write/SKILL.md
[2026-08-11 08:12:15] 检测到未授权写入: /workspace/.opencode/skills/no-unauthorized-write/SKILL.md
[2026-08-11 08:12:15] 违规已记录: 第1094次 - 检测到未授权文件修改: /workspace/.opencode/skills/no-unauthorized-write/SKILL.md
[2026-08-11 08:12:15] 检测到未授权写入: /workspace/.opencode/skills/no-unauthorized-write/SKILL.md
[2026-08-11 08:12:15] 违规已记录: 第1095次 - 检测到未授权文件修改: /workspace/.opencode/skills/no-unauthorized-write/SKILL.md
[2026-08-11 08:12:15] 检测到未授权写入: /workspace/.opencode/skills/no-unauthorized-write/SKILL.md
[2026-08-11 08:12:15] 违规已记录: 第1096次 - 检测到未授权文件修改: /workspace/.opencode/skills/no-unauthorized-write/SKILL.md
[2026-08-11 08:12:15] 检测到未授权写入: /workspace/.opencode/skills/no-unauthorized-write/SKILL.md
[2026-08-11 08:12:15] 违规已记录: 第1097次 - 检测到未授权文件修改: /workspace/.opencode/skills/no-unauthorized-write/SKILL.md
[2026-08-11 08:12:16] 检测到未授权写入: /workspace/.opencode/skills/no-unauthorized-write/SKILL.md
[2026-08-11 08:12:16] 违规已记录: 第1098次 - 检测到未授权文件修改: /workspace/.opencode/skills/no-unauthorized-write/SKILL.md
[2026-08-11 08:12:16] 检测到未授权写入: /workspace/.opencode/skills/no-unauthorized-write/SKILL.md
[2026-08-11 08:12:16] 违规已记录: 第1099次 - 检测到未授权文件修改: /workspace/.opencode/skills/no-unauthorized-write/SKILL.md
[2026-08-11 08:12:16] 检测到未授权写入: /workspace/.opencode/skills/no-unauthorized-write/SKILL.md
[2026-08-11 08:12:16] 违规已记录: 第1100次 - 检测到未授权文件修改: /workspace/.opencode/skills/no-unauthorized-write/SKILL.md
[2026-08-11 08:12:16] 检测到未授权写入: /workspace/.opencode/skills/no-unauthorized-write/SKILL.md
[2026-08-11 08:12:16] 违规已记录: 第1101次 - 检测到未授权文件修改: /workspace/.opencode/skills/no-unauthorized-write/SKILL.md
[2026-08-11 08:12:16] 检测到未授权写入: /workspace/.opencode/skills/no-unauthorized-write/SKILL.md
[2026-08-11 08:12:16] 违规已记录: 第1102次 - 检测到未授权文件修改: /workspace/.opencode/skills/no-unauthorized-write/SKILL.md
[2026-08-11 08:12:16] 检测到未授权写入: /workspace/.opencode/skills/no-unauthorized-write/SKILL.md
[2026-08-11 08:12:16] 违规已记录: 第1103次 - 检测到未授权文件修改: /workspace/.opencode/skills/no-unauthorized-write/SKILL.md
[2026-08-11 08:12:16] 检测到未授权写入: /workspace/.opencode/skills/no-unauthorized-write/SKILL.md
[2026-08-11 08:12:16] 违规已记录: 第1104次 - 检测到未授权文件修改: /workspace/.opencode/skills/no-unauthorized-write/SKILL.md
[2026-08-11 08:12:16] 检测到未授权写入: /workspace/.opencode/skills/no-unauthorized-write/SKILL.md
[2026-08-11 08:12:16] 违规已记录: 第1105次 - 检测到未授权文件修改: /workspace/.opencode/skills/no-unauthorized-write/SKILL.md
[2026-08-11 08:12:16] 检测到未授权写入: /workspace/.opencode/skills/no-unauthorized-write/SKILL.md
[2026-08-11 08:12:16] 违规已记录: 第1106次 - 检测到未授权文件修改: /workspace/.opencode/skills/no-unauthorized-write/SKILL.md
[2026-08-11 08:12:17] 检测到未授权写入: /workspace/.opencode/skills/no-unauthorized-write/SKILL.md
[2026-08-11 08:12:17] 违规已记录: 第1107次 - 检测到未授权文件修改: /workspace/.opencode/skills/no-unauthorized-write/SKILL.md
[2026-08-11 08:12:17] 检测到未授权写入: /workspace/.opencode/skills/no-unauthorized-write/SKILL.md
[2026-08-11 08:12:17] 违规已记录: 第1108次 - 检测到未授权文件修改: /workspace/.opencode/skills/no-unauthorized-write/SKILL.md
[2026-08-11 08:12:17] 检测到未授权写入: /workspace/.opencode/skills/no-unauthorized-write/SKILL.md
[2026-08-11 08:12:17] 违规已记录: 第1109次 - 检测到未授权文件修改: /workspace/.opencode/skills/no-unauthorized-write/SKILL.md
[2026-08-11 08:12:17] 检测到未授权写入: /workspace/.opencode/skills/no-unauthorized-write/SKILL.md
[2026-08-11 08:12:17] 违规已记录: 第1110次 - 检测到未授权文件修改: /workspace/.opencode/skills/no-unauthorized-write/SKILL.md
[2026-08-11 08:12:17] 检测到未授权写入: /workspace/.opencode/skills/no-unauthorized-write/SKILL.md
[2026-08-11 08:12:17] 违规已记录: 第1111次 - 检测到未授权文件修改: /workspace/.opencode/skills/no-unauthorized-write/SKILL.md
[2026-08-11 08:12:17] 检测到未授权写入: /workspace/.opencode/skills/no-unauthorized-write/SKILL.md
[2026-08-11 08:12:17] 违规已记录: 第1112次 - 检测到未授权文件修改: /workspace/.opencode/skills/no-unauthorized-write/SKILL.md
[2026-08-11 08:12:17] 检测到未授权写入: /workspace/.opencode/skills/no-unauthorized-write/SKILL.md
[2026-08-11 08:12:17] 违规已记录: 第1113次 - 检测到未授权文件修改: /workspace/.opencode/skills/no-unauthorized-write/SKILL.md
[2026-08-11 08:12:17] 检测到未授权写入: /workspace/.opencode/skills/no-unauthorized-write/SKILL.md
[2026-08-11 08:12:17] 违规已记录: 第1114次 - 检测到未授权文件修改: /workspace/.opencode/skills/no-unauthorized-write/SKILL.md
[2026-08-11 08:12:17] 检测到未授权写入: /workspace/.opencode/skills/no-unauthorized-write/SKILL.md
[2026-08-11 08:12:17] 违规已记录: 第1115次 - 检测到未授权文件修改: /workspace/.opencode/skills/no-unauthorized-write/SKILL.md
[2026-08-11 08:12:17] 检测到未授权写入: /workspace/.opencode/skills/no-unauthorized-write/SKILL.md
[2026-08-11 08:12:17] 违规已记录: 第1116次 - 检测到未授权文件修改: /workspace/.opencode/skills/no-unauthorized-write/SKILL.md
[2026-08-11 08:12:18] 检测到未授权写入: /workspace/.opencode/skills/no-unauthorized-write/SKILL.md
[2026-08-11 08:12:18] 违规已记录: 第1117次 - 检测到未授权文件修改: /workspace/.opencode/skills/no-unauthorized-write/SKILL.md
[2026-08-11 08:12:18] 检测到未授权写入: /workspace/.opencode/skills/no-unauthorized-write/SKILL.md
[2026-08-11 08:12:18] 违规已记录: 第1118次 - 检测到未授权文件修改: /workspace/.opencode/skills/no-unauthorized-write/SKILL.md
[2026-08-11 08:12:18] 检测到未授权写入: /workspace/.opencode/skills/no-unauthorized-write/SKILL.md
[2026-08-11 08:12:18] 违规已记录: 第1119次 - 检测到未授权文件修改: /workspace/.opencode/skills/no-unauthorized-write/SKILL.md
[2026-08-11 08:12:18] 检测到未授权写入: /workspace/.opencode/skills/no-unauthorized-write/SKILL.md
[2026-08-11 08:12:18] 违规已记录: 第1120次 - 检测到未授权文件修改: /workspace/.opencode/skills/no-unauthorized-write/SKILL.md
[2026-08-11 08:12:18] 检测到未授权写入: /workspace/.opencode/skills/no-unauthorized-write/SKILL.md
[2026-08-11 08:12:18] 违规已记录: 第1121次 - 检测到未授权文件修改: /workspace/.opencode/skills/no-unauthorized-write/SKILL.md
[2026-08-11 08:12:18] 检测到未授权写入: /workspace/.opencode/skills/no-unauthorized-write/SKILL.md
[2026-08-11 08:12:18] 违规已记录: 第1122次 - 检测到未授权文件修改: /workspace/.opencode/skills/no-unauthorized-write/SKILL.md
[2026-08-11 08:12:18] 检测到未授权写入: /workspace/.opencode/skills/no-unauthorized-write/SKILL.md
[2026-08-11 08:12:18] 违规已记录: 第1123次 - 检测到未授权文件修改: /workspace/.opencode/skills/no-unauthorized-write/SKILL.md
[2026-08-11 08:12:18] 检测到未授权写入: /workspace/.opencode/skills/no-unauthorized-write/SKILL.md
[2026-08-11 08:12:18] 违规已记录: 第1124次 - 检测到未授权文件修改: /workspace/.opencode/skills/no-unauthorized-write/SKILL.md
[2026-08-11 08:12:18] 检测到未授权写入: /workspace/.opencode/skills/no-unauthorized-write/SKILL.md
[2026-08-11 08:12:18] 违规已记录: 第1125次 - 检测到未授权文件修改: /workspace/.opencode/skills/no-unauthorized-write/SKILL.md
[2026-08-11 08:12:19] 检测到未授权写入: /workspace/.opencode/skills/no-unauthorized-write/SKILL.md
[2026-08-11 08:12:19] 违规已记录: 第1126次 - 检测到未授权文件修改: /workspace/.opencode/skills/no-unauthorized-write/SKILL.md
[2026-08-11 08:12:19] 检测到未授权写入: /workspace/.opencode/skills/no-unauthorized-write/SKILL.md
[2026-08-11 08:12:19] 违规已记录: 第1127次 - 检测到未授权文件修改: /workspace/.opencode/skills/no-unauthorized-write/SKILL.md
[2026-08-11 08:12:19] 检测到未授权写入: /workspace/.opencode/skills/no-unauthorized-write/SKILL.md
[2026-08-11 08:12:19] 违规已记录: 第1128次 - 检测到未授权文件修改: /workspace/.opencode/skills/no-unauthorized-write/SKILL.md
[2026-08-11 08:12:19] 检测到未授权写入: /workspace/.opencode/skills/no-unauthorized-write/SKILL.md
[2026-08-11 08:12:19] 违规已记录: 第1129次 - 检测到未授权文件修改: /workspace/.opencode/skills/no-unauthorized-write/SKILL.md
[2026-08-11 08:12:19] 检测到未授权写入: /workspace/.opencode/skills/no-unauthorized-write/SKILL.md
[2026-08-11 08:12:19] 违规已记录: 第1130次 - 检测到未授权文件修改: /workspace/.opencode/skills/no-unauthorized-write/SKILL.md
[2026-08-11 08:12:19] 检测到未授权写入: /workspace/.opencode/skills/no-unauthorized-write/SKILL.md
[2026-08-11 08:12:19] 违规已记录: 第1131次 - 检测到未授权文件修改: /workspace/.opencode/skills/no-unauthorized-write/SKILL.md
[2026-08-11 08:12:19] 检测到未授权写入: /workspace/.opencode/skills/no-unauthorized-write/SKILL.md
[2026-08-11 08:12:19] 违规已记录: 第1132次 - 检测到未授权文件修改: /workspace/.opencode/skills/no-unauthorized-write/SKILL.md
[2026-08-11 08:12:19] 检测到未授权写入: /workspace/.opencode/skills/no-unauthorized-write/SKILL.md
[2026-08-11 08:12:19] 违规已记录: 第1133次 - 检测到未授权文件修改: /workspace/.opencode/skills/no-unauthorized-write/SKILL.md
[2026-08-11 08:12:19] 检测到未授权写入: /workspace/.opencode/skills/no-unauthorized-write/SKILL.md
[2026-08-11 08:12:19] 违规已记录: 第1134次 - 检测到未授权文件修改: /workspace/.opencode/skills/no-unauthorized-write/SKILL.md
[2026-08-11 08:12:19] 检测到未授权写入: /workspace/.opencode/skills/no-unauthorized-write/SKILL.md
[2026-08-11 08:12:19] 违规已记录: 第1135次 - 检测到未授权文件修改: /workspace/.opencode/skills/no-unauthorized-write/SKILL.md
[2026-08-11 08:12:20] 检测到未授权写入: /workspace/.opencode/skills/no-unauthorized-write/SKILL.md
[2026-08-11 08:12:20] 违规已记录: 第1136次 - 检测到未授权文件修改: /workspace/.opencode/skills/no-unauthorized-write/SKILL.md
[2026-08-11 08:12:20] 检测到未授权写入: /workspace/.opencode/skills/no-unauthorized-write/SKILL.md
[2026-08-11 08:12:20] 违规已记录: 第1137次 - 检测到未授权文件修改: /workspace/.opencode/skills/no-unauthorized-write/SKILL.md
[2026-08-11 08:12:20] 检测到未授权写入: /workspace/.opencode/skills/no-unauthorized-write/SKILL.md
[2026-08-11 08:12:20] 违规已记录: 第1138次 - 检测到未授权文件修改: /workspace/.opencode/skills/no-unauthorized-write/SKILL.md
[2026-08-11 08:12:20] 检测到未授权写入: /workspace/.opencode/skills/no-unauthorized-write/SKILL.md
[2026-08-11 08:12:20] 违规已记录: 第1139次 - 检测到未授权文件修改: /workspace/.opencode/skills/no-unauthorized-write/SKILL.md
[2026-08-11 08:12:20] 检测到未授权写入: /workspace/.opencode/skills/no-unauthorized-write/SKILL.md
[2026-08-11 08:12:20] 违规已记录: 第1140次 - 检测到未授权文件修改: /workspace/.opencode/skills/no-unauthorized-write/SKILL.md
[2026-08-11 08:12:20] 检测到未授权写入: /workspace/.opencode/skills/no-unauthorized-write/SKILL.md
[2026-08-11 08:12:20] 违规已记录: 第1141次 - 检测到未授权文件修改: /workspace/.opencode/skills/no-unauthorized-write/SKILL.md
[2026-08-11 08:12:20] 检测到未授权写入: /workspace/.opencode/skills/no-unauthorized-write/SKILL.md
[2026-08-11 08:12:20] 违规已记录: 第1142次 - 检测到未授权文件修改: /workspace/.opencode/skills/no-unauthorized-write/SKILL.md
[2026-08-11 08:12:20] 检测到未授权写入: /workspace/.opencode/skills/no-unauthorized-write/SKILL.md
[2026-08-11 08:12:20] 违规已记录: 第1143次 - 检测到未授权文件修改: /workspace/.opencode/skills/no-unauthorized-write/SKILL.md
[2026-08-11 08:12:20] 检测到未授权写入: /workspace/.opencode/skills/no-unauthorized-write/SKILL.md
[2026-08-11 08:12:20] 违规已记录: 第1144次 - 检测到未授权文件修改: /workspace/.opencode/skills/no-unauthorized-write/SKILL.md
[2026-08-11 08:12:20] 检测到未授权写入: /workspace/.opencode/skills/no-unauthorized-write/SKILL.md
[2026-08-11 08:12:20] 违规已记录: 第1145次 - 检测到未授权文件修改: /workspace/.opencode/skills/no-unauthorized-write/SKILL.md
[2026-08-11 08:12:21] 检测到未授权写入: /workspace/.opencode/skills/no-unauthorized-write/SKILL.md
[2026-08-11 08:12:21] 违规已记录: 第1146次 - 检测到未授权文件修改: /workspace/.opencode/skills/no-unauthorized-write/SKILL.md
[2026-08-11 08:12:21] 检测到未授权写入: /workspace/.opencode/skills/no-unauthorized-write/SKILL.md
[2026-08-11 08:12:21] 违规已记录: 第1147次 - 检测到未授权文件修改: /workspace/.opencode/skills/no-unauthorized-write/SKILL.md
[2026-08-11 08:12:21] 检测到未授权写入: /workspace/.opencode/skills/no-unauthorized-write/SKILL.md
[2026-08-11 08:12:21] 违规已记录: 第1148次 - 检测到未授权文件修改: /workspace/.opencode/skills/no-unauthorized-write/SKILL.md
[2026-08-11 08:12:21] 检测到未授权写入: /workspace/.opencode/skills/no-unauthorized-write/SKILL.md
[2026-08-11 08:12:21] 违规已记录: 第1149次 - 检测到未授权文件修改: /workspace/.opencode/skills/no-unauthorized-write/SKILL.md
[2026-08-11 08:12:21] 检测到未授权写入: /workspace/.opencode/skills/no-unauthorized-write/SKILL.md
[2026-08-11 08:12:21] 违规已记录: 第1150次 - 检测到未授权文件修改: /workspace/.opencode/skills/no-unauthorized-write/SKILL.md
[2026-08-11 08:12:21] 检测到未授权写入: /workspace/.opencode/skills/no-unauthorized-write/SKILL.md
[2026-08-11 08:12:21] 违规已记录: 第1151次 - 检测到未授权文件修改: /workspace/.opencode/skills/no-unauthorized-write/SKILL.md
[2026-08-11 08:12:21] 检测到未授权写入: /workspace/.opencode/skills/no-unauthorized-write/SKILL.md
[2026-08-11 08:12:21] 违规已记录: 第1152次 - 检测到未授权文件修改: /workspace/.opencode/skills/no-unauthorized-write/SKILL.md
[2026-08-11 08:12:21] 检测到未授权写入: /workspace/.opencode/skills/no-unauthorized-write/SKILL.md
[2026-08-11 08:12:21] 违规已记录: 第1153次 - 检测到未授权文件修改: /workspace/.opencode/skills/no-unauthorized-write/SKILL.md
[2026-08-11 08:12:21] 检测到未授权写入: /workspace/.opencode/skills/no-unauthorized-write/SKILL.md
[2026-08-11 08:12:21] 违规已记录: 第1154次 - 检测到未授权文件修改: /workspace/.opencode/skills/no-unauthorized-write/SKILL.md
[2026-08-11 08:12:22] 检测到未授权写入: /workspace/.opencode/skills/no-unauthorized-write/SKILL.md
[2026-08-11 08:12:22] 违规已记录: 第1155次 - 检测到未授权文件修改: /workspace/.opencode/skills/no-unauthorized-write/SKILL.md
[2026-08-11 08:12:22] 检测到未授权写入: /workspace/.opencode/skills/no-unauthorized-write/SKILL.md
[2026-08-11 08:12:22] 违规已记录: 第1156次 - 检测到未授权文件修改: /workspace/.opencode/skills/no-unauthorized-write/SKILL.md
[2026-08-11 08:12:22] 检测到未授权写入: /workspace/.opencode/skills/no-unauthorized-write/SKILL.md
[2026-08-11 08:12:22] 违规已记录: 第1157次 - 检测到未授权文件修改: /workspace/.opencode/skills/no-unauthorized-write/SKILL.md
[2026-08-11 08:12:22] 检测到未授权写入: /workspace/.opencode/skills/no-unauthorized-write/SKILL.md
[2026-08-11 08:12:22] 违规已记录: 第1158次 - 检测到未授权文件修改: /workspace/.opencode/skills/no-unauthorized-write/SKILL.md
[2026-08-11 08:12:22] 检测到未授权写入: /workspace/.opencode/skills/no-unauthorized-write/SKILL.md
[2026-08-11 08:12:22] 违规已记录: 第1159次 - 检测到未授权文件修改: /workspace/.opencode/skills/no-unauthorized-write/SKILL.md
[2026-08-11 08:12:22] 检测到未授权写入: /workspace/.opencode/skills/no-unauthorized-write/SKILL.md
[2026-08-11 08:12:22] 违规已记录: 第1160次 - 检测到未授权文件修改: /workspace/.opencode/skills/no-unauthorized-write/SKILL.md
[2026-08-11 08:12:22] 检测到未授权写入: /workspace/.opencode/skills/no-unauthorized-write/SKILL.md
[2026-08-11 08:12:22] 违规已记录: 第1161次 - 检测到未授权文件修改: /workspace/.opencode/skills/no-unauthorized-write/SKILL.md
[2026-08-11 08:12:22] 检测到未授权写入: /workspace/.opencode/skills/no-unauthorized-write/SKILL.md
[2026-08-11 08:12:22] 违规已记录: 第1162次 - 检测到未授权文件修改: /workspace/.opencode/skills/no-unauthorized-write/SKILL.md
[2026-08-11 08:12:22] 检测到未授权写入: /workspace/.opencode/skills/no-unauthorized-write/SKILL.md
[2026-08-11 08:12:22] 违规已记录: 第1163次 - 检测到未授权文件修改: /workspace/.opencode/skills/no-unauthorized-write/SKILL.md
[2026-08-11 08:12:22] 检测到未授权写入: /workspace/.opencode/skills/no-unauthorized-write/SKILL.md
[2026-08-11 08:12:22] 违规已记录: 第1164次 - 检测到未授权文件修改: /workspace/.opencode/skills/no-unauthorized-write/SKILL.md
[2026-08-11 08:12:23] 检测到未授权写入: /workspace/.opencode/skills/no-unauthorized-write/SKILL.md
[2026-08-11 08:12:23] 违规已记录: 第1165次 - 检测到未授权文件修改: /workspace/.opencode/skills/no-unauthorized-write/SKILL.md
[2026-08-11 08:12:23] 检测到未授权写入: /workspace/.opencode/skills/no-unauthorized-write/SKILL.md
[2026-08-11 08:12:23] 违规已记录: 第1166次 - 检测到未授权文件修改: /workspace/.opencode/skills/no-unauthorized-write/SKILL.md
[2026-08-11 08:12:23] 检测到未授权写入: /workspace/.opencode/skills/no-unauthorized-write/SKILL.md
[2026-08-11 08:12:23] 违规已记录: 第1167次 - 检测到未授权文件修改: /workspace/.opencode/skills/no-unauthorized-write/SKILL.md
[2026-08-11 08:12:23] 检测到未授权写入: /workspace/.opencode/skills/no-unauthorized-write/SKILL.md
[2026-08-11 08:12:23] 违规已记录: 第1168次 - 检测到未授权文件修改: /workspace/.opencode/skills/no-unauthorized-write/SKILL.md
[2026-08-11 08:12:23] 检测到未授权写入: /workspace/.opencode/skills/no-unauthorized-write/SKILL.md
[2026-08-11 08:12:23] 违规已记录: 第1169次 - 检测到未授权文件修改: /workspace/.opencode/skills/no-unauthorized-write/SKILL.md
[2026-08-11 08:12:23] 检测到未授权写入: /workspace/.opencode/skills/no-unauthorized-write/SKILL.md
[2026-08-11 08:12:23] 违规已记录: 第1170次 - 检测到未授权文件修改: /workspace/.opencode/skills/no-unauthorized-write/SKILL.md
[2026-08-11 08:12:23] 检测到未授权写入: /workspace/.opencode/skills/no-unauthorized-write/SKILL.md
[2026-08-11 08:12:23] 违规已记录: 第1171次 - 检测到未授权文件修改: /workspace/.opencode/skills/no-unauthorized-write/SKILL.md
[2026-08-11 08:12:23] 检测到未授权写入: /workspace/.opencode/skills/no-unauthorized-write/SKILL.md
[2026-08-11 08:12:23] 违规已记录: 第1172次 - 检测到未授权文件修改: /workspace/.opencode/skills/no-unauthorized-write/SKILL.md
[2026-08-11 08:12:23] 检测到未授权写入: /workspace/.opencode/skills/no-unauthorized-write/SKILL.md
[2026-08-11 08:12:23] 违规已记录: 第1173次 - 检测到未授权文件修改: /workspace/.opencode/skills/no-unauthorized-write/SKILL.md
[2026-08-11 08:12:24] 检测到未授权写入: /workspace/.opencode/skills/no-unauthorized-write/SKILL.md
[2026-08-11 08:12:24] 违规已记录: 第1174次 - 检测到未授权文件修改: /workspace/.opencode/skills/no-unauthorized-write/SKILL.md
[2026-08-11 08:12:24] 检测到未授权写入: /workspace/.opencode/skills/no-unauthorized-write/SKILL.md
[2026-08-11 08:12:24] 违规已记录: 第1175次 - 检测到未授权文件修改: /workspace/.opencode/skills/no-unauthorized-write/SKILL.md
[2026-08-11 08:12:24] 检测到未授权写入: /workspace/.opencode/skills/no-unauthorized-write/SKILL.md
[2026-08-11 08:12:24] 违规已记录: 第1176次 - 检测到未授权文件修改: /workspace/.opencode/skills/no-unauthorized-write/SKILL.md
[2026-08-11 08:12:24] 检测到未授权写入: /workspace/.opencode/skills/no-unauthorized-write/SKILL.md
[2026-08-11 08:12:24] 违规已记录: 第1177次 - 检测到未授权文件修改: /workspace/.opencode/skills/no-unauthorized-write/SKILL.md
[2026-08-11 08:12:24] 检测到未授权写入: /workspace/.opencode/skills/no-unauthorized-write/SKILL.md
[2026-08-11 08:12:24] 违规已记录: 第1178次 - 检测到未授权文件修改: /workspace/.opencode/skills/no-unauthorized-write/SKILL.md
[2026-08-11 08:12:24] 检测到未授权写入: /workspace/.opencode/skills/no-unauthorized-write/SKILL.md
[2026-08-11 08:12:24] 违规已记录: 第1179次 - 检测到未授权文件修改: /workspace/.opencode/skills/no-unauthorized-write/SKILL.md
[2026-08-11 08:12:24] 检测到未授权写入: /workspace/.opencode/skills/no-unauthorized-write/SKILL.md
[2026-08-11 08:12:24] 违规已记录: 第1180次 - 检测到未授权文件修改: /workspace/.opencode/skills/no-unauthorized-write/SKILL.md
[2026-08-11 08:12:24] 检测到未授权写入: /workspace/.opencode/skills/no-unauthorized-write/SKILL.md
[2026-08-11 08:12:24] 违规已记录: 第1181次 - 检测到未授权文件修改: /workspace/.opencode/skills/no-unauthorized-write/SKILL.md
[2026-08-11 08:12:24] 检测到未授权写入: /workspace/.opencode/skills/no-unauthorized-write/SKILL.md
[2026-08-11 08:12:24] 违规已记录: 第1182次 - 检测到未授权文件修改: /workspace/.opencode/skills/no-unauthorized-write/SKILL.md
[2026-08-11 08:12:24] 检测到未授权写入: /workspace/.opencode/skills/no-unauthorized-write/SKILL.md
[2026-08-11 08:12:24] 违规已记录: 第1183次 - 检测到未授权文件修改: /workspace/.opencode/skills/no-unauthorized-write/SKILL.md
[2026-08-11 08:12:25] 检测到未授权写入: /workspace/.opencode/skills/no-unauthorized-write/SKILL.md
[2026-08-11 08:12:25] 违规已记录: 第1184次 - 检测到未授权文件修改: /workspace/.opencode/skills/no-unauthorized-write/SKILL.md
[2026-08-11 08:12:25] 检测到未授权写入: /workspace/.opencode/skills/no-unauthorized-write/SKILL.md
[2026-08-11 08:12:25] 违规已记录: 第1185次 - 检测到未授权文件修改: /workspace/.opencode/skills/no-unauthorized-write/SKILL.md
[2026-08-11 08:12:25] 检测到未授权写入: /workspace/.opencode/skills/no-unauthorized-write/SKILL.md
[2026-08-11 08:12:25] 违规已记录: 第1186次 - 检测到未授权文件修改: /workspace/.opencode/skills/no-unauthorized-write/SKILL.md
[2026-08-11 08:12:25] 检测到未授权写入: /workspace/.opencode/skills/no-unauthorized-write/SKILL.md
[2026-08-11 08:12:25] 违规已记录: 第1187次 - 检测到未授权文件修改: /workspace/.opencode/skills/no-unauthorized-write/SKILL.md
[2026-08-11 08:12:25] 检测到未授权写入: /workspace/.opencode/skills/no-unauthorized-write/SKILL.md
[2026-08-11 08:12:25] 违规已记录: 第1188次 - 检测到未授权文件修改: /workspace/.opencode/skills/no-unauthorized-write/SKILL.md
[2026-08-11 08:12:25] 检测到未授权写入: /workspace/.opencode/skills/no-unauthorized-write/SKILL.md
[2026-08-11 08:12:25] 违规已记录: 第1189次 - 检测到未授权文件修改: /workspace/.opencode/skills/no-unauthorized-write/SKILL.md
[2026-08-11 08:12:25] 检测到未授权写入: /workspace/.opencode/skills/no-unauthorized-write/SKILL.md
[2026-08-11 08:12:25] 违规已记录: 第1190次 - 检测到未授权文件修改: /workspace/.opencode/skills/no-unauthorized-write/SKILL.md
[2026-08-11 08:12:25] 检测到未授权写入: /workspace/.opencode/skills/no-unauthorized-write/SKILL.md
[2026-08-11 08:12:25] 违规已记录: 第1191次 - 检测到未授权文件修改: /workspace/.opencode/skills/no-unauthorized-write/SKILL.md
[2026-08-11 08:12:25] 检测到未授权写入: /workspace/.opencode/skills/no-unauthorized-write/SKILL.md
[2026-08-11 08:12:25] 违规已记录: 第1192次 - 检测到未授权文件修改: /workspace/.opencode/skills/no-unauthorized-write/SKILL.md
[2026-08-11 08:12:26] 检测到未授权写入: /workspace/.opencode/skills/no-unauthorized-write/SKILL.md
[2026-08-11 08:12:26] 违规已记录: 第1193次 - 检测到未授权文件修改: /workspace/.opencode/skills/no-unauthorized-write/SKILL.md
[2026-08-11 08:12:26] 检测到未授权写入: /workspace/.opencode/skills/no-unauthorized-write/SKILL.md
[2026-08-11 08:12:26] 违规已记录: 第1194次 - 检测到未授权文件修改: /workspace/.opencode/skills/no-unauthorized-write/SKILL.md
[2026-08-11 08:12:26] 检测到未授权写入: /workspace/.opencode/skills/no-unauthorized-write/SKILL.md
[2026-08-11 08:12:26] 违规已记录: 第1195次 - 检测到未授权文件修改: /workspace/.opencode/skills/no-unauthorized-write/SKILL.md
[2026-08-11 08:12:26] 检测到未授权写入: /workspace/.opencode/skills/no-unauthorized-write/SKILL.md
[2026-08-11 08:12:26] 违规已记录: 第1196次 - 检测到未授权文件修改: /workspace/.opencode/skills/no-unauthorized-write/SKILL.md
[2026-08-11 08:12:26] 检测到未授权写入: /workspace/.opencode/skills/no-unauthorized-write/SKILL.md
[2026-08-11 08:12:26] 违规已记录: 第1197次 - 检测到未授权文件修改: /workspace/.opencode/skills/no-unauthorized-write/SKILL.md
[2026-08-11 08:12:26] 检测到未授权写入: /workspace/.opencode/skills/no-unauthorized-write/SKILL.md
[2026-08-11 08:12:26] 违规已记录: 第1198次 - 检测到未授权文件修改: /workspace/.opencode/skills/no-unauthorized-write/SKILL.md
[2026-08-11 08:12:26] 检测到未授权写入: /workspace/.opencode/skills/no-unauthorized-write/SKILL.md
[2026-08-11 08:12:26] 违规已记录: 第1199次 - 检测到未授权文件修改: /workspace/.opencode/skills/no-unauthorized-write/SKILL.md
[2026-08-11 08:12:26] 检测到未授权写入: /workspace/.opencode/skills/no-unauthorized-write/SKILL.md
[2026-08-11 08:12:26] 违规已记录: 第1200次 - 检测到未授权文件修改: /workspace/.opencode/skills/no-unauthorized-write/SKILL.md
[2026-08-11 08:12:26] 检测到未授权写入: /workspace/.opencode/skills/no-unauthorized-write/SKILL.md
[2026-08-11 08:12:26] 违规已记录: 第1201次 - 检测到未授权文件修改: /workspace/.opencode/skills/no-unauthorized-write/SKILL.md
[2026-08-11 08:12:26] 检测到未授权写入: /workspace/.opencode/skills/no-unauthorized-write/SKILL.md
[2026-08-11 08:12:26] 违规已记录: 第1202次 - 检测到未授权文件修改: /workspace/.opencode/skills/no-unauthorized-write/SKILL.md
[2026-08-11 08:12:27] 检测到未授权写入: /workspace/.opencode/skills/no-unauthorized-write/SKILL.md
[2026-08-11 08:12:27] 违规已记录: 第1203次 - 检测到未授权文件修改: /workspace/.opencode/skills/no-unauthorized-write/SKILL.md
[2026-08-11 08:12:27] 检测到未授权写入: /workspace/.opencode/skills/no-unauthorized-write/SKILL.md
[2026-08-11 08:12:27] 违规已记录: 第1204次 - 检测到未授权文件修改: /workspace/.opencode/skills/no-unauthorized-write/SKILL.md
[2026-08-11 08:12:27] 检测到未授权写入: /workspace/.opencode/skills/no-unauthorized-write/SKILL.md
[2026-08-11 08:12:27] 违规已记录: 第1205次 - 检测到未授权文件修改: /workspace/.opencode/skills/no-unauthorized-write/SKILL.md
[2026-08-11 08:12:27] 检测到未授权写入: /workspace/.opencode/skills/no-unauthorized-write/SKILL.md
[2026-08-11 08:12:27] 违规已记录: 第1206次 - 检测到未授权文件修改: /workspace/.opencode/skills/no-unauthorized-write/SKILL.md
[2026-08-11 08:12:27] 检测到未授权写入: /workspace/.opencode/skills/no-unauthorized-write/SKILL.md
[2026-08-11 08:12:27] 违规已记录: 第1207次 - 检测到未授权文件修改: /workspace/.opencode/skills/no-unauthorized-write/SKILL.md
[2026-08-11 08:12:27] 检测到未授权写入: /workspace/.opencode/skills/no-unauthorized-write/SKILL.md
[2026-08-11 08:12:27] 违规已记录: 第1208次 - 检测到未授权文件修改: /workspace/.opencode/skills/no-unauthorized-write/SKILL.md
[2026-08-11 08:12:27] 检测到未授权写入: /workspace/.opencode/skills/no-unauthorized-write/SKILL.md
[2026-08-11 08:12:27] 违规已记录: 第1209次 - 检测到未授权文件修改: /workspace/.opencode/skills/no-unauthorized-write/SKILL.md
[2026-08-11 08:12:27] 检测到未授权写入: /workspace/.opencode/skills/no-unauthorized-write/SKILL.md
[2026-08-11 08:12:27] 违规已记录: 第1210次 - 检测到未授权文件修改: /workspace/.opencode/skills/no-unauthorized-write/SKILL.md
[2026-08-11 08:12:27] 检测到未授权写入: /workspace/.opencode/skills/no-unauthorized-write/SKILL.md
[2026-08-11 08:12:27] 违规已记录: 第1211次 - 检测到未授权文件修改: /workspace/.opencode/skills/no-unauthorized-write/SKILL.md
[2026-08-11 08:12:28] 检测到未授权写入: /workspace/.opencode/skills/no-unauthorized-write/SKILL.md
[2026-08-11 08:12:28] 违规已记录: 第1212次 - 检测到未授权文件修改: /workspace/.opencode/skills/no-unauthorized-write/SKILL.md
[2026-08-11 08:12:28] 检测到未授权写入: /workspace/.opencode/skills/no-unauthorized-write/SKILL.md
[2026-08-11 08:12:28] 违规已记录: 第1213次 - 检测到未授权文件修改: /workspace/.opencode/skills/no-unauthorized-write/SKILL.md
[2026-08-11 08:12:28] 检测到未授权写入: /workspace/.opencode/skills/no-unauthorized-write/SKILL.md
[2026-08-11 08:12:28] 违规已记录: 第1214次 - 检测到未授权文件修改: /workspace/.opencode/skills/no-unauthorized-write/SKILL.md
[2026-08-11 08:12:28] 检测到未授权写入: /workspace/.opencode/skills/no-unauthorized-write/SKILL.md
[2026-08-11 08:12:28] 违规已记录: 第1215次 - 检测到未授权文件修改: /workspace/.opencode/skills/no-unauthorized-write/SKILL.md
[2026-08-11 08:12:28] 检测到未授权写入: /workspace/.opencode/skills/no-unauthorized-write/SKILL.md
[2026-08-11 08:12:28] 违规已记录: 第1216次 - 检测到未授权文件修改: /workspace/.opencode/skills/no-unauthorized-write/SKILL.md
[2026-08-11 08:12:28] 检测到未授权写入: /workspace/.opencode/skills/no-unauthorized-write/SKILL.md
[2026-08-11 08:12:28] 违规已记录: 第1217次 - 检测到未授权文件修改: /workspace/.opencode/skills/no-unauthorized-write/SKILL.md
[2026-08-11 08:12:28] 检测到未授权写入: /workspace/.opencode/skills/no-unauthorized-write/SKILL.md
[2026-08-11 08:12:28] 违规已记录: 第1218次 - 检测到未授权文件修改: /workspace/.opencode/skills/no-unauthorized-write/SKILL.md
[2026-08-11 08:12:28] 检测到未授权写入: /workspace/.opencode/skills/no-unauthorized-write/SKILL.md
[2026-08-11 08:12:28] 违规已记录: 第1219次 - 检测到未授权文件修改: /workspace/.opencode/skills/no-unauthorized-write/SKILL.md
[2026-08-11 08:12:28] 检测到未授权写入: /workspace/.opencode/skills/no-unauthorized-write/SKILL.md
[2026-08-11 08:12:28] 违规已记录: 第1220次 - 检测到未授权文件修改: /workspace/.opencode/skills/no-unauthorized-write/SKILL.md
[2026-08-11 08:12:28] 检测到未授权写入: /workspace/.opencode/skills/no-unauthorized-write/SKILL.md
[2026-08-11 08:12:28] 违规已记录: 第1221次 - 检测到未授权文件修改: /workspace/.opencode/skills/no-unauthorized-write/SKILL.md
[2026-08-11 08:12:29] 检测到未授权写入: /workspace/.opencode/skills/no-unauthorized-write/SKILL.md
[2026-08-11 08:12:29] 违规已记录: 第1222次 - 检测到未授权文件修改: /workspace/.opencode/skills/no-unauthorized-write/SKILL.md
[2026-08-11 08:12:29] 检测到未授权写入: /workspace/.opencode/skills/no-unauthorized-write/SKILL.md
[2026-08-11 08:12:29] 违规已记录: 第1223次 - 检测到未授权文件修改: /workspace/.opencode/skills/no-unauthorized-write/SKILL.md
[2026-08-11 08:12:29] 检测到未授权写入: /workspace/.opencode/skills/no-unauthorized-write/SKILL.md
[2026-08-11 08:12:29] 违规已记录: 第1224次 - 检测到未授权文件修改: /workspace/.opencode/skills/no-unauthorized-write/SKILL.md
[2026-08-11 08:12:29] 检测到未授权写入: /workspace/.opencode/skills/no-unauthorized-write/SKILL.md
[2026-08-11 08:12:29] 违规已记录: 第1225次 - 检测到未授权文件修改: /workspace/.opencode/skills/no-unauthorized-write/SKILL.md
[2026-08-11 08:12:29] 检测到未授权写入: /workspace/.opencode/skills/no-unauthorized-write/SKILL.md
[2026-08-11 08:12:29] 违规已记录: 第1226次 - 检测到未授权文件修改: /workspace/.opencode/skills/no-unauthorized-write/SKILL.md
[2026-08-11 08:12:29] 检测到未授权写入: /workspace/.opencode/skills/no-unauthorized-write/SKILL.md
[2026-08-11 08:12:29] 违规已记录: 第1227次 - 检测到未授权文件修改: /workspace/.opencode/skills/no-unauthorized-write/SKILL.md
[2026-08-11 08:12:29] 检测到未授权写入: /workspace/.opencode/skills/no-unauthorized-write/SKILL.md
[2026-08-11 08:12:29] 违规已记录: 第1228次 - 检测到未授权文件修改: /workspace/.opencode/skills/no-unauthorized-write/SKILL.md
[2026-08-11 08:12:29] 检测到未授权写入: /workspace/.opencode/skills/no-unauthorized-write/SKILL.md
[2026-08-11 08:12:29] 违规已记录: 第1229次 - 检测到未授权文件修改: /workspace/.opencode/skills/no-unauthorized-write/SKILL.md
[2026-08-11 08:12:29] 检测到未授权写入: /workspace/.opencode/skills/no-unauthorized-write/SKILL.md
[2026-08-11 08:12:29] 违规已记录: 第1230次 - 检测到未授权文件修改: /workspace/.opencode/skills/no-unauthorized-write/SKILL.md
[2026-08-11 08:12:30] 检测到未授权写入: /workspace/.opencode/skills/no-unauthorized-write/SKILL.md
[2026-08-11 08:12:30] 违规已记录: 第1231次 - 检测到未授权文件修改: /workspace/.opencode/skills/no-unauthorized-write/SKILL.md
[2026-08-11 08:12:30] 检测到未授权写入: /workspace/.opencode/skills/no-unauthorized-write/SKILL.md
[2026-08-11 08:12:30] 违规已记录: 第1232次 - 检测到未授权文件修改: /workspace/.opencode/skills/no-unauthorized-write/SKILL.md
[2026-08-11 08:12:30] 检测到未授权写入: /workspace/.opencode/skills/no-unauthorized-write/SKILL.md
[2026-08-11 08:12:30] 违规已记录: 第1233次 - 检测到未授权文件修改: /workspace/.opencode/skills/no-unauthorized-write/SKILL.md
[2026-08-11 08:12:30] 检测到未授权写入: /workspace/.opencode/skills/no-unauthorized-write/SKILL.md
[2026-08-11 08:12:30] 违规已记录: 第1234次 - 检测到未授权文件修改: /workspace/.opencode/skills/no-unauthorized-write/SKILL.md
[2026-08-11 08:12:30] 检测到未授权写入: /workspace/.opencode/skills/no-unauthorized-write/SKILL.md
[2026-08-11 08:12:30] 违规已记录: 第1235次 - 检测到未授权文件修改: /workspace/.opencode/skills/no-unauthorized-write/SKILL.md
[2026-08-11 08:12:30] 检测到未授权写入: /workspace/.opencode/skills/no-unauthorized-write/SKILL.md
[2026-08-11 08:12:30] 违规已记录: 第1236次 - 检测到未授权文件修改: /workspace/.opencode/skills/no-unauthorized-write/SKILL.md
[2026-08-11 08:12:30] 检测到未授权写入: /workspace/.opencode/skills/no-unauthorized-write/SKILL.md
[2026-08-11 08:12:30] 违规已记录: 第1237次 - 检测到未授权文件修改: /workspace/.opencode/skills/no-unauthorized-write/SKILL.md
[2026-08-11 08:12:30] 检测到未授权写入: /workspace/.opencode/skills/no-unauthorized-write/SKILL.md
[2026-08-11 08:12:30] 违规已记录: 第1238次 - 检测到未授权文件修改: /workspace/.opencode/skills/no-unauthorized-write/SKILL.md
[2026-08-11 08:12:30] 检测到未授权写入: /workspace/.opencode/skills/no-unauthorized-write/SKILL.md
[2026-08-11 08:12:30] 违规已记录: 第1239次 - 检测到未授权文件修改: /workspace/.opencode/skills/no-unauthorized-write/SKILL.md
[2026-08-11 08:12:30] 检测到未授权写入: /workspace/.opencode/skills/no-unauthorized-write/SKILL.md
[2026-08-11 08:12:30] 违规已记录: 第1240次 - 检测到未授权文件修改: /workspace/.opencode/skills/no-unauthorized-write/SKILL.md
[2026-08-11 08:12:31] 检测到未授权写入: /workspace/.opencode/skills/no-unauthorized-write/SKILL.md
[2026-08-11 08:12:31] 违规已记录: 第1241次 - 检测到未授权文件修改: /workspace/.opencode/skills/no-unauthorized-write/SKILL.md
[2026-08-11 08:12:31] 检测到未授权写入: /workspace/.opencode/skills/no-unauthorized-write/SKILL.md
[2026-08-11 08:12:31] 违规已记录: 第1242次 - 检测到未授权文件修改: /workspace/.opencode/skills/no-unauthorized-write/SKILL.md
[2026-08-11 08:12:31] 检测到未授权写入: /workspace/.opencode/skills/no-unauthorized-write/SKILL.md
[2026-08-11 08:12:31] 违规已记录: 第1243次 - 检测到未授权文件修改: /workspace/.opencode/skills/no-unauthorized-write/SKILL.md
[2026-08-11 08:12:31] 检测到未授权写入: /workspace/.opencode/skills/no-unauthorized-write/SKILL.md
[2026-08-11 08:12:31] 违规已记录: 第1244次 - 检测到未授权文件修改: /workspace/.opencode/skills/no-unauthorized-write/SKILL.md
[2026-08-11 08:12:31] 检测到未授权写入: /workspace/.opencode/skills/no-unauthorized-write/SKILL.md
[2026-08-11 08:12:31] 违规已记录: 第1245次 - 检测到未授权文件修改: /workspace/.opencode/skills/no-unauthorized-write/SKILL.md
[2026-08-11 08:12:31] 检测到未授权写入: /workspace/.opencode/skills/no-unauthorized-write/SKILL.md
[2026-08-11 08:12:31] 违规已记录: 第1246次 - 检测到未授权文件修改: /workspace/.opencode/skills/no-unauthorized-write/SKILL.md
[2026-08-11 08:12:31] 检测到未授权写入: /workspace/.opencode/skills/no-unauthorized-write/SKILL.md
[2026-08-11 08:12:31] 违规已记录: 第1247次 - 检测到未授权文件修改: /workspace/.opencode/skills/no-unauthorized-write/SKILL.md
[2026-08-11 08:12:31] 检测到未授权写入: /workspace/.opencode/skills/no-unauthorized-write/SKILL.md
[2026-08-11 08:12:31] 违规已记录: 第1248次 - 检测到未授权文件修改: /workspace/.opencode/skills/no-unauthorized-write/SKILL.md
[2026-08-11 08:12:31] 检测到未授权写入: /workspace/.opencode/skills/no-unauthorized-write/SKILL.md
[2026-08-11 08:12:31] 违规已记录: 第1249次 - 检测到未授权文件修改: /workspace/.opencode/skills/no-unauthorized-write/SKILL.md
[2026-08-11 08:12:32] 检测到未授权写入: /workspace/.opencode/skills/no-unauthorized-write/SKILL.md
[2026-08-11 08:12:32] 违规已记录: 第1250次 - 检测到未授权文件修改: /workspace/.opencode/skills/no-unauthorized-write/SKILL.md
[2026-08-11 08:12:32] 检测到未授权写入: /workspace/.opencode/skills/no-unauthorized-write/SKILL.md
[2026-08-11 08:12:32] 违规已记录: 第1251次 - 检测到未授权文件修改: /workspace/.opencode/skills/no-unauthorized-write/SKILL.md
[2026-08-11 08:12:32] 检测到未授权写入: /workspace/.opencode/skills/no-unauthorized-write/SKILL.md
[2026-08-11 08:12:32] 违规已记录: 第1252次 - 检测到未授权文件修改: /workspace/.opencode/skills/no-unauthorized-write/SKILL.md
[2026-08-11 08:12:32] 检测到未授权写入: /workspace/.opencode/skills/no-unauthorized-write/SKILL.md
[2026-08-11 08:12:32] 违规已记录: 第1253次 - 检测到未授权文件修改: /workspace/.opencode/skills/no-unauthorized-write/SKILL.md
[2026-08-11 08:12:32] 检测到未授权写入: /workspace/.opencode/skills/no-unauthorized-write/SKILL.md
[2026-08-11 08:12:32] 违规已记录: 第1254次 - 检测到未授权文件修改: /workspace/.opencode/skills/no-unauthorized-write/SKILL.md
[2026-08-11 08:12:32] 检测到未授权写入: /workspace/.opencode/skills/no-unauthorized-write/SKILL.md
[2026-08-11 08:12:32] 违规已记录: 第1255次 - 检测到未授权文件修改: /workspace/.opencode/skills/no-unauthorized-write/SKILL.md
[2026-08-11 08:12:32] 检测到未授权写入: /workspace/.opencode/skills/no-unauthorized-write/SKILL.md
[2026-08-11 08:12:32] 违规已记录: 第1256次 - 检测到未授权文件修改: /workspace/.opencode/skills/no-unauthorized-write/SKILL.md
[2026-08-11 08:12:32] 检测到未授权写入: /workspace/.opencode/skills/no-unauthorized-write/SKILL.md
[2026-08-11 08:12:32] 违规已记录: 第1257次 - 检测到未授权文件修改: /workspace/.opencode/skills/no-unauthorized-write/SKILL.md
[2026-08-11 08:12:32] 检测到未授权写入: /workspace/.opencode/skills/no-unauthorized-write/SKILL.md
[2026-08-11 08:12:32] 违规已记录: 第1258次 - 检测到未授权文件修改: /workspace/.opencode/skills/no-unauthorized-write/SKILL.md
[2026-08-11 08:12:32] 检测到未授权写入: /workspace/.opencode/skills/no-unauthorized-write/SKILL.md
[2026-08-11 08:12:32] 违规已记录: 第1259次 - 检测到未授权文件修改: /workspace/.opencode/skills/no-unauthorized-write/SKILL.md
[2026-08-11 08:12:33] 检测到未授权写入: /workspace/.opencode/skills/no-unauthorized-write/SKILL.md
[2026-08-11 08:12:33] 违规已记录: 第1260次 - 检测到未授权文件修改: /workspace/.opencode/skills/no-unauthorized-write/SKILL.md
[2026-08-11 08:12:33] 检测到未授权写入: /workspace/.opencode/skills/no-unauthorized-write/SKILL.md
[2026-08-11 08:12:33] 违规已记录: 第1261次 - 检测到未授权文件修改: /workspace/.opencode/skills/no-unauthorized-write/SKILL.md
[2026-08-11 08:12:33] 检测到未授权写入: /workspace/.opencode/skills/no-unauthorized-write/SKILL.md
[2026-08-11 08:12:33] 违规已记录: 第1262次 - 检测到未授权文件修改: /workspace/.opencode/skills/no-unauthorized-write/SKILL.md
[2026-08-11 08:12:33] 检测到未授权写入: /workspace/.opencode/skills/no-unauthorized-write/SKILL.md
[2026-08-11 08:12:33] 违规已记录: 第1263次 - 检测到未授权文件修改: /workspace/.opencode/skills/no-unauthorized-write/SKILL.md
[2026-08-11 08:12:33] 检测到未授权写入: /workspace/.opencode/skills/no-unauthorized-write/SKILL.md
[2026-08-11 08:12:33] 违规已记录: 第1264次 - 检测到未授权文件修改: /workspace/.opencode/skills/no-unauthorized-write/SKILL.md
[2026-08-11 08:12:33] 检测到未授权写入: /workspace/.opencode/skills/no-unauthorized-write/SKILL.md
[2026-08-11 08:12:33] 违规已记录: 第1265次 - 检测到未授权文件修改: /workspace/.opencode/skills/no-unauthorized-write/SKILL.md
[2026-08-11 08:12:33] 检测到未授权写入: /workspace/.opencode/skills/no-unauthorized-write/SKILL.md
[2026-08-11 08:12:33] 违规已记录: 第1266次 - 检测到未授权文件修改: /workspace/.opencode/skills/no-unauthorized-write/SKILL.md
[2026-08-11 08:12:33] 检测到未授权写入: /workspace/.opencode/skills/no-unauthorized-write/SKILL.md
[2026-08-11 08:12:33] 违规已记录: 第1267次 - 检测到未授权文件修改: /workspace/.opencode/skills/no-unauthorized-write/SKILL.md
[2026-08-11 08:12:33] 检测到未授权写入: /workspace/.opencode/skills/no-unauthorized-write/SKILL.md
[2026-08-11 08:12:33] 违规已记录: 第1268次 - 检测到未授权文件修改: /workspace/.opencode/skills/no-unauthorized-write/SKILL.md
[2026-08-11 08:12:34] 检测到未授权写入: /workspace/.opencode/skills/no-unauthorized-write/SKILL.md
[2026-08-11 08:12:34] 违规已记录: 第1269次 - 检测到未授权文件修改: /workspace/.opencode/skills/no-unauthorized-write/SKILL.md
[2026-08-11 08:12:34] 检测到未授权写入: /workspace/.opencode/skills/no-unauthorized-write/SKILL.md
[2026-08-11 08:12:34] 违规已记录: 第1270次 - 检测到未授权文件修改: /workspace/.opencode/skills/no-unauthorized-write/SKILL.md
[2026-08-11 08:12:34] 检测到未授权写入: /workspace/.opencode/skills/no-unauthorized-write/SKILL.md
[2026-08-11 08:12:34] 违规已记录: 第1271次 - 检测到未授权文件修改: /workspace/.opencode/skills/no-unauthorized-write/SKILL.md
[2026-08-11 08:12:34] 检测到未授权写入: /workspace/.opencode/skills/no-unauthorized-write/SKILL.md
[2026-08-11 08:12:34] 违规已记录: 第1272次 - 检测到未授权文件修改: /workspace/.opencode/skills/no-unauthorized-write/SKILL.md
[2026-08-11 08:12:34] 检测到未授权写入: /workspace/.opencode/skills/no-unauthorized-write/SKILL.md
[2026-08-11 08:12:34] 违规已记录: 第1273次 - 检测到未授权文件修改: /workspace/.opencode/skills/no-unauthorized-write/SKILL.md
[2026-08-11 08:12:34] 检测到未授权写入: /workspace/.opencode/skills/no-unauthorized-write/SKILL.md
[2026-08-11 08:12:34] 违规已记录: 第1274次 - 检测到未授权文件修改: /workspace/.opencode/skills/no-unauthorized-write/SKILL.md
[2026-08-11 08:12:34] 检测到未授权写入: /workspace/.opencode/skills/no-unauthorized-write/SKILL.md
[2026-08-11 08:12:34] 违规已记录: 第1275次 - 检测到未授权文件修改: /workspace/.opencode/skills/no-unauthorized-write/SKILL.md
[2026-08-11 08:12:34] 检测到未授权写入: /workspace/.opencode/skills/no-unauthorized-write/SKILL.md
[2026-08-11 08:12:34] 违规已记录: 第1276次 - 检测到未授权文件修改: /workspace/.opencode/skills/no-unauthorized-write/SKILL.md
[2026-08-11 08:12:34] 检测到未授权写入: /workspace/.opencode/skills/no-unauthorized-write/SKILL.md
[2026-08-11 08:12:34] 违规已记录: 第1277次 - 检测到未授权文件修改: /workspace/.opencode/skills/no-unauthorized-write/SKILL.md
[2026-08-11 08:12:34] 检测到未授权写入: /workspace/.opencode/skills/no-unauthorized-write/SKILL.md
[2026-08-11 08:12:34] 违规已记录: 第1278次 - 检测到未授权文件修改: /workspace/.opencode/skills/no-unauthorized-write/SKILL.md
[2026-08-11 08:12:35] 检测到未授权写入: /workspace/.opencode/skills/no-unauthorized-write/SKILL.md
[2026-08-11 08:12:35] 违规已记录: 第1279次 - 检测到未授权文件修改: /workspace/.opencode/skills/no-unauthorized-write/SKILL.md
[2026-08-11 08:12:35] 检测到未授权写入: /workspace/.opencode/skills/no-unauthorized-write/SKILL.md
[2026-08-11 08:12:35] 违规已记录: 第1280次 - 检测到未授权文件修改: /workspace/.opencode/skills/no-unauthorized-write/SKILL.md
[2026-08-11 08:12:35] 检测到未授权写入: /workspace/.opencode/skills/no-unauthorized-write/SKILL.md
[2026-08-11 08:12:35] 违规已记录: 第1281次 - 检测到未授权文件修改: /workspace/.opencode/skills/no-unauthorized-write/SKILL.md
[2026-08-11 08:12:35] 检测到未授权写入: /workspace/.opencode/skills/no-unauthorized-write/SKILL.md
[2026-08-11 08:12:35] 违规已记录: 第1282次 - 检测到未授权文件修改: /workspace/.opencode/skills/no-unauthorized-write/SKILL.md
[2026-08-11 08:12:35] 检测到未授权写入: /workspace/.opencode/skills/no-unauthorized-write/SKILL.md
[2026-08-11 08:12:35] 违规已记录: 第1283次 - 检测到未授权文件修改: /workspace/.opencode/skills/no-unauthorized-write/SKILL.md
[2026-08-11 08:12:35] 检测到未授权写入: /workspace/.opencode/skills/no-unauthorized-write/SKILL.md
[2026-08-11 08:12:35] 违规已记录: 第1284次 - 检测到未授权文件修改: /workspace/.opencode/skills/no-unauthorized-write/SKILL.md
[2026-08-11 08:12:35] 检测到未授权写入: /workspace/.opencode/skills/no-unauthorized-write/SKILL.md
[2026-08-11 08:12:35] 违规已记录: 第1285次 - 检测到未授权文件修改: /workspace/.opencode/skills/no-unauthorized-write/SKILL.md
[2026-08-11 08:12:35] 检测到未授权写入: /workspace/.opencode/skills/no-unauthorized-write/SKILL.md
[2026-08-11 08:12:35] 违规已记录: 第1286次 - 检测到未授权文件修改: /workspace/.opencode/skills/no-unauthorized-write/SKILL.md
[2026-08-11 08:12:35] 检测到未授权写入: /workspace/.opencode/skills/no-unauthorized-write/SKILL.md
[2026-08-11 08:12:35] 违规已记录: 第1287次 - 检测到未授权文件修改: /workspace/.opencode/skills/no-unauthorized-write/SKILL.md
[2026-08-11 08:12:36] 检测到未授权写入: /workspace/.opencode/skills/no-unauthorized-write/SKILL.md
[2026-08-11 08:12:36] 违规已记录: 第1288次 - 检测到未授权文件修改: /workspace/.opencode/skills/no-unauthorized-write/SKILL.md
[2026-08-11 08:12:36] 检测到未授权写入: /workspace/.opencode/skills/no-unauthorized-write/SKILL.md
[2026-08-11 08:12:36] 违规已记录: 第1289次 - 检测到未授权文件修改: /workspace/.opencode/skills/no-unauthorized-write/SKILL.md
[2026-08-11 08:12:36] 检测到未授权写入: /workspace/.opencode/skills/no-unauthorized-write/SKILL.md
[2026-08-11 08:12:36] 违规已记录: 第1290次 - 检测到未授权文件修改: /workspace/.opencode/skills/no-unauthorized-write/SKILL.md
[2026-08-11 08:12:36] 检测到未授权写入: /workspace/.opencode/skills/no-unauthorized-write/SKILL.md
[2026-08-11 08:12:36] 违规已记录: 第1291次 - 检测到未授权文件修改: /workspace/.opencode/skills/no-unauthorized-write/SKILL.md
[2026-08-11 08:12:36] 检测到未授权写入: /workspace/.opencode/skills/no-unauthorized-write/SKILL.md
[2026-08-11 08:12:36] 违规已记录: 第1292次 - 检测到未授权文件修改: /workspace/.opencode/skills/no-unauthorized-write/SKILL.md
[2026-08-11 08:12:36] 检测到未授权写入: /workspace/.opencode/skills/no-unauthorized-write/SKILL.md
[2026-08-11 08:12:36] 违规已记录: 第1293次 - 检测到未授权文件修改: /workspace/.opencode/skills/no-unauthorized-write/SKILL.md
[2026-08-11 08:12:36] 检测到未授权写入: /workspace/.opencode/skills/no-unauthorized-write/SKILL.md
[2026-08-11 08:12:36] 违规已记录: 第1294次 - 检测到未授权文件修改: /workspace/.opencode/skills/no-unauthorized-write/SKILL.md
[2026-08-11 08:12:36] 检测到未授权写入: /workspace/.opencode/skills/no-unauthorized-write/SKILL.md
[2026-08-11 08:12:36] 违规已记录: 第1295次 - 检测到未授权文件修改: /workspace/.opencode/skills/no-unauthorized-write/SKILL.md
[2026-08-11 08:12:36] 检测到未授权写入: /workspace/.opencode/skills/no-unauthorized-write/SKILL.md
[2026-08-11 08:12:36] 违规已记录: 第1296次 - 检测到未授权文件修改: /workspace/.opencode/skills/no-unauthorized-write/SKILL.md
[2026-08-11 08:12:36] 检测到未授权写入: /workspace/.opencode/skills/no-unauthorized-write/SKILL.md
[2026-08-11 08:12:36] 违规已记录: 第1297次 - 检测到未授权文件修改: /workspace/.opencode/skills/no-unauthorized-write/SKILL.md
[2026-08-11 08:12:37] 检测到未授权写入: /workspace/.opencode/skills/no-unauthorized-write/SKILL.md
[2026-08-11 08:12:37] 违规已记录: 第1298次 - 检测到未授权文件修改: /workspace/.opencode/skills/no-unauthorized-write/SKILL.md
[2026-08-11 08:12:37] 检测到未授权写入: /workspace/.opencode/skills/no-unauthorized-write/SKILL.md
[2026-08-11 08:12:37] 违规已记录: 第1299次 - 检测到未授权文件修改: /workspace/.opencode/skills/no-unauthorized-write/SKILL.md
[2026-08-11 08:12:37] 检测到未授权写入: /workspace/.opencode/skills/no-unauthorized-write/SKILL.md
[2026-08-11 08:12:37] 违规已记录: 第1300次 - 检测到未授权文件修改: /workspace/.opencode/skills/no-unauthorized-write/SKILL.md
[2026-08-11 08:12:37] 检测到未授权写入: /workspace/.opencode/skills/no-unauthorized-write/SKILL.md
[2026-08-11 08:12:37] 违规已记录: 第1301次 - 检测到未授权文件修改: /workspace/.opencode/skills/no-unauthorized-write/SKILL.md
[2026-08-11 08:12:37] 检测到未授权写入: /workspace/.opencode/skills/no-unauthorized-write/SKILL.md
[2026-08-11 08:12:37] 违规已记录: 第1302次 - 检测到未授权文件修改: /workspace/.opencode/skills/no-unauthorized-write/SKILL.md
[2026-08-11 08:12:37] 检测到未授权写入: /workspace/.opencode/skills/no-unauthorized-write/SKILL.md
[2026-08-11 08:12:37] 违规已记录: 第1303次 - 检测到未授权文件修改: /workspace/.opencode/skills/no-unauthorized-write/SKILL.md
[2026-08-11 08:12:37] 检测到未授权写入: /workspace/.opencode/skills/no-unauthorized-write/SKILL.md
[2026-08-11 08:12:37] 违规已记录: 第1304次 - 检测到未授权文件修改: /workspace/.opencode/skills/no-unauthorized-write/SKILL.md
[2026-08-11 08:12:37] 检测到未授权写入: /workspace/.opencode/skills/no-unauthorized-write/SKILL.md
[2026-08-11 08:12:37] 违规已记录: 第1305次 - 检测到未授权文件修改: /workspace/.opencode/skills/no-unauthorized-write/SKILL.md
[2026-08-11 08:12:37] 检测到未授权写入: /workspace/.opencode/skills/no-unauthorized-write/SKILL.md
[2026-08-11 08:12:37] 违规已记录: 第1306次 - 检测到未授权文件修改: /workspace/.opencode/skills/no-unauthorized-write/SKILL.md
[2026-08-11 08:12:38] 检测到未授权写入: /workspace/.opencode/skills/no-unauthorized-write/SKILL.md
[2026-08-11 08:12:38] 违规已记录: 第1307次 - 检测到未授权文件修改: /workspace/.opencode/skills/no-unauthorized-write/SKILL.md
[2026-08-11 08:12:38] 检测到未授权写入: /workspace/.opencode/skills/no-unauthorized-write/SKILL.md
[2026-08-11 08:12:38] 违规已记录: 第1308次 - 检测到未授权文件修改: /workspace/.opencode/skills/no-unauthorized-write/SKILL.md
[2026-08-11 08:12:38] 检测到未授权写入: /workspace/.opencode/skills/no-unauthorized-write/SKILL.md
[2026-08-11 08:12:38] 违规已记录: 第1309次 - 检测到未授权文件修改: /workspace/.opencode/skills/no-unauthorized-write/SKILL.md
[2026-08-11 08:12:38] 检测到未授权写入: /workspace/.opencode/skills/no-unauthorized-write/SKILL.md
[2026-08-11 08:12:38] 违规已记录: 第1310次 - 检测到未授权文件修改: /workspace/.opencode/skills/no-unauthorized-write/SKILL.md
[2026-08-11 08:12:38] 检测到未授权写入: /workspace/.opencode/skills/no-unauthorized-write/SKILL.md
[2026-08-11 08:12:38] 违规已记录: 第1311次 - 检测到未授权文件修改: /workspace/.opencode/skills/no-unauthorized-write/SKILL.md
[2026-08-11 08:12:38] 检测到未授权写入: /workspace/.opencode/skills/no-unauthorized-write/SKILL.md
[2026-08-11 08:12:38] 违规已记录: 第1312次 - 检测到未授权文件修改: /workspace/.opencode/skills/no-unauthorized-write/SKILL.md
[2026-08-11 08:12:38] 检测到未授权写入: /workspace/.opencode/skills/no-unauthorized-write/SKILL.md
[2026-08-11 08:12:38] 违规已记录: 第1313次 - 检测到未授权文件修改: /workspace/.opencode/skills/no-unauthorized-write/SKILL.md
[2026-08-11 08:12:38] 检测到未授权写入: /workspace/.opencode/skills/no-unauthorized-write/SKILL.md
[2026-08-11 08:12:38] 违规已记录: 第1314次 - 检测到未授权文件修改: /workspace/.opencode/skills/no-unauthorized-write/SKILL.md
[2026-08-11 08:12:38] 检测到未授权写入: /workspace/.opencode/skills/no-unauthorized-write/SKILL.md
[2026-08-11 08:12:38] 违规已记录: 第1315次 - 检测到未授权文件修改: /workspace/.opencode/skills/no-unauthorized-write/SKILL.md
[2026-08-11 08:12:38] 检测到未授权写入: /workspace/.opencode/skills/no-unauthorized-write/SKILL.md
[2026-08-11 08:12:38] 违规已记录: 第1316次 - 检测到未授权文件修改: /workspace/.opencode/skills/no-unauthorized-write/SKILL.md
[2026-08-11 08:12:39] 检测到未授权写入: /workspace/.opencode/skills/no-unauthorized-write/SKILL.md
[2026-08-11 08:12:39] 违规已记录: 第1317次 - 检测到未授权文件修改: /workspace/.opencode/skills/no-unauthorized-write/SKILL.md
[2026-08-11 08:12:39] 检测到未授权写入: /workspace/.opencode/skills/no-unauthorized-write/SKILL.md
[2026-08-11 08:12:39] 违规已记录: 第1318次 - 检测到未授权文件修改: /workspace/.opencode/skills/no-unauthorized-write/SKILL.md
[2026-08-11 08:12:39] 检测到未授权写入: /workspace/.opencode/skills/no-unauthorized-write/SKILL.md
[2026-08-11 08:12:39] 违规已记录: 第1319次 - 检测到未授权文件修改: /workspace/.opencode/skills/no-unauthorized-write/SKILL.md
[2026-08-11 08:12:39] 检测到未授权写入: /workspace/.opencode/skills/no-unauthorized-write/SKILL.md
[2026-08-11 08:12:39] 违规已记录: 第1320次 - 检测到未授权文件修改: /workspace/.opencode/skills/no-unauthorized-write/SKILL.md
[2026-08-11 08:12:39] 检测到未授权写入: /workspace/.opencode/skills/no-unauthorized-write/SKILL.md
[2026-08-11 08:12:39] 违规已记录: 第1321次 - 检测到未授权文件修改: /workspace/.opencode/skills/no-unauthorized-write/SKILL.md
[2026-08-11 08:12:39] 检测到未授权写入: /workspace/.opencode/skills/no-unauthorized-write/SKILL.md
[2026-08-11 08:12:39] 违规已记录: 第1322次 - 检测到未授权文件修改: /workspace/.opencode/skills/no-unauthorized-write/SKILL.md
[2026-08-11 08:12:39] 检测到未授权写入: /workspace/.opencode/skills/no-unauthorized-write/SKILL.md
[2026-08-11 08:12:39] 违规已记录: 第1323次 - 检测到未授权文件修改: /workspace/.opencode/skills/no-unauthorized-write/SKILL.md
[2026-08-11 08:12:39] 检测到未授权写入: /workspace/.opencode/skills/no-unauthorized-write/SKILL.md
[2026-08-11 08:12:39] 违规已记录: 第1324次 - 检测到未授权文件修改: /workspace/.opencode/skills/no-unauthorized-write/SKILL.md
[2026-08-11 08:12:39] 检测到未授权写入: /workspace/.opencode/skills/no-unauthorized-write/SKILL.md
[2026-08-11 08:12:39] 违规已记录: 第1325次 - 检测到未授权文件修改: /workspace/.opencode/skills/no-unauthorized-write/SKILL.md
[2026-08-11 08:12:40] 检测到未授权写入: /workspace/.opencode/skills/no-unauthorized-write/SKILL.md
[2026-08-11 08:12:40] 违规已记录: 第1326次 - 检测到未授权文件修改: /workspace/.opencode/skills/no-unauthorized-write/SKILL.md
[2026-08-11 08:12:40] 检测到未授权写入: /workspace/.opencode/skills/no-unauthorized-write/SKILL.md
[2026-08-11 08:12:40] 违规已记录: 第1327次 - 检测到未授权文件修改: /workspace/.opencode/skills/no-unauthorized-write/SKILL.md
[2026-08-11 08:12:40] 检测到未授权写入: /workspace/.opencode/skills/no-unauthorized-write/SKILL.md
[2026-08-11 08:12:40] 违规已记录: 第1328次 - 检测到未授权文件修改: /workspace/.opencode/skills/no-unauthorized-write/SKILL.md
[2026-08-11 08:12:40] 检测到未授权写入: /workspace/.opencode/skills/no-unauthorized-write/SKILL.md
[2026-08-11 08:12:40] 违规已记录: 第1329次 - 检测到未授权文件修改: /workspace/.opencode/skills/no-unauthorized-write/SKILL.md
[2026-08-11 08:12:40] 检测到未授权写入: /workspace/.opencode/skills/no-unauthorized-write/SKILL.md
[2026-08-11 08:12:40] 违规已记录: 第1330次 - 检测到未授权文件修改: /workspace/.opencode/skills/no-unauthorized-write/SKILL.md
[2026-08-11 08:12:40] 检测到未授权写入: /workspace/.opencode/skills/no-unauthorized-write/SKILL.md
[2026-08-11 08:12:40] 违规已记录: 第1331次 - 检测到未授权文件修改: /workspace/.opencode/skills/no-unauthorized-write/SKILL.md
[2026-08-11 08:12:40] 检测到未授权写入: /workspace/.opencode/skills/no-unauthorized-write/SKILL.md
[2026-08-11 08:12:40] 违规已记录: 第1332次 - 检测到未授权文件修改: /workspace/.opencode/skills/no-unauthorized-write/SKILL.md
[2026-08-11 08:12:40] 检测到未授权写入: /workspace/.opencode/skills/no-unauthorized-write/SKILL.md
[2026-08-11 08:12:40] 违规已记录: 第1333次 - 检测到未授权文件修改: /workspace/.opencode/skills/no-unauthorized-write/SKILL.md
[2026-08-11 08:12:40] 检测到未授权写入: /workspace/.opencode/skills/no-unauthorized-write/SKILL.md
[2026-08-11 08:12:40] 违规已记录: 第1334次 - 检测到未授权文件修改: /workspace/.opencode/skills/no-unauthorized-write/SKILL.md
[2026-08-11 08:12:40] 检测到未授权写入: /workspace/.opencode/skills/no-unauthorized-write/SKILL.md
[2026-08-11 08:12:40] 违规已记录: 第1335次 - 检测到未授权文件修改: /workspace/.opencode/skills/no-unauthorized-write/SKILL.md
[2026-08-11 08:12:41] 检测到未授权写入: /workspace/.opencode/skills/no-unauthorized-write/SKILL.md
[2026-08-11 08:12:41] 违规已记录: 第1336次 - 检测到未授权文件修改: /workspace/.opencode/skills/no-unauthorized-write/SKILL.md
[2026-08-11 08:12:41] 检测到未授权写入: /workspace/.opencode/skills/no-unauthorized-write/SKILL.md
[2026-08-11 08:12:41] 违规已记录: 第1337次 - 检测到未授权文件修改: /workspace/.opencode/skills/no-unauthorized-write/SKILL.md
[2026-08-11 08:12:41] 检测到未授权写入: /workspace/.opencode/skills/no-unauthorized-write/SKILL.md
[2026-08-11 08:12:41] 违规已记录: 第1338次 - 检测到未授权文件修改: /workspace/.opencode/skills/no-unauthorized-write/SKILL.md
[2026-08-11 08:12:41] 检测到未授权写入: /workspace/.opencode/skills/no-unauthorized-write/SKILL.md
[2026-08-11 08:12:41] 违规已记录: 第1339次 - 检测到未授权文件修改: /workspace/.opencode/skills/no-unauthorized-write/SKILL.md
[2026-08-11 08:12:41] 检测到未授权写入: /workspace/.opencode/skills/no-unauthorized-write/SKILL.md
[2026-08-11 08:12:41] 违规已记录: 第1340次 - 检测到未授权文件修改: /workspace/.opencode/skills/no-unauthorized-write/SKILL.md
[2026-08-11 08:12:41] 检测到未授权写入: /workspace/.opencode/skills/no-unauthorized-write/SKILL.md
[2026-08-11 08:12:41] 违规已记录: 第1341次 - 检测到未授权文件修改: /workspace/.opencode/skills/no-unauthorized-write/SKILL.md
[2026-08-11 08:12:41] 检测到未授权写入: /workspace/.opencode/skills/no-unauthorized-write/SKILL.md
[2026-08-11 08:12:41] 违规已记录: 第1342次 - 检测到未授权文件修改: /workspace/.opencode/skills/no-unauthorized-write/SKILL.md
[2026-08-11 08:12:41] 检测到未授权写入: /workspace/.opencode/skills/no-unauthorized-write/SKILL.md
[2026-08-11 08:12:41] 违规已记录: 第1343次 - 检测到未授权文件修改: /workspace/.opencode/skills/no-unauthorized-write/SKILL.md
[2026-08-11 08:12:41] 检测到未授权写入: /workspace/.opencode/skills/no-unauthorized-write/SKILL.md
[2026-08-11 08:12:41] 违规已记录: 第1344次 - 检测到未授权文件修改: /workspace/.opencode/skills/no-unauthorized-write/SKILL.md
[2026-08-11 08:12:42] 检测到未授权写入: /workspace/.opencode/skills/no-unauthorized-write/SKILL.md
[2026-08-11 08:12:42] 违规已记录: 第1345次 - 检测到未授权文件修改: /workspace/.opencode/skills/no-unauthorized-write/SKILL.md
[2026-08-11 08:12:42] 检测到未授权写入: /workspace/.opencode/skills/no-unauthorized-write/SKILL.md
[2026-08-11 08:12:42] 违规已记录: 第1346次 - 检测到未授权文件修改: /workspace/.opencode/skills/no-unauthorized-write/SKILL.md
[2026-08-11 08:12:42] 检测到未授权写入: /workspace/.opencode/skills/no-unauthorized-write/SKILL.md
[2026-08-11 08:12:42] 违规已记录: 第1347次 - 检测到未授权文件修改: /workspace/.opencode/skills/no-unauthorized-write/SKILL.md
[2026-08-11 08:12:42] 检测到未授权写入: /workspace/.opencode/skills/no-unauthorized-write/SKILL.md
[2026-08-11 08:12:42] 违规已记录: 第1348次 - 检测到未授权文件修改: /workspace/.opencode/skills/no-unauthorized-write/SKILL.md
[2026-08-11 08:12:42] 检测到未授权写入: /workspace/.opencode/skills/no-unauthorized-write/SKILL.md
[2026-08-11 08:12:42] 违规已记录: 第1349次 - 检测到未授权文件修改: /workspace/.opencode/skills/no-unauthorized-write/SKILL.md
[2026-08-11 08:12:42] 检测到未授权写入: /workspace/.opencode/skills/no-unauthorized-write/SKILL.md
[2026-08-11 08:12:42] 违规已记录: 第1350次 - 检测到未授权文件修改: /workspace/.opencode/skills/no-unauthorized-write/SKILL.md
[2026-08-11 08:12:42] 检测到未授权写入: /workspace/.opencode/skills/no-unauthorized-write/SKILL.md
[2026-08-11 08:12:42] 违规已记录: 第1351次 - 检测到未授权文件修改: /workspace/.opencode/skills/no-unauthorized-write/SKILL.md
[2026-08-11 08:12:42] 检测到未授权写入: /workspace/.opencode/skills/no-unauthorized-write/SKILL.md
[2026-08-11 08:12:42] 违规已记录: 第1352次 - 检测到未授权文件修改: /workspace/.opencode/skills/no-unauthorized-write/SKILL.md
[2026-08-11 08:12:42] 检测到未授权写入: /workspace/.opencode/skills/no-unauthorized-write/SKILL.md
[2026-08-11 08:12:42] 违规已记录: 第1353次 - 检测到未授权文件修改: /workspace/.opencode/skills/no-unauthorized-write/SKILL.md
[2026-08-11 08:12:42] 检测到未授权写入: /workspace/.opencode/skills/no-unauthorized-write/SKILL.md
[2026-08-11 08:12:42] 违规已记录: 第1354次 - 检测到未授权文件修改: /workspace/.opencode/skills/no-unauthorized-write/SKILL.md
[2026-08-11 08:12:43] 检测到未授权写入: /workspace/.opencode/skills/no-unauthorized-write/SKILL.md
[2026-08-11 08:12:43] 违规已记录: 第1355次 - 检测到未授权文件修改: /workspace/.opencode/skills/no-unauthorized-write/SKILL.md
[2026-08-11 08:12:43] 检测到未授权写入: /workspace/.opencode/skills/no-unauthorized-write/SKILL.md
[2026-08-11 08:12:43] 违规已记录: 第1356次 - 检测到未授权文件修改: /workspace/.opencode/skills/no-unauthorized-write/SKILL.md
[2026-08-11 08:12:43] 检测到未授权写入: /workspace/.opencode/skills/no-unauthorized-write/SKILL.md
[2026-08-11 08:12:43] 违规已记录: 第1357次 - 检测到未授权文件修改: /workspace/.opencode/skills/no-unauthorized-write/SKILL.md
[2026-08-11 08:12:43] 检测到未授权写入: /workspace/.opencode/skills/no-unauthorized-write/SKILL.md
[2026-08-11 08:12:43] 违规已记录: 第1358次 - 检测到未授权文件修改: /workspace/.opencode/skills/no-unauthorized-write/SKILL.md
[2026-08-11 08:12:43] 检测到未授权写入: /workspace/.opencode/skills/no-unauthorized-write/SKILL.md
[2026-08-11 08:12:43] 违规已记录: 第1359次 - 检测到未授权文件修改: /workspace/.opencode/skills/no-unauthorized-write/SKILL.md
[2026-08-11 08:12:43] 检测到未授权写入: /workspace/.opencode/skills/no-unauthorized-write/SKILL.md
[2026-08-11 08:12:43] 违规已记录: 第1360次 - 检测到未授权文件修改: /workspace/.opencode/skills/no-unauthorized-write/SKILL.md
[2026-08-11 08:12:43] 检测到未授权写入: /workspace/.opencode/skills/no-unauthorized-write/SKILL.md
[2026-08-11 08:12:43] 违规已记录: 第1361次 - 检测到未授权文件修改: /workspace/.opencode/skills/no-unauthorized-write/SKILL.md
[2026-08-11 08:12:43] 检测到未授权写入: /workspace/.opencode/skills/no-unauthorized-write/SKILL.md
[2026-08-11 08:12:43] 违规已记录: 第1362次 - 检测到未授权文件修改: /workspace/.opencode/skills/no-unauthorized-write/SKILL.md
[2026-08-11 08:12:43] 检测到未授权写入: /workspace/.opencode/skills/no-unauthorized-write/SKILL.md
[2026-08-11 08:12:43] 违规已记录: 第1363次 - 检测到未授权文件修改: /workspace/.opencode/skills/no-unauthorized-write/SKILL.md
[2026-08-11 08:12:44] 检测到未授权写入: /workspace/.opencode/skills/no-unauthorized-write/SKILL.md
[2026-08-11 08:12:44] 违规已记录: 第1364次 - 检测到未授权文件修改: /workspace/.opencode/skills/no-unauthorized-write/SKILL.md
[2026-08-11 08:12:44] 检测到未授权写入: /workspace/.opencode/skills/no-unauthorized-write/SKILL.md
[2026-08-11 08:12:44] 违规已记录: 第1365次 - 检测到未授权文件修改: /workspace/.opencode/skills/no-unauthorized-write/SKILL.md
[2026-08-11 08:12:44] 检测到未授权写入: /workspace/.opencode/skills/no-unauthorized-write/SKILL.md
[2026-08-11 08:12:44] 违规已记录: 第1366次 - 检测到未授权文件修改: /workspace/.opencode/skills/no-unauthorized-write/SKILL.md
[2026-08-11 08:12:44] 检测到未授权写入: /workspace/.opencode/skills/no-unauthorized-write/SKILL.md
[2026-08-11 08:12:44] 违规已记录: 第1367次 - 检测到未授权文件修改: /workspace/.opencode/skills/no-unauthorized-write/SKILL.md
[2026-08-11 08:12:44] 检测到未授权写入: /workspace/.opencode/skills/no-unauthorized-write/SKILL.md
[2026-08-11 08:12:44] 违规已记录: 第1368次 - 检测到未授权文件修改: /workspace/.opencode/skills/no-unauthorized-write/SKILL.md
[2026-08-11 08:12:44] 检测到未授权写入: /workspace/.opencode/skills/no-unauthorized-write/SKILL.md
[2026-08-11 08:12:44] 违规已记录: 第1369次 - 检测到未授权文件修改: /workspace/.opencode/skills/no-unauthorized-write/SKILL.md
[2026-08-11 08:12:44] 检测到未授权写入: /workspace/.opencode/skills/no-unauthorized-write/SKILL.md
[2026-08-11 08:12:44] 违规已记录: 第1370次 - 检测到未授权文件修改: /workspace/.opencode/skills/no-unauthorized-write/SKILL.md
[2026-08-11 08:12:44] 检测到未授权写入: /workspace/.opencode/skills/no-unauthorized-write/SKILL.md
[2026-08-11 08:12:44] 违规已记录: 第1371次 - 检测到未授权文件修改: /workspace/.opencode/skills/no-unauthorized-write/SKILL.md
[2026-08-11 08:12:44] 检测到未授权写入: /workspace/.opencode/skills/no-unauthorized-write/SKILL.md
[2026-08-11 08:12:44] 违规已记录: 第1372次 - 检测到未授权文件修改: /workspace/.opencode/skills/no-unauthorized-write/SKILL.md
[2026-08-11 08:12:44] 检测到未授权写入: /workspace/.opencode/skills/no-unauthorized-write/SKILL.md
[2026-08-11 08:12:44] 违规已记录: 第1373次 - 检测到未授权文件修改: /workspace/.opencode/skills/no-unauthorized-write/SKILL.md
[2026-08-11 08:12:45] 检测到未授权写入: /workspace/.opencode/skills/no-unauthorized-write/SKILL.md
[2026-08-11 08:12:45] 违规已记录: 第1374次 - 检测到未授权文件修改: /workspace/.opencode/skills/no-unauthorized-write/SKILL.md
[2026-08-11 08:12:45] 检测到未授权写入: /workspace/.opencode/skills/no-unauthorized-write/SKILL.md
[2026-08-11 08:12:45] 违规已记录: 第1375次 - 检测到未授权文件修改: /workspace/.opencode/skills/no-unauthorized-write/SKILL.md
[2026-08-11 08:12:45] 检测到未授权写入: /workspace/.opencode/skills/no-unauthorized-write/SKILL.md
[2026-08-11 08:12:45] 违规已记录: 第1376次 - 检测到未授权文件修改: /workspace/.opencode/skills/no-unauthorized-write/SKILL.md
[2026-08-11 08:12:45] 检测到未授权写入: /workspace/.opencode/skills/no-unauthorized-write/SKILL.md
[2026-08-11 08:12:45] 违规已记录: 第1377次 - 检测到未授权文件修改: /workspace/.opencode/skills/no-unauthorized-write/SKILL.md
[2026-08-11 08:12:45] 检测到未授权写入: /workspace/.opencode/skills/no-unauthorized-write/SKILL.md
[2026-08-11 08:12:45] 违规已记录: 第1378次 - 检测到未授权文件修改: /workspace/.opencode/skills/no-unauthorized-write/SKILL.md
[2026-08-11 08:12:45] 检测到未授权写入: /workspace/.opencode/skills/no-unauthorized-write/SKILL.md
[2026-08-11 08:12:45] 违规已记录: 第1379次 - 检测到未授权文件修改: /workspace/.opencode/skills/no-unauthorized-write/SKILL.md
[2026-08-11 08:12:45] 检测到未授权写入: /workspace/.opencode/skills/no-unauthorized-write/SKILL.md
[2026-08-11 08:12:45] 违规已记录: 第1380次 - 检测到未授权文件修改: /workspace/.opencode/skills/no-unauthorized-write/SKILL.md
[2026-08-11 08:12:45] 检测到未授权写入: /workspace/.opencode/skills/no-unauthorized-write/SKILL.md
[2026-08-11 08:12:45] 违规已记录: 第1381次 - 检测到未授权文件修改: /workspace/.opencode/skills/no-unauthorized-write/SKILL.md
[2026-08-11 08:12:45] 检测到未授权写入: /workspace/.opencode/skills/no-unauthorized-write/SKILL.md
[2026-08-11 08:12:45] 违规已记录: 第1382次 - 检测到未授权文件修改: /workspace/.opencode/skills/no-unauthorized-write/SKILL.md
[2026-08-11 08:12:46] 检测到未授权写入: /workspace/.opencode/skills/no-unauthorized-write/SKILL.md
[2026-08-11 08:12:46] 违规已记录: 第1383次 - 检测到未授权文件修改: /workspace/.opencode/skills/no-unauthorized-write/SKILL.md
[2026-08-11 08:12:46] 检测到未授权写入: /workspace/.opencode/skills/no-unauthorized-write/SKILL.md
[2026-08-11 08:12:46] 违规已记录: 第1384次 - 检测到未授权文件修改: /workspace/.opencode/skills/no-unauthorized-write/SKILL.md
[2026-08-11 08:12:46] 检测到未授权写入: /workspace/.opencode/skills/no-unauthorized-write/SKILL.md
[2026-08-11 08:12:46] 违规已记录: 第1385次 - 检测到未授权文件修改: /workspace/.opencode/skills/no-unauthorized-write/SKILL.md
[2026-08-11 08:12:46] 检测到未授权写入: /workspace/.opencode/skills/no-unauthorized-write/SKILL.md
[2026-08-11 08:12:46] 违规已记录: 第1386次 - 检测到未授权文件修改: /workspace/.opencode/skills/no-unauthorized-write/SKILL.md
[2026-08-11 08:12:46] 检测到未授权写入: /workspace/.opencode/skills/no-unauthorized-write/SKILL.md
[2026-08-11 08:12:46] 违规已记录: 第1387次 - 检测到未授权文件修改: /workspace/.opencode/skills/no-unauthorized-write/SKILL.md
[2026-08-11 08:12:46] 检测到未授权写入: /workspace/.opencode/skills/no-unauthorized-write/SKILL.md
[2026-08-11 08:12:46] 违规已记录: 第1388次 - 检测到未授权文件修改: /workspace/.opencode/skills/no-unauthorized-write/SKILL.md
[2026-08-11 08:12:46] 检测到未授权写入: /workspace/.opencode/skills/no-unauthorized-write/SKILL.md
[2026-08-11 08:12:46] 违规已记录: 第1389次 - 检测到未授权文件修改: /workspace/.opencode/skills/no-unauthorized-write/SKILL.md
[2026-08-11 08:12:46] 检测到未授权写入: /workspace/.opencode/skills/no-unauthorized-write/SKILL.md
[2026-08-11 08:12:46] 违规已记录: 第1390次 - 检测到未授权文件修改: /workspace/.opencode/skills/no-unauthorized-write/SKILL.md
[2026-08-11 08:12:46] 检测到未授权写入: /workspace/.opencode/skills/no-unauthorized-write/SKILL.md
[2026-08-11 08:12:46] 违规已记录: 第1391次 - 检测到未授权文件修改: /workspace/.opencode/skills/no-unauthorized-write/SKILL.md
[2026-08-11 08:12:47] 检测到未授权写入: /workspace/.opencode/skills/no-unauthorized-write/SKILL.md
[2026-08-11 08:12:47] 违规已记录: 第1392次 - 检测到未授权文件修改: /workspace/.opencode/skills/no-unauthorized-write/SKILL.md
[2026-08-11 08:12:47] 检测到未授权写入: /workspace/.opencode/skills/no-unauthorized-write/SKILL.md
[2026-08-11 08:12:47] 违规已记录: 第1393次 - 检测到未授权文件修改: /workspace/.opencode/skills/no-unauthorized-write/SKILL.md
[2026-08-11 08:12:47] 检测到未授权写入: /workspace/.opencode/skills/no-unauthorized-write/SKILL.md
[2026-08-11 08:12:47] 违规已记录: 第1394次 - 检测到未授权文件修改: /workspace/.opencode/skills/no-unauthorized-write/SKILL.md
[2026-08-11 08:12:47] 检测到未授权写入: /workspace/.opencode/skills/no-unauthorized-write/SKILL.md
[2026-08-11 08:12:47] 违规已记录: 第1395次 - 检测到未授权文件修改: /workspace/.opencode/skills/no-unauthorized-write/SKILL.md
[2026-08-11 08:12:47] 检测到未授权写入: /workspace/.opencode/skills/no-unauthorized-write/SKILL.md
[2026-08-11 08:12:47] 违规已记录: 第1396次 - 检测到未授权文件修改: /workspace/.opencode/skills/no-unauthorized-write/SKILL.md
[2026-08-11 08:12:47] 检测到未授权写入: /workspace/.opencode/skills/no-unauthorized-write/SKILL.md
[2026-08-11 08:12:47] 违规已记录: 第1397次 - 检测到未授权文件修改: /workspace/.opencode/skills/no-unauthorized-write/SKILL.md
[2026-08-11 08:12:47] 检测到未授权写入: /workspace/.opencode/skills/no-unauthorized-write/SKILL.md
[2026-08-11 08:12:47] 违规已记录: 第1398次 - 检测到未授权文件修改: /workspace/.opencode/skills/no-unauthorized-write/SKILL.md
[2026-08-11 08:12:47] 检测到未授权写入: /workspace/.opencode/skills/no-unauthorized-write/SKILL.md
[2026-08-11 08:12:47] 违规已记录: 第1399次 - 检测到未授权文件修改: /workspace/.opencode/skills/no-unauthorized-write/SKILL.md
[2026-08-11 08:12:47] 检测到未授权写入: /workspace/.opencode/skills/no-unauthorized-write/SKILL.md
[2026-08-11 08:12:47] 违规已记录: 第1400次 - 检测到未授权文件修改: /workspace/.opencode/skills/no-unauthorized-write/SKILL.md
[2026-08-11 08:12:47] 检测到未授权写入: /workspace/.opencode/skills/no-unauthorized-write/SKILL.md
[2026-08-11 08:12:47] 违规已记录: 第1401次 - 检测到未授权文件修改: /workspace/.opencode/skills/no-unauthorized-write/SKILL.md
[2026-08-11 08:12:48] 检测到未授权写入: /workspace/.opencode/skills/no-unauthorized-write/SKILL.md
[2026-08-11 08:12:48] 违规已记录: 第1402次 - 检测到未授权文件修改: /workspace/.opencode/skills/no-unauthorized-write/SKILL.md
[2026-08-11 08:12:48] 检测到未授权写入: /workspace/.opencode/skills/no-unauthorized-write/SKILL.md
[2026-08-11 08:12:48] 违规已记录: 第1403次 - 检测到未授权文件修改: /workspace/.opencode/skills/no-unauthorized-write/SKILL.md
[2026-08-11 08:12:48] 检测到未授权写入: /workspace/.opencode/skills/no-unauthorized-write/SKILL.md
[2026-08-11 08:12:48] 违规已记录: 第1404次 - 检测到未授权文件修改: /workspace/.opencode/skills/no-unauthorized-write/SKILL.md
[2026-08-11 08:12:48] 检测到未授权写入: /workspace/.opencode/skills/no-unauthorized-write/SKILL.md
[2026-08-11 08:12:48] 违规已记录: 第1405次 - 检测到未授权文件修改: /workspace/.opencode/skills/no-unauthorized-write/SKILL.md
[2026-08-11 08:12:48] 检测到未授权写入: /workspace/.opencode/skills/no-unauthorized-write/SKILL.md
[2026-08-11 08:12:48] 违规已记录: 第1406次 - 检测到未授权文件修改: /workspace/.opencode/skills/no-unauthorized-write/SKILL.md
[2026-08-11 08:12:48] 检测到未授权写入: /workspace/.opencode/skills/no-unauthorized-write/SKILL.md
[2026-08-11 08:12:48] 违规已记录: 第1407次 - 检测到未授权文件修改: /workspace/.opencode/skills/no-unauthorized-write/SKILL.md
[2026-08-11 08:12:48] 检测到未授权写入: /workspace/.opencode/skills/no-unauthorized-write/SKILL.md
[2026-08-11 08:12:48] 违规已记录: 第1408次 - 检测到未授权文件修改: /workspace/.opencode/skills/no-unauthorized-write/SKILL.md
[2026-08-11 08:12:48] 检测到未授权写入: /workspace/.opencode/skills/no-unauthorized-write/SKILL.md
[2026-08-11 08:12:48] 违规已记录: 第1409次 - 检测到未授权文件修改: /workspace/.opencode/skills/no-unauthorized-write/SKILL.md
[2026-08-11 08:12:48] 检测到未授权写入: /workspace/.opencode/skills/no-unauthorized-write/SKILL.md
[2026-08-11 08:12:48] 违规已记录: 第1410次 - 检测到未授权文件修改: /workspace/.opencode/skills/no-unauthorized-write/SKILL.md
[2026-08-11 08:12:49] 检测到未授权写入: /workspace/.opencode/skills/no-unauthorized-write/SKILL.md
[2026-08-11 08:12:49] 违规已记录: 第1411次 - 检测到未授权文件修改: /workspace/.opencode/skills/no-unauthorized-write/SKILL.md
[2026-08-11 08:12:49] 检测到未授权写入: /workspace/.opencode/skills/no-unauthorized-write/SKILL.md
[2026-08-11 08:12:49] 违规已记录: 第1412次 - 检测到未授权文件修改: /workspace/.opencode/skills/no-unauthorized-write/SKILL.md
[2026-08-11 08:12:49] 检测到未授权写入: /workspace/.opencode/skills/no-unauthorized-write/SKILL.md
[2026-08-11 08:12:49] 违规已记录: 第1413次 - 检测到未授权文件修改: /workspace/.opencode/skills/no-unauthorized-write/SKILL.md
[2026-08-11 08:12:49] 检测到未授权写入: /workspace/.opencode/skills/no-unauthorized-write/SKILL.md
[2026-08-11 08:12:49] 违规已记录: 第1414次 - 检测到未授权文件修改: /workspace/.opencode/skills/no-unauthorized-write/SKILL.md
[2026-08-11 08:12:49] 检测到未授权写入: /workspace/.opencode/skills/no-unauthorized-write/SKILL.md
[2026-08-11 08:12:49] 违规已记录: 第1415次 - 检测到未授权文件修改: /workspace/.opencode/skills/no-unauthorized-write/SKILL.md
[2026-08-11 08:12:49] 检测到未授权写入: /workspace/.opencode/skills/no-unauthorized-write/SKILL.md
[2026-08-11 08:12:49] 违规已记录: 第1416次 - 检测到未授权文件修改: /workspace/.opencode/skills/no-unauthorized-write/SKILL.md
[2026-08-11 08:12:49] 检测到未授权写入: /workspace/.opencode/skills/no-unauthorized-write/SKILL.md
[2026-08-11 08:12:49] 违规已记录: 第1417次 - 检测到未授权文件修改: /workspace/.opencode/skills/no-unauthorized-write/SKILL.md
[2026-08-11 08:12:49] 检测到未授权写入: /workspace/.opencode/skills/no-unauthorized-write/SKILL.md
[2026-08-11 08:12:49] 违规已记录: 第1418次 - 检测到未授权文件修改: /workspace/.opencode/skills/no-unauthorized-write/SKILL.md
[2026-08-11 08:12:49] 检测到未授权写入: /workspace/.opencode/skills/no-unauthorized-write/SKILL.md
[2026-08-11 08:12:49] 违规已记录: 第1419次 - 检测到未授权文件修改: /workspace/.opencode/skills/no-unauthorized-write/SKILL.md
[2026-08-11 08:12:49] 检测到未授权写入: /workspace/.opencode/skills/no-unauthorized-write/SKILL.md
[2026-08-11 08:12:49] 违规已记录: 第1420次 - 检测到未授权文件修改: /workspace/.opencode/skills/no-unauthorized-write/SKILL.md
[2026-08-11 08:12:50] 检测到未授权写入: /workspace/.opencode/skills/no-unauthorized-write/SKILL.md
[2026-08-11 08:12:50] 违规已记录: 第1421次 - 检测到未授权文件修改: /workspace/.opencode/skills/no-unauthorized-write/SKILL.md
[2026-08-11 08:12:50] 检测到未授权写入: /workspace/.opencode/skills/no-unauthorized-write/SKILL.md
[2026-08-11 08:12:50] 违规已记录: 第1422次 - 检测到未授权文件修改: /workspace/.opencode/skills/no-unauthorized-write/SKILL.md
[2026-08-11 08:12:50] 检测到未授权写入: /workspace/.opencode/skills/no-unauthorized-write/SKILL.md
[2026-08-11 08:12:50] 违规已记录: 第1423次 - 检测到未授权文件修改: /workspace/.opencode/skills/no-unauthorized-write/SKILL.md
[2026-08-11 08:12:50] 检测到未授权写入: /workspace/.opencode/skills/no-unauthorized-write/SKILL.md
[2026-08-11 08:12:50] 违规已记录: 第1424次 - 检测到未授权文件修改: /workspace/.opencode/skills/no-unauthorized-write/SKILL.md
[2026-08-11 08:12:50] 检测到未授权写入: /workspace/.opencode/skills/no-unauthorized-write/SKILL.md
[2026-08-11 08:12:50] 违规已记录: 第1425次 - 检测到未授权文件修改: /workspace/.opencode/skills/no-unauthorized-write/SKILL.md
[2026-08-11 08:12:50] 检测到未授权写入: /workspace/.opencode/skills/no-unauthorized-write/SKILL.md
[2026-08-11 08:12:50] 违规已记录: 第1426次 - 检测到未授权文件修改: /workspace/.opencode/skills/no-unauthorized-write/SKILL.md
[2026-08-11 08:12:50] 检测到未授权写入: /workspace/.opencode/skills/no-unauthorized-write/SKILL.md
[2026-08-11 08:12:50] 违规已记录: 第1427次 - 检测到未授权文件修改: /workspace/.opencode/skills/no-unauthorized-write/SKILL.md
[2026-08-11 08:12:50] 检测到未授权写入: /workspace/.opencode/skills/no-unauthorized-write/SKILL.md
[2026-08-11 08:12:50] 违规已记录: 第1428次 - 检测到未授权文件修改: /workspace/.opencode/skills/no-unauthorized-write/SKILL.md
[2026-08-11 08:12:50] 检测到未授权写入: /workspace/.opencode/skills/no-unauthorized-write/SKILL.md
[2026-08-11 08:12:50] 违规已记录: 第1429次 - 检测到未授权文件修改: /workspace/.opencode/skills/no-unauthorized-write/SKILL.md
[2026-08-11 08:12:50] 检测到未授权写入: /workspace/.opencode/skills/no-unauthorized-write/SKILL.md
[2026-08-11 08:12:51] 违规已记录: 第1430次 - 检测到未授权文件修改: /workspace/.opencode/skills/no-unauthorized-write/SKILL.md
[2026-08-11 08:12:51] 检测到未授权写入: /workspace/.opencode/skills/no-unauthorized-write/SKILL.md
[2026-08-11 08:12:51] 违规已记录: 第1431次 - 检测到未授权文件修改: /workspace/.opencode/skills/no-unauthorized-write/SKILL.md
[2026-08-11 08:12:51] 检测到未授权写入: /workspace/.opencode/skills/no-unauthorized-write/SKILL.md
[2026-08-11 08:12:51] 违规已记录: 第1432次 - 检测到未授权文件修改: /workspace/.opencode/skills/no-unauthorized-write/SKILL.md
[2026-08-11 08:12:51] 检测到未授权写入: /workspace/.opencode/skills/no-unauthorized-write/SKILL.md
[2026-08-11 08:12:51] 违规已记录: 第1433次 - 检测到未授权文件修改: /workspace/.opencode/skills/no-unauthorized-write/SKILL.md
[2026-08-11 08:12:51] 检测到未授权写入: /workspace/.opencode/skills/no-unauthorized-write/SKILL.md
[2026-08-11 08:12:51] 违规已记录: 第1434次 - 检测到未授权文件修改: /workspace/.opencode/skills/no-unauthorized-write/SKILL.md
[2026-08-11 08:12:51] 检测到未授权写入: /workspace/.opencode/skills/no-unauthorized-write/SKILL.md
[2026-08-11 08:12:51] 违规已记录: 第1435次 - 检测到未授权文件修改: /workspace/.opencode/skills/no-unauthorized-write/SKILL.md
[2026-08-11 08:12:51] 检测到未授权写入: /workspace/.opencode/skills/no-unauthorized-write/SKILL.md
[2026-08-11 08:12:51] 违规已记录: 第1436次 - 检测到未授权文件修改: /workspace/.opencode/skills/no-unauthorized-write/SKILL.md
[2026-08-11 08:12:51] 检测到未授权写入: /workspace/.opencode/skills/no-unauthorized-write/SKILL.md
[2026-08-11 08:12:51] 违规已记录: 第1437次 - 检测到未授权文件修改: /workspace/.opencode/skills/no-unauthorized-write/SKILL.md
[2026-08-11 08:12:51] 检测到未授权写入: /workspace/.opencode/skills/no-unauthorized-write/SKILL.md
[2026-08-11 08:12:51] 违规已记录: 第1438次 - 检测到未授权文件修改: /workspace/.opencode/skills/no-unauthorized-write/SKILL.md
[2026-08-11 08:12:51] 检测到未授权写入: /workspace/.opencode/skills/no-unauthorized-write/SKILL.md
[2026-08-11 08:12:51] 违规已记录: 第1439次 - 检测到未授权文件修改: /workspace/.opencode/skills/no-unauthorized-write/SKILL.md
[2026-08-11 08:12:52] 检测到未授权写入: /workspace/.opencode/skills/no-unauthorized-write/SKILL.md
[2026-08-11 08:12:52] 违规已记录: 第1440次 - 检测到未授权文件修改: /workspace/.opencode/skills/no-unauthorized-write/SKILL.md
[2026-08-11 08:12:52] 检测到未授权写入: /workspace/.opencode/skills/no-unauthorized-write/SKILL.md
[2026-08-11 08:12:52] 违规已记录: 第1441次 - 检测到未授权文件修改: /workspace/.opencode/skills/no-unauthorized-write/SKILL.md
[2026-08-11 08:12:52] 检测到未授权写入: /workspace/.opencode/skills/no-unauthorized-write/SKILL.md
[2026-08-11 08:12:52] 违规已记录: 第1442次 - 检测到未授权文件修改: /workspace/.opencode/skills/no-unauthorized-write/SKILL.md
[2026-08-11 08:12:52] 检测到未授权写入: /workspace/.opencode/skills/no-unauthorized-write/SKILL.md
[2026-08-11 08:12:52] 违规已记录: 第1443次 - 检测到未授权文件修改: /workspace/.opencode/skills/no-unauthorized-write/SKILL.md
[2026-08-11 08:12:52] 检测到未授权写入: /workspace/.opencode/skills/no-unauthorized-write/SKILL.md
[2026-08-11 08:12:52] 违规已记录: 第1444次 - 检测到未授权文件修改: /workspace/.opencode/skills/no-unauthorized-write/SKILL.md
[2026-08-11 08:12:52] 检测到未授权写入: /workspace/.opencode/skills/no-unauthorized-write/SKILL.md
[2026-08-11 08:12:52] 违规已记录: 第1445次 - 检测到未授权文件修改: /workspace/.opencode/skills/no-unauthorized-write/SKILL.md
[2026-08-11 08:12:52] 检测到未授权写入: /workspace/.opencode/skills/no-unauthorized-write/SKILL.md
[2026-08-11 08:12:52] 违规已记录: 第1446次 - 检测到未授权文件修改: /workspace/.opencode/skills/no-unauthorized-write/SKILL.md
[2026-08-11 08:12:52] 检测到未授权写入: /workspace/.opencode/skills/no-unauthorized-write/SKILL.md
[2026-08-11 08:12:52] 违规已记录: 第1447次 - 检测到未授权文件修改: /workspace/.opencode/skills/no-unauthorized-write/SKILL.md
[2026-08-11 08:12:52] 检测到未授权写入: /workspace/.opencode/skills/no-unauthorized-write/SKILL.md
[2026-08-11 08:12:52] 违规已记录: 第1448次 - 检测到未授权文件修改: /workspace/.opencode/skills/no-unauthorized-write/SKILL.md
[2026-08-11 08:12:52] 检测到未授权写入: /workspace/.opencode/skills/no-unauthorized-write/SKILL.md
[2026-08-11 08:12:52] 违规已记录: 第1449次 - 检测到未授权文件修改: /workspace/.opencode/skills/no-unauthorized-write/SKILL.md
[2026-08-11 08:12:53] 检测到未授权写入: /workspace/.opencode/skills/no-unauthorized-write/SKILL.md
[2026-08-11 08:12:53] 违规已记录: 第1450次 - 检测到未授权文件修改: /workspace/.opencode/skills/no-unauthorized-write/SKILL.md
[2026-08-11 08:12:53] 检测到未授权写入: /workspace/.opencode/skills/no-unauthorized-write/SKILL.md
[2026-08-11 08:12:53] 违规已记录: 第1451次 - 检测到未授权文件修改: /workspace/.opencode/skills/no-unauthorized-write/SKILL.md
[2026-08-11 08:12:53] 检测到未授权写入: /workspace/.opencode/skills/no-unauthorized-write/SKILL.md
[2026-08-11 08:12:53] 违规已记录: 第1452次 - 检测到未授权文件修改: /workspace/.opencode/skills/no-unauthorized-write/SKILL.md
[2026-08-11 08:12:53] 检测到未授权写入: /workspace/.opencode/skills/no-unauthorized-write/SKILL.md
[2026-08-11 08:12:53] 违规已记录: 第1453次 - 检测到未授权文件修改: /workspace/.opencode/skills/no-unauthorized-write/SKILL.md
[2026-08-11 08:12:53] 检测到未授权写入: /workspace/.opencode/skills/no-unauthorized-write/SKILL.md
[2026-08-11 08:12:53] 违规已记录: 第102次 - 检测到未授权文件修改: /workspace/.opencode/skills/no-unauthorized-write/SKILL.md
[2026-08-11 08:12:53] 检测到未授权写入: /workspace/.opencode/skills/no-unauthorized-write/SKILL.md
[2026-08-11 08:12:53] 违规已记录: 第103次 - 检测到未授权文件修改: /workspace/.opencode/skills/no-unauthorized-write/SKILL.md
[2026-08-11 08:12:53] 检测到未授权写入: /workspace/.opencode/skills/no-unauthorized-write/SKILL.md
[2026-08-11 08:12:53] 违规已记录: 第104次 - 检测到未授权文件修改: /workspace/.opencode/skills/no-unauthorized-write/SKILL.md
[2026-08-11 08:12:53] 检测到未授权写入: /workspace/.opencode/skills/no-unauthorized-write/SKILL.md
[2026-08-11 08:12:53] 违规已记录: 第105次 - 检测到未授权文件修改: /workspace/.opencode/skills/no-unauthorized-write/SKILL.md
[2026-08-11 08:12:53] 检测到未授权写入: /workspace/.opencode/skills/no-unauthorized-write/SKILL.md
[2026-08-11 08:12:53] 违规已记录: 第106次 - 检测到未授权文件修改: /workspace/.opencode/skills/no-unauthorized-write/SKILL.md
[2026-08-11 08:12:54] 检测到未授权写入: /workspace/.opencode/skills/no-unauthorized-write/SKILL.md
[2026-08-11 08:12:54] 违规已记录: 第107次 - 检测到未授权文件修改: /workspace/.opencode/skills/no-unauthorized-write/SKILL.md
[2026-08-11 08:12:54] 检测到未授权写入: /workspace/.opencode/skills/no-unauthorized-write/SKILL.md
[2026-08-11 08:12:54] 违规已记录: 第108次 - 检测到未授权文件修改: /workspace/.opencode/skills/no-unauthorized-write/SKILL.md
[2026-08-11 08:12:54] 检测到未授权写入: /workspace/.opencode/skills/no-unauthorized-write/SKILL.md
[2026-08-11 08:12:54] 违规已记录: 第109次 - 检测到未授权文件修改: /workspace/.opencode/skills/no-unauthorized-write/SKILL.md
[2026-08-11 08:12:54] 检测到未授权写入: /workspace/.opencode/skills/no-unauthorized-write/SKILL.md
[2026-08-11 08:12:54] 违规已记录: 第110次 - 检测到未授权文件修改: /workspace/.opencode/skills/no-unauthorized-write/SKILL.md
[2026-08-11 08:12:54] 检测到未授权写入: /workspace/.opencode/skills/no-unauthorized-write/SKILL.md
[2026-08-11 08:12:54] 违规已记录: 第111次 - 检测到未授权文件修改: /workspace/.opencode/skills/no-unauthorized-write/SKILL.md
[2026-08-11 08:12:54] 检测到未授权写入: /workspace/.opencode/skills/no-unauthorized-write/SKILL.md
[2026-08-11 08:12:54] 违规已记录: 第112次 - 检测到未授权文件修改: /workspace/.opencode/skills/no-unauthorized-write/SKILL.md
[2026-08-11 08:12:54] 检测到未授权写入: /workspace/.opencode/skills/no-unauthorized-write/SKILL.md
[2026-08-11 08:12:54] 违规已记录: 第113次 - 检测到未授权文件修改: /workspace/.opencode/skills/no-unauthorized-write/SKILL.md
[2026-08-11 08:12:54] 检测到未授权写入: /workspace/.opencode/skills/no-unauthorized-write/SKILL.md
[2026-08-11 08:12:54] 违规已记录: 第114次 - 检测到未授权文件修改: /workspace/.opencode/skills/no-unauthorized-write/SKILL.md
[2026-08-11 08:12:54] 检测到未授权写入: /workspace/.opencode/skills/no-unauthorized-write/SKILL.md
[2026-08-11 08:12:54] 违规已记录: 第115次 - 检测到未授权文件修改: /workspace/.opencode/skills/no-unauthorized-write/SKILL.md
[2026-08-11 08:12:54] 检测到未授权写入: /workspace/.opencode/skills/no-unauthorized-write/SKILL.md
[2026-08-11 08:12:54] 违规已记录: 第116次 - 检测到未授权文件修改: /workspace/.opencode/skills/no-unauthorized-write/SKILL.md
[2026-08-11 08:12:55] 检测到未授权写入: /workspace/.opencode/skills/no-unauthorized-write/SKILL.md
[2026-08-11 08:12:55] 违规已记录: 第117次 - 检测到未授权文件修改: /workspace/.opencode/skills/no-unauthorized-write/SKILL.md
[2026-08-11 08:12:55] 检测到未授权写入: /workspace/.opencode/skills/no-unauthorized-write/SKILL.md
[2026-08-11 08:12:55] 违规已记录: 第118次 - 检测到未授权文件修改: /workspace/.opencode/skills/no-unauthorized-write/SKILL.md
[2026-08-11 08:12:55] 检测到未授权写入: /workspace/.opencode/skills/no-unauthorized-write/SKILL.md
[2026-08-11 08:12:55] 违规已记录: 第119次 - 检测到未授权文件修改: /workspace/.opencode/skills/no-unauthorized-write/SKILL.md
[2026-08-11 08:12:55] 检测到未授权写入: /workspace/.opencode/skills/no-unauthorized-write/SKILL.md
[2026-08-11 08:12:55] 违规已记录: 第120次 - 检测到未授权文件修改: /workspace/.opencode/skills/no-unauthorized-write/SKILL.md
[2026-08-11 08:12:55] 检测到未授权写入: /workspace/.opencode/skills/no-unauthorized-write/SKILL.md
[2026-08-11 08:12:55] 违规已记录: 第121次 - 检测到未授权文件修改: /workspace/.opencode/skills/no-unauthorized-write/SKILL.md
[2026-08-11 08:12:55] 检测到未授权写入: /workspace/.opencode/skills/no-unauthorized-write/SKILL.md
[2026-08-11 08:12:55] 违规已记录: 第122次 - 检测到未授权文件修改: /workspace/.opencode/skills/no-unauthorized-write/SKILL.md
[2026-08-11 08:12:55] 检测到未授权写入: /workspace/.opencode/skills/no-unauthorized-write/SKILL.md
[2026-08-11 08:12:55] 违规已记录: 第123次 - 检测到未授权文件修改: /workspace/.opencode/skills/no-unauthorized-write/SKILL.md
[2026-08-11 08:12:55] 检测到未授权写入: /workspace/.opencode/skills/no-unauthorized-write/SKILL.md
[2026-08-11 08:12:55] 违规已记录: 第124次 - 检测到未授权文件修改: /workspace/.opencode/skills/no-unauthorized-write/SKILL.md
[2026-08-11 08:12:55] 检测到未授权写入: /workspace/.opencode/skills/no-unauthorized-write/SKILL.md
[2026-08-11 08:12:55] 违规已记录: 第125次 - 检测到未授权文件修改: /workspace/.opencode/skills/no-unauthorized-write/SKILL.md
[2026-08-11 08:12:56] 检测到未授权写入: /workspace/.opencode/skills/no-unauthorized-write/SKILL.md
[2026-08-11 08:12:56] 违规已记录: 第126次 - 检测到未授权文件修改: /workspace/.opencode/skills/no-unauthorized-write/SKILL.md
[2026-08-11 08:12:56] 检测到未授权写入: /workspace/.opencode/skills/no-unauthorized-write/SKILL.md
[2026-08-11 08:12:56] 违规已记录: 第127次 - 检测到未授权文件修改: /workspace/.opencode/skills/no-unauthorized-write/SKILL.md
[2026-08-11 08:12:56] 检测到未授权写入: /workspace/.opencode/skills/no-unauthorized-write/SKILL.md
[2026-08-11 08:12:56] 违规已记录: 第128次 - 检测到未授权文件修改: /workspace/.opencode/skills/no-unauthorized-write/SKILL.md
[2026-08-11 08:12:56] 检测到未授权写入: /workspace/.opencode/skills/no-unauthorized-write/SKILL.md
[2026-08-11 08:12:56] 违规已记录: 第129次 - 检测到未授权文件修改: /workspace/.opencode/skills/no-unauthorized-write/SKILL.md
[2026-08-11 08:12:56] 检测到未授权写入: /workspace/.opencode/skills/no-unauthorized-write/SKILL.md
[2026-08-11 08:12:56] 违规已记录: 第130次 - 检测到未授权文件修改: /workspace/.opencode/skills/no-unauthorized-write/SKILL.md
[2026-08-11 08:12:56] 检测到未授权写入: /workspace/.opencode/skills/no-unauthorized-write/SKILL.md
[2026-08-11 08:12:56] 违规已记录: 第131次 - 检测到未授权文件修改: /workspace/.opencode/skills/no-unauthorized-write/SKILL.md
[2026-08-11 08:12:56] 检测到未授权写入: /workspace/.opencode/skills/no-unauthorized-write/SKILL.md
[2026-08-11 08:12:56] 违规已记录: 第132次 - 检测到未授权文件修改: /workspace/.opencode/skills/no-unauthorized-write/SKILL.md
[2026-08-11 08:12:56] 检测到未授权写入: /workspace/.opencode/skills/no-unauthorized-write/SKILL.md
[2026-08-11 08:12:56] 违规已记录: 第133次 - 检测到未授权文件修改: /workspace/.opencode/skills/no-unauthorized-write/SKILL.md
[2026-08-11 08:12:56] 检测到未授权写入: /workspace/.opencode/skills/no-unauthorized-write/SKILL.md
[2026-08-11 08:12:56] 违规已记录: 第134次 - 检测到未授权文件修改: /workspace/.opencode/skills/no-unauthorized-write/SKILL.md
[2026-08-11 08:12:56] 检测到未授权写入: /workspace/.opencode/skills/no-unauthorized-write/SKILL.md
[2026-08-11 08:12:56] 违规已记录: 第135次 - 检测到未授权文件修改: /workspace/.opencode/skills/no-unauthorized-write/SKILL.md
[2026-08-11 08:12:57] 检测到未授权写入: /workspace/.opencode/skills/no-unauthorized-write/SKILL.md
[2026-08-11 08:12:57] 违规已记录: 第136次 - 检测到未授权文件修改: /workspace/.opencode/skills/no-unauthorized-write/SKILL.md
[2026-08-11 08:12:57] 检测到未授权写入: /workspace/.opencode/skills/no-unauthorized-write/SKILL.md
[2026-08-11 08:12:57] 违规已记录: 第137次 - 检测到未授权文件修改: /workspace/.opencode/skills/no-unauthorized-write/SKILL.md
[2026-08-11 08:12:57] 检测到未授权写入: /workspace/.opencode/skills/no-unauthorized-write/SKILL.md
[2026-08-11 08:12:57] 违规已记录: 第138次 - 检测到未授权文件修改: /workspace/.opencode/skills/no-unauthorized-write/SKILL.md
[2026-08-11 08:12:57] 检测到未授权写入: /workspace/.opencode/skills/no-unauthorized-write/SKILL.md
[2026-08-11 08:12:57] 违规已记录: 第139次 - 检测到未授权文件修改: /workspace/.opencode/skills/no-unauthorized-write/SKILL.md
[2026-08-11 08:12:57] 检测到未授权写入: /workspace/.opencode/skills/no-unauthorized-write/SKILL.md
[2026-08-11 08:12:57] 违规已记录: 第140次 - 检测到未授权文件修改: /workspace/.opencode/skills/no-unauthorized-write/SKILL.md
[2026-08-11 08:12:57] 检测到未授权写入: /workspace/.opencode/skills/no-unauthorized-write/SKILL.md
[2026-08-11 08:12:57] 违规已记录: 第141次 - 检测到未授权文件修改: /workspace/.opencode/skills/no-unauthorized-write/SKILL.md
[2026-08-11 08:12:57] 检测到未授权写入: /workspace/.opencode/skills/no-unauthorized-write/SKILL.md
[2026-08-11 08:12:57] 违规已记录: 第142次 - 检测到未授权文件修改: /workspace/.opencode/skills/no-unauthorized-write/SKILL.md
[2026-08-11 08:12:57] 检测到未授权写入: /workspace/.opencode/skills/no-unauthorized-write/SKILL.md
[2026-08-11 08:12:57] 违规已记录: 第143次 - 检测到未授权文件修改: /workspace/.opencode/skills/no-unauthorized-write/SKILL.md
[2026-08-11 08:12:57] 检测到未授权写入: /workspace/.opencode/skills/no-unauthorized-write/SKILL.md
[2026-08-11 08:12:57] 违规已记录: 第144次 - 检测到未授权文件修改: /workspace/.opencode/skills/no-unauthorized-write/SKILL.md
[2026-08-11 08:12:58] 检测到未授权写入: /workspace/.opencode/skills/no-unauthorized-write/SKILL.md
[2026-08-11 08:12:58] 违规已记录: 第145次 - 检测到未授权文件修改: /workspace/.opencode/skills/no-unauthorized-write/SKILL.md
[2026-08-11 08:12:58] 检测到未授权写入: /workspace/.opencode/skills/no-unauthorized-write/SKILL.md
[2026-08-11 08:12:58] 违规已记录: 第146次 - 检测到未授权文件修改: /workspace/.opencode/skills/no-unauthorized-write/SKILL.md
[2026-08-11 08:12:58] 检测到未授权写入: /workspace/.opencode/skills/no-unauthorized-write/SKILL.md
[2026-08-11 08:12:58] 违规已记录: 第147次 - 检测到未授权文件修改: /workspace/.opencode/skills/no-unauthorized-write/SKILL.md
[2026-08-11 08:12:58] 检测到未授权写入: /workspace/.opencode/skills/no-unauthorized-write/SKILL.md
[2026-08-11 08:12:58] 违规已记录: 第148次 - 检测到未授权文件修改: /workspace/.opencode/skills/no-unauthorized-write/SKILL.md
[2026-08-11 08:12:58] 检测到未授权写入: /workspace/.opencode/skills/no-unauthorized-write/SKILL.md
[2026-08-11 08:12:58] 违规已记录: 第149次 - 检测到未授权文件修改: /workspace/.opencode/skills/no-unauthorized-write/SKILL.md
[2026-08-11 08:12:58] 检测到未授权写入: /workspace/.opencode/skills/no-unauthorized-write/SKILL.md
[2026-08-11 08:12:58] 违规已记录: 第150次 - 检测到未授权文件修改: /workspace/.opencode/skills/no-unauthorized-write/SKILL.md
[2026-08-11 08:12:58] 检测到未授权写入: /workspace/.opencode/skills/no-unauthorized-write/SKILL.md
[2026-08-11 08:12:58] 违规已记录: 第151次 - 检测到未授权文件修改: /workspace/.opencode/skills/no-unauthorized-write/SKILL.md
[2026-08-11 08:12:58] 检测到未授权写入: /workspace/.opencode/skills/no-unauthorized-write/SKILL.md
[2026-08-11 08:12:58] 违规已记录: 第152次 - 检测到未授权文件修改: /workspace/.opencode/skills/no-unauthorized-write/SKILL.md
[2026-08-11 08:12:58] 检测到未授权写入: /workspace/.opencode/skills/no-unauthorized-write/SKILL.md
[2026-08-11 08:12:58] 违规已记录: 第153次 - 检测到未授权文件修改: /workspace/.opencode/skills/no-unauthorized-write/SKILL.md
[2026-08-11 08:12:58] 检测到未授权写入: /workspace/.opencode/skills/no-unauthorized-write/SKILL.md
[2026-08-11 08:12:58] 违规已记录: 第154次 - 检测到未授权文件修改: /workspace/.opencode/skills/no-unauthorized-write/SKILL.md
[2026-08-11 08:12:59] 检测到未授权写入: /workspace/.opencode/skills/no-unauthorized-write/SKILL.md
[2026-08-11 08:12:59] 违规已记录: 第155次 - 检测到未授权文件修改: /workspace/.opencode/skills/no-unauthorized-write/SKILL.md
[2026-08-11 08:12:59] 检测到未授权写入: /workspace/.opencode/skills/no-unauthorized-write/SKILL.md
[2026-08-11 08:12:59] 违规已记录: 第156次 - 检测到未授权文件修改: /workspace/.opencode/skills/no-unauthorized-write/SKILL.md
[2026-08-11 08:12:59] 检测到未授权写入: /workspace/.opencode/skills/no-unauthorized-write/SKILL.md
[2026-08-11 08:12:59] 违规已记录: 第157次 - 检测到未授权文件修改: /workspace/.opencode/skills/no-unauthorized-write/SKILL.md
[2026-08-11 08:12:59] 检测到未授权写入: /workspace/.opencode/skills/no-unauthorized-write/SKILL.md
[2026-08-11 08:12:59] 违规已记录: 第158次 - 检测到未授权文件修改: /workspace/.opencode/skills/no-unauthorized-write/SKILL.md
[2026-08-11 08:12:59] 检测到未授权写入: /workspace/.opencode/skills/no-unauthorized-write/SKILL.md
[2026-08-11 08:12:59] 违规已记录: 第159次 - 检测到未授权文件修改: /workspace/.opencode/skills/no-unauthorized-write/SKILL.md
[2026-08-11 08:12:59] 检测到未授权写入: /workspace/.opencode/skills/no-unauthorized-write/SKILL.md
[2026-08-11 08:12:59] 违规已记录: 第160次 - 检测到未授权文件修改: /workspace/.opencode/skills/no-unauthorized-write/SKILL.md
[2026-08-11 08:12:59] 检测到未授权写入: /workspace/.opencode/skills/no-unauthorized-write/SKILL.md
[2026-08-11 08:12:59] 违规已记录: 第161次 - 检测到未授权文件修改: /workspace/.opencode/skills/no-unauthorized-write/SKILL.md
[2026-08-11 08:12:59] 检测到未授权写入: /workspace/.opencode/skills/no-unauthorized-write/SKILL.md
[2026-08-11 08:12:59] 违规已记录: 第162次 - 检测到未授权文件修改: /workspace/.opencode/skills/no-unauthorized-write/SKILL.md
[2026-08-11 08:12:59] 检测到未授权写入: /workspace/.opencode/skills/no-unauthorized-write/SKILL.md
[2026-08-11 08:12:59] 违规已记录: 第163次 - 检测到未授权文件修改: /workspace/.opencode/skills/no-unauthorized-write/SKILL.md
[2026-08-11 08:13:00] 检测到未授权写入: /workspace/.opencode/skills/no-unauthorized-write/SKILL.md
[2026-08-11 08:13:00] 违规已记录: 第164次 - 检测到未授权文件修改: /workspace/.opencode/skills/no-unauthorized-write/SKILL.md
[2026-08-11 08:13:00] 检测到未授权写入: /workspace/.opencode/skills/no-unauthorized-write/SKILL.md
[2026-08-11 08:13:00] 违规已记录: 第165次 - 检测到未授权文件修改: /workspace/.opencode/skills/no-unauthorized-write/SKILL.md
[2026-08-11 08:13:00] 检测到未授权写入: /workspace/.opencode/skills/no-unauthorized-write/SKILL.md
[2026-08-11 08:13:00] 违规已记录: 第166次 - 检测到未授权文件修改: /workspace/.opencode/skills/no-unauthorized-write/SKILL.md
[2026-08-11 08:13:00] 检测到未授权写入: /workspace/.opencode/skills/no-unauthorized-write/SKILL.md
[2026-08-11 08:13:00] 违规已记录: 第167次 - 检测到未授权文件修改: /workspace/.opencode/skills/no-unauthorized-write/SKILL.md
[2026-08-11 08:13:00] 检测到未授权写入: /workspace/.opencode/skills/no-unauthorized-write/SKILL.md
[2026-08-11 08:13:00] 违规已记录: 第168次 - 检测到未授权文件修改: /workspace/.opencode/skills/no-unauthorized-write/SKILL.md
[2026-08-11 08:13:00] 检测到未授权写入: /workspace/.opencode/skills/no-unauthorized-write/SKILL.md
[2026-08-11 08:13:00] 违规已记录: 第169次 - 检测到未授权文件修改: /workspace/.opencode/skills/no-unauthorized-write/SKILL.md
[2026-08-11 08:13:00] 检测到未授权写入: /workspace/.opencode/skills/no-unauthorized-write/SKILL.md
[2026-08-11 08:13:00] 违规已记录: 第170次 - 检测到未授权文件修改: /workspace/.opencode/skills/no-unauthorized-write/SKILL.md
[2026-08-11 08:13:00] 检测到未授权写入: /workspace/.opencode/skills/no-unauthorized-write/SKILL.md
[2026-08-11 08:13:00] 违规已记录: 第171次 - 检测到未授权文件修改: /workspace/.opencode/skills/no-unauthorized-write/SKILL.md
[2026-08-11 08:13:00] 检测到未授权写入: /workspace/.opencode/skills/no-unauthorized-write/SKILL.md
[2026-08-11 08:13:00] 违规已记录: 第172次 - 检测到未授权文件修改: /workspace/.opencode/skills/no-unauthorized-write/SKILL.md
[2026-08-11 08:13:00] 检测到未授权写入: /workspace/.opencode/skills/no-unauthorized-write/SKILL.md
[2026-08-11 08:13:00] 违规已记录: 第173次 - 检测到未授权文件修改: /workspace/.opencode/skills/no-unauthorized-write/SKILL.md
[2026-08-11 08:13:01] 检测到未授权写入: /workspace/.opencode/skills/no-unauthorized-write/SKILL.md
[2026-08-11 08:13:01] 违规已记录: 第174次 - 检测到未授权文件修改: /workspace/.opencode/skills/no-unauthorized-write/SKILL.md
[2026-08-11 08:13:01] 检测到未授权写入: /workspace/.opencode/skills/no-unauthorized-write/SKILL.md
[2026-08-11 08:13:01] 违规已记录: 第175次 - 检测到未授权文件修改: /workspace/.opencode/skills/no-unauthorized-write/SKILL.md
[2026-08-11 08:13:01] 检测到未授权写入: /workspace/.opencode/skills/no-unauthorized-write/SKILL.md
[2026-08-11 08:13:01] 违规已记录: 第176次 - 检测到未授权文件修改: /workspace/.opencode/skills/no-unauthorized-write/SKILL.md
[2026-08-11 08:13:01] 检测到未授权写入: /workspace/.opencode/skills/no-unauthorized-write/SKILL.md
[2026-08-11 08:13:01] 违规已记录: 第177次 - 检测到未授权文件修改: /workspace/.opencode/skills/no-unauthorized-write/SKILL.md
[2026-08-11 08:13:01] 检测到未授权写入: /workspace/.opencode/skills/no-unauthorized-write/SKILL.md
[2026-08-11 08:13:01] 违规已记录: 第178次 - 检测到未授权文件修改: /workspace/.opencode/skills/no-unauthorized-write/SKILL.md
[2026-08-11 08:13:01] 检测到未授权写入: /workspace/.opencode/skills/no-unauthorized-write/SKILL.md
[2026-08-11 08:13:01] 违规已记录: 第179次 - 检测到未授权文件修改: /workspace/.opencode/skills/no-unauthorized-write/SKILL.md
[2026-08-11 08:13:01] 检测到未授权写入: /workspace/.opencode/skills/no-unauthorized-write/SKILL.md
[2026-08-11 08:13:01] 违规已记录: 第180次 - 检测到未授权文件修改: /workspace/.opencode/skills/no-unauthorized-write/SKILL.md
[2026-08-11 08:13:01] 检测到未授权写入: /workspace/.opencode/skills/no-unauthorized-write/SKILL.md
[2026-08-11 08:13:01] 违规已记录: 第181次 - 检测到未授权文件修改: /workspace/.opencode/skills/no-unauthorized-write/SKILL.md
[2026-08-11 08:13:01] 检测到未授权写入: /workspace/.opencode/skills/no-unauthorized-write/SKILL.md
[2026-08-11 08:13:01] 违规已记录: 第182次 - 检测到未授权文件修改: /workspace/.opencode/skills/no-unauthorized-write/SKILL.md
[2026-08-11 08:13:02] 检测到未授权写入: /workspace/.opencode/skills/no-unauthorized-write/SKILL.md
[2026-08-11 08:13:02] 违规已记录: 第183次 - 检测到未授权文件修改: /workspace/.opencode/skills/no-unauthorized-write/SKILL.md
[2026-08-11 08:13:02] 检测到未授权写入: /workspace/.opencode/skills/no-unauthorized-write/SKILL.md
[2026-08-11 08:13:02] 违规已记录: 第184次 - 检测到未授权文件修改: /workspace/.opencode/skills/no-unauthorized-write/SKILL.md
[2026-08-11 08:13:02] 检测到未授权写入: /workspace/.opencode/skills/no-unauthorized-write/SKILL.md
[2026-08-11 08:13:02] 违规已记录: 第185次 - 检测到未授权文件修改: /workspace/.opencode/skills/no-unauthorized-write/SKILL.md
[2026-08-11 08:13:02] 检测到未授权写入: /workspace/.opencode/skills/no-unauthorized-write/SKILL.md
[2026-08-11 08:13:02] 违规已记录: 第186次 - 检测到未授权文件修改: /workspace/.opencode/skills/no-unauthorized-write/SKILL.md
[2026-08-11 08:13:02] 检测到未授权写入: /workspace/.opencode/skills/no-unauthorized-write/SKILL.md
[2026-08-11 08:13:02] 违规已记录: 第187次 - 检测到未授权文件修改: /workspace/.opencode/skills/no-unauthorized-write/SKILL.md
[2026-08-11 08:13:02] 检测到未授权写入: /workspace/.opencode/skills/no-unauthorized-write/SKILL.md
[2026-08-11 08:13:02] 违规已记录: 第188次 - 检测到未授权文件修改: /workspace/.opencode/skills/no-unauthorized-write/SKILL.md
[2026-08-11 08:13:02] 检测到未授权写入: /workspace/.opencode/skills/no-unauthorized-write/SKILL.md
[2026-08-11 08:13:02] 违规已记录: 第189次 - 检测到未授权文件修改: /workspace/.opencode/skills/no-unauthorized-write/SKILL.md
[2026-08-11 08:13:02] 检测到未授权写入: /workspace/.opencode/skills/no-unauthorized-write/SKILL.md
[2026-08-11 08:13:02] 违规已记录: 第190次 - 检测到未授权文件修改: /workspace/.opencode/skills/no-unauthorized-write/SKILL.md
[2026-08-11 08:13:02] 检测到未授权写入: /workspace/.opencode/skills/no-unauthorized-write/SKILL.md
[2026-08-11 08:13:02] 违规已记录: 第191次 - 检测到未授权文件修改: /workspace/.opencode/skills/no-unauthorized-write/SKILL.md
[2026-08-11 08:13:02] 检测到未授权写入: /workspace/.opencode/skills/no-unauthorized-write/SKILL.md
[2026-08-11 08:13:02] 违规已记录: 第192次 - 检测到未授权文件修改: /workspace/.opencode/skills/no-unauthorized-write/SKILL.md
[2026-08-11 08:13:03] 检测到未授权写入: /workspace/.opencode/skills/no-unauthorized-write/SKILL.md
[2026-08-11 08:13:03] 违规已记录: 第193次 - 检测到未授权文件修改: /workspace/.opencode/skills/no-unauthorized-write/SKILL.md
[2026-08-11 08:13:03] 检测到未授权写入: /workspace/.opencode/skills/no-unauthorized-write/SKILL.md
[2026-08-11 08:13:03] 违规已记录: 第194次 - 检测到未授权文件修改: /workspace/.opencode/skills/no-unauthorized-write/SKILL.md
[2026-08-11 08:13:03] 检测到未授权写入: /workspace/.opencode/skills/no-unauthorized-write/SKILL.md
[2026-08-11 08:13:03] 违规已记录: 第195次 - 检测到未授权文件修改: /workspace/.opencode/skills/no-unauthorized-write/SKILL.md
[2026-08-11 08:13:03] 检测到未授权写入: /workspace/.opencode/skills/no-unauthorized-write/SKILL.md
[2026-08-11 08:13:03] 违规已记录: 第196次 - 检测到未授权文件修改: /workspace/.opencode/skills/no-unauthorized-write/SKILL.md
[2026-08-11 08:13:03] 检测到未授权写入: /workspace/.opencode/skills/no-unauthorized-write/SKILL.md
[2026-08-11 08:13:03] 违规已记录: 第197次 - 检测到未授权文件修改: /workspace/.opencode/skills/no-unauthorized-write/SKILL.md
[2026-08-11 08:13:03] 检测到未授权写入: /workspace/.opencode/skills/no-unauthorized-write/SKILL.md
[2026-08-11 08:13:03] 违规已记录: 第198次 - 检测到未授权文件修改: /workspace/.opencode/skills/no-unauthorized-write/SKILL.md
[2026-08-11 08:13:03] 检测到未授权写入: /workspace/.opencode/skills/no-unauthorized-write/SKILL.md
[2026-08-11 08:13:03] 违规已记录: 第199次 - 检测到未授权文件修改: /workspace/.opencode/skills/no-unauthorized-write/SKILL.md
[2026-08-11 08:13:03] 检测到未授权写入: /workspace/.opencode/skills/no-unauthorized-write/SKILL.md
[2026-08-11 08:13:03] 违规已记录: 第200次 - 检测到未授权文件修改: /workspace/.opencode/skills/no-unauthorized-write/SKILL.md
[2026-08-11 08:13:03] 检测到未授权写入: /workspace/.opencode/skills/no-unauthorized-write/SKILL.md
[2026-08-11 08:13:03] 违规已记录: 第201次 - 检测到未授权文件修改: /workspace/.opencode/skills/no-unauthorized-write/SKILL.md
[2026-08-11 08:13:04] 检测到未授权写入: /workspace/.opencode/skills/no-unauthorized-write/SKILL.md
[2026-08-11 08:13:04] 违规已记录: 第202次 - 检测到未授权文件修改: /workspace/.opencode/skills/no-unauthorized-write/SKILL.md
[2026-08-11 08:13:04] 检测到未授权写入: /workspace/.opencode/skills/no-unauthorized-write/SKILL.md
[2026-08-11 08:13:04] 违规已记录: 第203次 - 检测到未授权文件修改: /workspace/.opencode/skills/no-unauthorized-write/SKILL.md
[2026-08-11 08:13:04] 检测到未授权写入: /workspace/.opencode/skills/no-unauthorized-write/SKILL.md
[2026-08-11 08:13:04] 违规已记录: 第204次 - 检测到未授权文件修改: /workspace/.opencode/skills/no-unauthorized-write/SKILL.md
[2026-08-11 08:13:04] 检测到未授权写入: /workspace/.opencode/skills/no-unauthorized-write/SKILL.md
[2026-08-11 08:13:04] 违规已记录: 第205次 - 检测到未授权文件修改: /workspace/.opencode/skills/no-unauthorized-write/SKILL.md
[2026-08-11 08:13:04] 检测到未授权写入: /workspace/.opencode/skills/no-unauthorized-write/SKILL.md
[2026-08-11 08:13:04] 违规已记录: 第206次 - 检测到未授权文件修改: /workspace/.opencode/skills/no-unauthorized-write/SKILL.md
[2026-08-11 08:13:04] 检测到未授权写入: /workspace/.opencode/skills/no-unauthorized-write/SKILL.md
[2026-08-11 08:13:04] 违规已记录: 第207次 - 检测到未授权文件修改: /workspace/.opencode/skills/no-unauthorized-write/SKILL.md
[2026-08-11 08:13:04] 检测到未授权写入: /workspace/.opencode/skills/no-unauthorized-write/SKILL.md
[2026-08-11 08:13:04] 违规已记录: 第208次 - 检测到未授权文件修改: /workspace/.opencode/skills/no-unauthorized-write/SKILL.md
[2026-08-11 08:13:04] 检测到未授权写入: /workspace/.opencode/skills/no-unauthorized-write/SKILL.md
[2026-08-11 08:13:04] 违规已记录: 第209次 - 检测到未授权文件修改: /workspace/.opencode/skills/no-unauthorized-write/SKILL.md
[2026-08-11 08:13:04] 检测到未授权写入: /workspace/.opencode/skills/no-unauthorized-write/SKILL.md
[2026-08-11 08:13:04] 违规已记录: 第210次 - 检测到未授权文件修改: /workspace/.opencode/skills/no-unauthorized-write/SKILL.md
[2026-08-11 08:13:04] 检测到未授权写入: /workspace/.opencode/skills/no-unauthorized-write/SKILL.md
[2026-08-11 08:13:04] 违规已记录: 第211次 - 检测到未授权文件修改: /workspace/.opencode/skills/no-unauthorized-write/SKILL.md
[2026-08-11 08:13:05] 检测到未授权写入: /workspace/.opencode/skills/no-unauthorized-write/SKILL.md
[2026-08-11 08:13:05] 违规已记录: 第212次 - 检测到未授权文件修改: /workspace/.opencode/skills/no-unauthorized-write/SKILL.md
[2026-08-11 08:13:05] 检测到未授权写入: /workspace/.opencode/skills/no-unauthorized-write/SKILL.md
[2026-08-11 08:13:05] 违规已记录: 第213次 - 检测到未授权文件修改: /workspace/.opencode/skills/no-unauthorized-write/SKILL.md
[2026-08-11 08:13:05] 检测到未授权写入: /workspace/.opencode/skills/no-unauthorized-write/SKILL.md
[2026-08-11 08:13:05] 违规已记录: 第214次 - 检测到未授权文件修改: /workspace/.opencode/skills/no-unauthorized-write/SKILL.md
[2026-08-11 08:13:05] 检测到未授权写入: /workspace/.opencode/skills/no-unauthorized-write/SKILL.md
[2026-08-11 08:13:05] 违规已记录: 第215次 - 检测到未授权文件修改: /workspace/.opencode/skills/no-unauthorized-write/SKILL.md
[2026-08-11 08:13:05] 检测到未授权写入: /workspace/.opencode/skills/no-unauthorized-write/SKILL.md
[2026-08-11 08:13:05] 违规已记录: 第216次 - 检测到未授权文件修改: /workspace/.opencode/skills/no-unauthorized-write/SKILL.md
[2026-08-11 08:13:05] 检测到未授权写入: /workspace/.opencode/skills/no-unauthorized-write/SKILL.md
[2026-08-11 08:13:05] 违规已记录: 第217次 - 检测到未授权文件修改: /workspace/.opencode/skills/no-unauthorized-write/SKILL.md
[2026-08-11 08:13:05] 检测到未授权写入: /workspace/.opencode/skills/no-unauthorized-write/SKILL.md
[2026-08-11 08:13:05] 违规已记录: 第218次 - 检测到未授权文件修改: /workspace/.opencode/skills/no-unauthorized-write/SKILL.md
[2026-08-11 08:13:05] 检测到未授权写入: /workspace/.opencode/skills/no-unauthorized-write/SKILL.md
[2026-08-11 08:13:05] 违规已记录: 第219次 - 检测到未授权文件修改: /workspace/.opencode/skills/no-unauthorized-write/SKILL.md
[2026-08-11 08:13:05] 检测到未授权写入: /workspace/.opencode/skills/no-unauthorized-write/SKILL.md
[2026-08-11 08:13:05] 违规已记录: 第220次 - 检测到未授权文件修改: /workspace/.opencode/skills/no-unauthorized-write/SKILL.md
[2026-08-11 08:13:06] 检测到未授权写入: /workspace/.opencode/skills/no-unauthorized-write/SKILL.md
[2026-08-11 08:13:06] 违规已记录: 第221次 - 检测到未授权文件修改: /workspace/.opencode/skills/no-unauthorized-write/SKILL.md
[2026-08-11 08:13:06] 检测到未授权写入: /workspace/.opencode/skills/no-unauthorized-write/SKILL.md
[2026-08-11 08:13:06] 违规已记录: 第222次 - 检测到未授权文件修改: /workspace/.opencode/skills/no-unauthorized-write/SKILL.md
[2026-08-11 08:13:06] 检测到未授权写入: /workspace/.opencode/skills/no-unauthorized-write/SKILL.md
[2026-08-11 08:13:06] 违规已记录: 第223次 - 检测到未授权文件修改: /workspace/.opencode/skills/no-unauthorized-write/SKILL.md
[2026-08-11 08:13:06] 检测到未授权写入: /workspace/.opencode/skills/no-unauthorized-write/SKILL.md
[2026-08-11 08:13:06] 违规已记录: 第224次 - 检测到未授权文件修改: /workspace/.opencode/skills/no-unauthorized-write/SKILL.md
[2026-08-11 08:13:06] 检测到未授权写入: /workspace/.opencode/skills/no-unauthorized-write/SKILL.md
[2026-08-11 08:13:06] 违规已记录: 第225次 - 检测到未授权文件修改: /workspace/.opencode/skills/no-unauthorized-write/SKILL.md
[2026-08-11 08:13:06] 检测到未授权写入: /workspace/.opencode/skills/no-unauthorized-write/SKILL.md
[2026-08-11 08:13:06] 违规已记录: 第226次 - 检测到未授权文件修改: /workspace/.opencode/skills/no-unauthorized-write/SKILL.md
[2026-08-11 08:13:06] 检测到未授权写入: /workspace/.opencode/skills/no-unauthorized-write/SKILL.md
[2026-08-11 08:13:06] 违规已记录: 第227次 - 检测到未授权文件修改: /workspace/.opencode/skills/no-unauthorized-write/SKILL.md
[2026-08-11 08:13:06] 检测到未授权写入: /workspace/.opencode/skills/no-unauthorized-write/SKILL.md
[2026-08-11 08:13:06] 违规已记录: 第228次 - 检测到未授权文件修改: /workspace/.opencode/skills/no-unauthorized-write/SKILL.md
[2026-08-11 08:13:06] 检测到未授权写入: /workspace/.opencode/skills/no-unauthorized-write/SKILL.md
[2026-08-11 08:13:06] 违规已记录: 第229次 - 检测到未授权文件修改: /workspace/.opencode/skills/no-unauthorized-write/SKILL.md
[2026-08-11 08:13:06] 检测到未授权写入: /workspace/.opencode/skills/no-unauthorized-write/SKILL.md
[2026-08-11 08:13:06] 违规已记录: 第230次 - 检测到未授权文件修改: /workspace/.opencode/skills/no-unauthorized-write/SKILL.md
[2026-08-11 08:13:07] 检测到未授权写入: /workspace/.opencode/skills/no-unauthorized-write/SKILL.md
[2026-08-11 08:13:07] 违规已记录: 第231次 - 检测到未授权文件修改: /workspace/.opencode/skills/no-unauthorized-write/SKILL.md
[2026-08-11 08:13:07] 检测到未授权写入: /workspace/.opencode/skills/no-unauthorized-write/SKILL.md
[2026-08-11 08:13:07] 违规已记录: 第232次 - 检测到未授权文件修改: /workspace/.opencode/skills/no-unauthorized-write/SKILL.md
[2026-08-11 08:13:07] 检测到未授权写入: /workspace/.opencode/skills/no-unauthorized-write/SKILL.md
[2026-08-11 08:13:07] 违规已记录: 第233次 - 检测到未授权文件修改: /workspace/.opencode/skills/no-unauthorized-write/SKILL.md
[2026-08-11 08:13:07] 检测到未授权写入: /workspace/.opencode/skills/no-unauthorized-write/SKILL.md
[2026-08-11 08:13:07] 违规已记录: 第234次 - 检测到未授权文件修改: /workspace/.opencode/skills/no-unauthorized-write/SKILL.md
[2026-08-11 08:13:07] 检测到未授权写入: /workspace/.opencode/skills/no-unauthorized-write/SKILL.md
[2026-08-11 08:13:07] 违规已记录: 第235次 - 检测到未授权文件修改: /workspace/.opencode/skills/no-unauthorized-write/SKILL.md
[2026-08-11 08:13:07] 检测到未授权写入: /workspace/.opencode/skills/no-unauthorized-write/SKILL.md
[2026-08-11 08:13:07] 违规已记录: 第236次 - 检测到未授权文件修改: /workspace/.opencode/skills/no-unauthorized-write/SKILL.md
[2026-08-11 08:13:07] 检测到未授权写入: /workspace/.opencode/skills/no-unauthorized-write/SKILL.md
[2026-08-11 08:13:07] 违规已记录: 第237次 - 检测到未授权文件修改: /workspace/.opencode/skills/no-unauthorized-write/SKILL.md
[2026-08-11 08:13:07] 检测到未授权写入: /workspace/.opencode/skills/no-unauthorized-write/SKILL.md
[2026-08-11 08:13:07] 违规已记录: 第238次 - 检测到未授权文件修改: /workspace/.opencode/skills/no-unauthorized-write/SKILL.md
[2026-08-11 08:13:07] 检测到未授权写入: /workspace/.opencode/skills/no-unauthorized-write/SKILL.md
[2026-08-11 08:13:07] 违规已记录: 第239次 - 检测到未授权文件修改: /workspace/.opencode/skills/no-unauthorized-write/SKILL.md
[2026-08-11 08:13:08] 检测到未授权写入: /workspace/.opencode/skills/no-unauthorized-write/SKILL.md
[2026-08-11 08:13:08] 违规已记录: 第240次 - 检测到未授权文件修改: /workspace/.opencode/skills/no-unauthorized-write/SKILL.md
[2026-08-11 08:13:08] 检测到未授权写入: /workspace/.opencode/skills/no-unauthorized-write/SKILL.md
[2026-08-11 08:13:08] 违规已记录: 第241次 - 检测到未授权文件修改: /workspace/.opencode/skills/no-unauthorized-write/SKILL.md
[2026-08-11 08:13:08] 检测到未授权写入: /workspace/.opencode/skills/no-unauthorized-write/SKILL.md
[2026-08-11 08:13:08] 违规已记录: 第242次 - 检测到未授权文件修改: /workspace/.opencode/skills/no-unauthorized-write/SKILL.md
[2026-08-11 08:13:08] 检测到未授权写入: /workspace/.opencode/skills/no-unauthorized-write/SKILL.md
[2026-08-11 08:13:08] 违规已记录: 第243次 - 检测到未授权文件修改: /workspace/.opencode/skills/no-unauthorized-write/SKILL.md
[2026-08-11 08:13:08] 检测到未授权写入: /workspace/.opencode/skills/no-unauthorized-write/SKILL.md
[2026-08-11 08:13:08] 违规已记录: 第244次 - 检测到未授权文件修改: /workspace/.opencode/skills/no-unauthorized-write/SKILL.md
[2026-08-11 08:13:08] 检测到未授权写入: /workspace/.opencode/skills/no-unauthorized-write/SKILL.md
[2026-08-11 08:13:08] 违规已记录: 第245次 - 检测到未授权文件修改: /workspace/.opencode/skills/no-unauthorized-write/SKILL.md
[2026-08-11 08:13:08] 检测到未授权写入: /workspace/.opencode/skills/no-unauthorized-write/SKILL.md
[2026-08-11 08:13:08] 违规已记录: 第246次 - 检测到未授权文件修改: /workspace/.opencode/skills/no-unauthorized-write/SKILL.md
[2026-08-11 08:13:08] 检测到未授权写入: /workspace/.opencode/skills/no-unauthorized-write/SKILL.md
[2026-08-11 08:13:08] 违规已记录: 第247次 - 检测到未授权文件修改: /workspace/.opencode/skills/no-unauthorized-write/SKILL.md
[2026-08-11 08:13:08] 检测到未授权写入: /workspace/.opencode/skills/no-unauthorized-write/SKILL.md
[2026-08-11 08:13:08] 违规已记录: 第248次 - 检测到未授权文件修改: /workspace/.opencode/skills/no-unauthorized-write/SKILL.md
[2026-08-11 08:13:08] 检测到未授权写入: /workspace/.opencode/skills/no-unauthorized-write/SKILL.md
[2026-08-11 08:13:08] 违规已记录: 第249次 - 检测到未授权文件修改: /workspace/.opencode/skills/no-unauthorized-write/SKILL.md
[2026-08-11 08:13:09] 检测到未授权写入: /workspace/.opencode/skills/no-unauthorized-write/SKILL.md
[2026-08-11 08:13:09] 违规已记录: 第250次 - 检测到未授权文件修改: /workspace/.opencode/skills/no-unauthorized-write/SKILL.md
[2026-08-11 08:13:09] 检测到未授权写入: /workspace/.opencode/skills/no-unauthorized-write/SKILL.md
[2026-08-11 08:13:09] 违规已记录: 第251次 - 检测到未授权文件修改: /workspace/.opencode/skills/no-unauthorized-write/SKILL.md
[2026-08-11 08:13:09] 检测到未授权写入: /workspace/.opencode/skills/no-unauthorized-write/SKILL.md
[2026-08-11 08:13:09] 违规已记录: 第252次 - 检测到未授权文件修改: /workspace/.opencode/skills/no-unauthorized-write/SKILL.md
[2026-08-11 08:13:09] 检测到未授权写入: /workspace/.opencode/skills/no-unauthorized-write/SKILL.md
[2026-08-11 08:13:09] 违规已记录: 第253次 - 检测到未授权文件修改: /workspace/.opencode/skills/no-unauthorized-write/SKILL.md
[2026-08-11 08:13:09] 检测到未授权写入: /workspace/.opencode/skills/no-unauthorized-write/SKILL.md
[2026-08-11 08:13:09] 违规已记录: 第254次 - 检测到未授权文件修改: /workspace/.opencode/skills/no-unauthorized-write/SKILL.md
[2026-08-11 08:13:09] 检测到未授权写入: /workspace/.opencode/skills/no-unauthorized-write/SKILL.md
[2026-08-11 08:13:09] 违规已记录: 第255次 - 检测到未授权文件修改: /workspace/.opencode/skills/no-unauthorized-write/SKILL.md
[2026-08-11 08:13:09] 检测到未授权写入: /workspace/.opencode/skills/no-unauthorized-write/SKILL.md
[2026-08-11 08:13:09] 违规已记录: 第256次 - 检测到未授权文件修改: /workspace/.opencode/skills/no-unauthorized-write/SKILL.md
[2026-08-11 08:13:09] 检测到未授权写入: /workspace/.opencode/skills/no-unauthorized-write/SKILL.md
[2026-08-11 08:13:09] 违规已记录: 第257次 - 检测到未授权文件修改: /workspace/.opencode/skills/no-unauthorized-write/SKILL.md
[2026-08-11 08:13:09] 检测到未授权写入: /workspace/.opencode/skills/no-unauthorized-write/SKILL.md
[2026-08-11 08:13:09] 违规已记录: 第258次 - 检测到未授权文件修改: /workspace/.opencode/skills/no-unauthorized-write/SKILL.md
[2026-08-11 08:13:10] 检测到未授权写入: /workspace/.opencode/skills/no-unauthorized-write/SKILL.md
[2026-08-11 08:13:10] 违规已记录: 第259次 - 检测到未授权文件修改: /workspace/.opencode/skills/no-unauthorized-write/SKILL.md
[2026-08-11 08:13:10] 检测到未授权写入: /workspace/.opencode/skills/no-unauthorized-write/SKILL.md
[2026-08-11 08:13:10] 违规已记录: 第260次 - 检测到未授权文件修改: /workspace/.opencode/skills/no-unauthorized-write/SKILL.md
[2026-08-11 08:13:10] 检测到未授权写入: /workspace/.opencode/skills/no-unauthorized-write/SKILL.md
[2026-08-11 08:13:10] 违规已记录: 第261次 - 检测到未授权文件修改: /workspace/.opencode/skills/no-unauthorized-write/SKILL.md
[2026-08-11 08:13:10] 检测到未授权写入: /workspace/.opencode/skills/no-unauthorized-write/SKILL.md
[2026-08-11 08:13:10] 违规已记录: 第262次 - 检测到未授权文件修改: /workspace/.opencode/skills/no-unauthorized-write/SKILL.md
[2026-08-11 08:13:10] 检测到未授权写入: /workspace/.opencode/skills/no-unauthorized-write/SKILL.md
[2026-08-11 08:13:10] 违规已记录: 第263次 - 检测到未授权文件修改: /workspace/.opencode/skills/no-unauthorized-write/SKILL.md
[2026-08-11 08:13:10] 检测到未授权写入: /workspace/.opencode/skills/no-unauthorized-write/SKILL.md
[2026-08-11 08:13:10] 违规已记录: 第264次 - 检测到未授权文件修改: /workspace/.opencode/skills/no-unauthorized-write/SKILL.md
[2026-08-11 08:13:10] 检测到未授权写入: /workspace/.opencode/skills/no-unauthorized-write/SKILL.md
[2026-08-11 08:13:10] 违规已记录: 第265次 - 检测到未授权文件修改: /workspace/.opencode/skills/no-unauthorized-write/SKILL.md
[2026-08-11 08:13:10] 检测到未授权写入: /workspace/.opencode/skills/no-unauthorized-write/SKILL.md
[2026-08-11 08:13:10] 违规已记录: 第266次 - 检测到未授权文件修改: /workspace/.opencode/skills/no-unauthorized-write/SKILL.md
[2026-08-11 08:13:10] 检测到未授权写入: /workspace/.opencode/skills/no-unauthorized-write/SKILL.md
[2026-08-11 08:13:10] 违规已记录: 第267次 - 检测到未授权文件修改: /workspace/.opencode/skills/no-unauthorized-write/SKILL.md
[2026-08-11 08:13:10] 检测到未授权写入: /workspace/.opencode/skills/no-unauthorized-write/SKILL.md
[2026-08-11 08:13:10] 违规已记录: 第268次 - 检测到未授权文件修改: /workspace/.opencode/skills/no-unauthorized-write/SKILL.md
[2026-08-11 08:13:11] 检测到未授权写入: /workspace/.opencode/skills/no-unauthorized-write/SKILL.md
[2026-08-11 08:13:11] 违规已记录: 第269次 - 检测到未授权文件修改: /workspace/.opencode/skills/no-unauthorized-write/SKILL.md
[2026-08-11 08:13:11] 检测到未授权写入: /workspace/.opencode/skills/no-unauthorized-write/SKILL.md
[2026-08-11 08:13:11] 违规已记录: 第270次 - 检测到未授权文件修改: /workspace/.opencode/skills/no-unauthorized-write/SKILL.md
[2026-08-11 08:13:11] 检测到未授权写入: /workspace/.opencode/skills/no-unauthorized-write/SKILL.md
[2026-08-11 08:13:11] 违规已记录: 第271次 - 检测到未授权文件修改: /workspace/.opencode/skills/no-unauthorized-write/SKILL.md
[2026-08-11 08:13:11] 检测到未授权写入: /workspace/.opencode/skills/no-unauthorized-write/SKILL.md
[2026-08-11 08:13:11] 违规已记录: 第272次 - 检测到未授权文件修改: /workspace/.opencode/skills/no-unauthorized-write/SKILL.md
[2026-08-11 08:13:11] 检测到未授权写入: /workspace/.opencode/skills/no-unauthorized-write/SKILL.md
[2026-08-11 08:13:11] 违规已记录: 第273次 - 检测到未授权文件修改: /workspace/.opencode/skills/no-unauthorized-write/SKILL.md
[2026-08-11 08:13:11] 检测到未授权写入: /workspace/.opencode/skills/no-unauthorized-write/SKILL.md
[2026-08-11 08:13:11] 违规已记录: 第274次 - 检测到未授权文件修改: /workspace/.opencode/skills/no-unauthorized-write/SKILL.md
[2026-08-11 08:13:11] 检测到未授权写入: /workspace/.opencode/skills/no-unauthorized-write/SKILL.md
[2026-08-11 08:13:11] 违规已记录: 第275次 - 检测到未授权文件修改: /workspace/.opencode/skills/no-unauthorized-write/SKILL.md
[2026-08-11 08:13:11] 检测到未授权写入: /workspace/.opencode/skills/no-unauthorized-write/SKILL.md
[2026-08-11 08:13:11] 违规已记录: 第276次 - 检测到未授权文件修改: /workspace/.opencode/skills/no-unauthorized-write/SKILL.md
[2026-08-11 08:13:11] 检测到未授权写入: /workspace/.opencode/skills/no-unauthorized-write/SKILL.md
[2026-08-11 08:13:11] 违规已记录: 第277次 - 检测到未授权文件修改: /workspace/.opencode/skills/no-unauthorized-write/SKILL.md
[2026-08-11 08:13:12] 检测到未授权写入: /workspace/.opencode/skills/no-unauthorized-write/SKILL.md
[2026-08-11 08:13:12] 违规已记录: 第278次 - 检测到未授权文件修改: /workspace/.opencode/skills/no-unauthorized-write/SKILL.md
[2026-08-11 08:13:12] 检测到未授权写入: /workspace/.opencode/skills/no-unauthorized-write/SKILL.md
[2026-08-11 08:13:12] 违规已记录: 第279次 - 检测到未授权文件修改: /workspace/.opencode/skills/no-unauthorized-write/SKILL.md
[2026-08-11 08:13:12] 检测到未授权写入: /workspace/.opencode/skills/no-unauthorized-write/SKILL.md
[2026-08-11 08:13:12] 违规已记录: 第280次 - 检测到未授权文件修改: /workspace/.opencode/skills/no-unauthorized-write/SKILL.md
[2026-08-11 08:13:12] 检测到未授权写入: /workspace/.opencode/skills/no-unauthorized-write/SKILL.md
[2026-08-11 08:13:12] 违规已记录: 第281次 - 检测到未授权文件修改: /workspace/.opencode/skills/no-unauthorized-write/SKILL.md
[2026-08-11 08:13:12] 检测到未授权写入: /workspace/.opencode/skills/no-unauthorized-write/SKILL.md
[2026-08-11 08:13:12] 违规已记录: 第282次 - 检测到未授权文件修改: /workspace/.opencode/skills/no-unauthorized-write/SKILL.md
[2026-08-11 08:13:12] 检测到未授权写入: /workspace/.opencode/skills/no-unauthorized-write/SKILL.md
[2026-08-11 08:13:12] 违规已记录: 第283次 - 检测到未授权文件修改: /workspace/.opencode/skills/no-unauthorized-write/SKILL.md
[2026-08-11 08:13:12] 检测到未授权写入: /workspace/.opencode/skills/no-unauthorized-write/SKILL.md
[2026-08-11 08:13:12] 违规已记录: 第284次 - 检测到未授权文件修改: /workspace/.opencode/skills/no-unauthorized-write/SKILL.md
[2026-08-11 08:13:12] 检测到未授权写入: /workspace/.opencode/skills/no-unauthorized-write/SKILL.md
[2026-08-11 08:13:12] 违规已记录: 第285次 - 检测到未授权文件修改: /workspace/.opencode/skills/no-unauthorized-write/SKILL.md
[2026-08-11 08:13:12] 检测到未授权写入: /workspace/.opencode/skills/no-unauthorized-write/SKILL.md
[2026-08-11 08:13:12] 违规已记录: 第286次 - 检测到未授权文件修改: /workspace/.opencode/skills/no-unauthorized-write/SKILL.md
[2026-08-11 08:13:12] 检测到未授权写入: /workspace/.opencode/skills/no-unauthorized-write/SKILL.md
[2026-08-11 08:13:12] 违规已记录: 第287次 - 检测到未授权文件修改: /workspace/.opencode/skills/no-unauthorized-write/SKILL.md
[2026-08-11 08:13:13] 检测到未授权写入: /workspace/.opencode/skills/no-unauthorized-write/SKILL.md
[2026-08-11 08:13:13] 违规已记录: 第288次 - 检测到未授权文件修改: /workspace/.opencode/skills/no-unauthorized-write/SKILL.md
[2026-08-11 08:13:13] 检测到未授权写入: /workspace/.opencode/skills/no-unauthorized-write/SKILL.md
[2026-08-11 08:13:13] 违规已记录: 第289次 - 检测到未授权文件修改: /workspace/.opencode/skills/no-unauthorized-write/SKILL.md
[2026-08-11 08:13:13] 检测到未授权写入: /workspace/.opencode/skills/no-unauthorized-write/SKILL.md
[2026-08-11 08:13:13] 违规已记录: 第290次 - 检测到未授权文件修改: /workspace/.opencode/skills/no-unauthorized-write/SKILL.md
[2026-08-11 08:13:13] 检测到未授权写入: /workspace/.opencode/skills/no-unauthorized-write/SKILL.md
[2026-08-11 08:13:13] 违规已记录: 第291次 - 检测到未授权文件修改: /workspace/.opencode/skills/no-unauthorized-write/SKILL.md
[2026-08-11 08:13:13] 检测到未授权写入: /workspace/.opencode/skills/no-unauthorized-write/SKILL.md
[2026-08-11 08:13:13] 违规已记录: 第292次 - 检测到未授权文件修改: /workspace/.opencode/skills/no-unauthorized-write/SKILL.md
[2026-08-11 08:13:13] 检测到未授权写入: /workspace/.opencode/skills/no-unauthorized-write/SKILL.md
[2026-08-11 08:13:13] 违规已记录: 第293次 - 检测到未授权文件修改: /workspace/.opencode/skills/no-unauthorized-write/SKILL.md
[2026-08-11 08:13:13] 检测到未授权写入: /workspace/.opencode/skills/no-unauthorized-write/SKILL.md
[2026-08-11 08:13:13] 违规已记录: 第294次 - 检测到未授权文件修改: /workspace/.opencode/skills/no-unauthorized-write/SKILL.md
[2026-08-11 08:13:13] 检测到未授权写入: /workspace/.opencode/skills/no-unauthorized-write/SKILL.md
[2026-08-11 08:13:13] 违规已记录: 第295次 - 检测到未授权文件修改: /workspace/.opencode/skills/no-unauthorized-write/SKILL.md
[2026-08-11 08:13:13] 检测到未授权写入: /workspace/.opencode/skills/no-unauthorized-write/SKILL.md
[2026-08-11 08:13:13] 违规已记录: 第296次 - 检测到未授权文件修改: /workspace/.opencode/skills/no-unauthorized-write/SKILL.md
[2026-08-11 08:13:14] 检测到未授权写入: /workspace/.opencode/skills/no-unauthorized-write/SKILL.md
[2026-08-11 08:13:14] 违规已记录: 第297次 - 检测到未授权文件修改: /workspace/.opencode/skills/no-unauthorized-write/SKILL.md
[2026-08-11 08:13:14] 检测到未授权写入: /workspace/.opencode/skills/no-unauthorized-write/SKILL.md
[2026-08-11 08:13:14] 违规已记录: 第298次 - 检测到未授权文件修改: /workspace/.opencode/skills/no-unauthorized-write/SKILL.md
[2026-08-11 08:13:14] 检测到未授权写入: /workspace/.opencode/skills/no-unauthorized-write/SKILL.md
[2026-08-11 08:13:14] 违规已记录: 第299次 - 检测到未授权文件修改: /workspace/.opencode/skills/no-unauthorized-write/SKILL.md
[2026-08-11 08:13:14] 检测到未授权写入: /workspace/.opencode/skills/no-unauthorized-write/SKILL.md
[2026-08-11 08:13:14] 违规已记录: 第300次 - 检测到未授权文件修改: /workspace/.opencode/skills/no-unauthorized-write/SKILL.md
[2026-08-11 08:13:14] 检测到未授权写入: /workspace/.opencode/skills/no-unauthorized-write/SKILL.md
[2026-08-11 08:13:14] 违规已记录: 第301次 - 检测到未授权文件修改: /workspace/.opencode/skills/no-unauthorized-write/SKILL.md
[2026-08-11 08:13:14] 检测到未授权写入: /workspace/.opencode/skills/no-unauthorized-write/SKILL.md
[2026-08-11 08:13:14] 违规已记录: 第302次 - 检测到未授权文件修改: /workspace/.opencode/skills/no-unauthorized-write/SKILL.md
[2026-08-11 08:13:14] 检测到未授权写入: /workspace/.opencode/skills/no-unauthorized-write/SKILL.md
[2026-08-11 08:13:14] 违规已记录: 第303次 - 检测到未授权文件修改: /workspace/.opencode/skills/no-unauthorized-write/SKILL.md
[2026-08-11 08:13:14] 检测到未授权写入: /workspace/.opencode/skills/no-unauthorized-write/SKILL.md
[2026-08-11 08:13:14] 违规已记录: 第304次 - 检测到未授权文件修改: /workspace/.opencode/skills/no-unauthorized-write/SKILL.md
[2026-08-11 08:13:14] 检测到未授权写入: /workspace/.opencode/skills/no-unauthorized-write/SKILL.md
[2026-08-11 08:13:14] 违规已记录: 第305次 - 检测到未授权文件修改: /workspace/.opencode/skills/no-unauthorized-write/SKILL.md
[2026-08-11 08:13:14] 检测到未授权写入: /workspace/.opencode/skills/no-unauthorized-write/SKILL.md
[2026-08-11 08:13:14] 违规已记录: 第306次 - 检测到未授权文件修改: /workspace/.opencode/skills/no-unauthorized-write/SKILL.md
[2026-08-11 08:13:15] 检测到未授权写入: /workspace/.opencode/skills/no-unauthorized-write/SKILL.md
[2026-08-11 08:13:15] 违规已记录: 第307次 - 检测到未授权文件修改: /workspace/.opencode/skills/no-unauthorized-write/SKILL.md
[2026-08-11 08:13:15] 检测到未授权写入: /workspace/.opencode/skills/no-unauthorized-write/SKILL.md
[2026-08-11 08:13:15] 违规已记录: 第308次 - 检测到未授权文件修改: /workspace/.opencode/skills/no-unauthorized-write/SKILL.md
[2026-08-11 08:13:15] 检测到未授权写入: /workspace/.opencode/skills/no-unauthorized-write/SKILL.md
[2026-08-11 08:13:15] 违规已记录: 第309次 - 检测到未授权文件修改: /workspace/.opencode/skills/no-unauthorized-write/SKILL.md
[2026-08-11 08:13:15] 检测到未授权写入: /workspace/.opencode/skills/no-unauthorized-write/SKILL.md
[2026-08-11 08:13:15] 违规已记录: 第310次 - 检测到未授权文件修改: /workspace/.opencode/skills/no-unauthorized-write/SKILL.md
[2026-08-11 08:13:15] 检测到未授权写入: /workspace/.opencode/skills/no-unauthorized-write/SKILL.md
[2026-08-11 08:13:15] 违规已记录: 第311次 - 检测到未授权文件修改: /workspace/.opencode/skills/no-unauthorized-write/SKILL.md
[2026-08-11 08:13:15] 检测到未授权写入: /workspace/.opencode/skills/no-unauthorized-write/SKILL.md
[2026-08-11 08:13:15] 违规已记录: 第312次 - 检测到未授权文件修改: /workspace/.opencode/skills/no-unauthorized-write/SKILL.md
[2026-08-11 08:13:15] 检测到未授权写入: /workspace/.opencode/skills/no-unauthorized-write/SKILL.md
[2026-08-11 08:13:15] 违规已记录: 第313次 - 检测到未授权文件修改: /workspace/.opencode/skills/no-unauthorized-write/SKILL.md
[2026-08-11 08:13:15] 检测到未授权写入: /workspace/.opencode/skills/no-unauthorized-write/SKILL.md
[2026-08-11 08:13:15] 违规已记录: 第314次 - 检测到未授权文件修改: /workspace/.opencode/skills/no-unauthorized-write/SKILL.md
[2026-08-11 08:13:15] 检测到未授权写入: /workspace/.opencode/skills/no-unauthorized-write/SKILL.md
[2026-08-11 08:13:15] 违规已记录: 第315次 - 检测到未授权文件修改: /workspace/.opencode/skills/no-unauthorized-write/SKILL.md
[2026-08-11 08:13:16] 检测到未授权写入: /workspace/.opencode/skills/no-unauthorized-write/SKILL.md
[2026-08-11 08:13:16] 违规已记录: 第316次 - 检测到未授权文件修改: /workspace/.opencode/skills/no-unauthorized-write/SKILL.md
[2026-08-11 08:13:16] 检测到未授权写入: /workspace/.opencode/skills/no-unauthorized-write/SKILL.md
[2026-08-11 08:13:16] 违规已记录: 第317次 - 检测到未授权文件修改: /workspace/.opencode/skills/no-unauthorized-write/SKILL.md
[2026-08-11 08:13:16] 检测到未授权写入: /workspace/.opencode/skills/no-unauthorized-write/SKILL.md
[2026-08-11 08:13:16] 违规已记录: 第318次 - 检测到未授权文件修改: /workspace/.opencode/skills/no-unauthorized-write/SKILL.md
[2026-08-11 08:13:16] 检测到未授权写入: /workspace/.opencode/skills/no-unauthorized-write/SKILL.md
[2026-08-11 08:13:16] 违规已记录: 第319次 - 检测到未授权文件修改: /workspace/.opencode/skills/no-unauthorized-write/SKILL.md
[2026-08-11 08:13:16] 检测到未授权写入: /workspace/.opencode/skills/no-unauthorized-write/SKILL.md
[2026-08-11 08:13:16] 违规已记录: 第320次 - 检测到未授权文件修改: /workspace/.opencode/skills/no-unauthorized-write/SKILL.md
[2026-08-11 08:13:16] 检测到未授权写入: /workspace/.opencode/skills/no-unauthorized-write/SKILL.md
[2026-08-11 08:13:16] 违规已记录: 第321次 - 检测到未授权文件修改: /workspace/.opencode/skills/no-unauthorized-write/SKILL.md
[2026-08-11 08:13:16] 检测到未授权写入: /workspace/.opencode/skills/no-unauthorized-write/SKILL.md
[2026-08-11 08:13:16] 违规已记录: 第322次 - 检测到未授权文件修改: /workspace/.opencode/skills/no-unauthorized-write/SKILL.md
[2026-08-11 08:13:16] 检测到未授权写入: /workspace/.opencode/skills/no-unauthorized-write/SKILL.md
[2026-08-11 08:13:16] 违规已记录: 第323次 - 检测到未授权文件修改: /workspace/.opencode/skills/no-unauthorized-write/SKILL.md
[2026-08-11 08:13:16] 检测到未授权写入: /workspace/.opencode/skills/no-unauthorized-write/SKILL.md
[2026-08-11 08:13:16] 违规已记录: 第324次 - 检测到未授权文件修改: /workspace/.opencode/skills/no-unauthorized-write/SKILL.md
[2026-08-11 08:13:16] 检测到未授权写入: /workspace/.opencode/skills/no-unauthorized-write/SKILL.md
[2026-08-11 08:13:16] 违规已记录: 第325次 - 检测到未授权文件修改: /workspace/.opencode/skills/no-unauthorized-write/SKILL.md
[2026-08-11 08:13:17] 检测到未授权写入: /workspace/.opencode/skills/no-unauthorized-write/SKILL.md
[2026-08-11 08:13:17] 违规已记录: 第326次 - 检测到未授权文件修改: /workspace/.opencode/skills/no-unauthorized-write/SKILL.md
[2026-08-11 08:13:17] 检测到未授权写入: /workspace/.opencode/skills/no-unauthorized-write/SKILL.md
[2026-08-11 08:13:17] 违规已记录: 第327次 - 检测到未授权文件修改: /workspace/.opencode/skills/no-unauthorized-write/SKILL.md
[2026-08-11 08:13:17] 检测到未授权写入: /workspace/.opencode/skills/no-unauthorized-write/SKILL.md
[2026-08-11 08:13:17] 违规已记录: 第328次 - 检测到未授权文件修改: /workspace/.opencode/skills/no-unauthorized-write/SKILL.md
[2026-08-11 08:13:17] 检测到未授权写入: /workspace/.opencode/skills/no-unauthorized-write/SKILL.md
[2026-08-11 08:13:17] 违规已记录: 第329次 - 检测到未授权文件修改: /workspace/.opencode/skills/no-unauthorized-write/SKILL.md
[2026-08-11 08:13:17] 检测到未授权写入: /workspace/.opencode/skills/no-unauthorized-write/SKILL.md
[2026-08-11 08:13:17] 违规已记录: 第330次 - 检测到未授权文件修改: /workspace/.opencode/skills/no-unauthorized-write/SKILL.md
[2026-08-11 08:13:17] 检测到未授权写入: /workspace/.opencode/skills/no-unauthorized-write/SKILL.md
[2026-08-11 08:13:17] 违规已记录: 第331次 - 检测到未授权文件修改: /workspace/.opencode/skills/no-unauthorized-write/SKILL.md
[2026-08-11 08:13:17] 检测到未授权写入: /workspace/.opencode/skills/no-unauthorized-write/SKILL.md
[2026-08-11 08:13:17] 违规已记录: 第332次 - 检测到未授权文件修改: /workspace/.opencode/skills/no-unauthorized-write/SKILL.md
[2026-08-11 08:13:17] 检测到未授权写入: /workspace/.opencode/skills/no-unauthorized-write/SKILL.md
[2026-08-11 08:13:17] 违规已记录: 第333次 - 检测到未授权文件修改: /workspace/.opencode/skills/no-unauthorized-write/SKILL.md
[2026-08-11 08:13:17] 检测到未授权写入: /workspace/.opencode/skills/no-unauthorized-write/SKILL.md
[2026-08-11 08:13:17] 违规已记录: 第334次 - 检测到未授权文件修改: /workspace/.opencode/skills/no-unauthorized-write/SKILL.md
[2026-08-11 08:13:18] 检测到未授权写入: /workspace/.opencode/skills/no-unauthorized-write/SKILL.md
[2026-08-11 08:13:18] 违规已记录: 第335次 - 检测到未授权文件修改: /workspace/.opencode/skills/no-unauthorized-write/SKILL.md
[2026-08-11 08:13:18] 检测到未授权写入: /workspace/.opencode/skills/no-unauthorized-write/SKILL.md
[2026-08-11 08:13:18] 违规已记录: 第336次 - 检测到未授权文件修改: /workspace/.opencode/skills/no-unauthorized-write/SKILL.md
[2026-08-11 08:13:18] 检测到未授权写入: /workspace/.opencode/skills/no-unauthorized-write/SKILL.md
[2026-08-11 08:13:18] 违规已记录: 第337次 - 检测到未授权文件修改: /workspace/.opencode/skills/no-unauthorized-write/SKILL.md
[2026-08-11 08:13:18] 检测到未授权写入: /workspace/.opencode/skills/no-unauthorized-write/SKILL.md
[2026-08-11 08:13:18] 违规已记录: 第338次 - 检测到未授权文件修改: /workspace/.opencode/skills/no-unauthorized-write/SKILL.md
[2026-08-11 08:13:18] 检测到未授权写入: /workspace/.opencode/skills/no-unauthorized-write/SKILL.md
[2026-08-11 08:13:18] 违规已记录: 第339次 - 检测到未授权文件修改: /workspace/.opencode/skills/no-unauthorized-write/SKILL.md
[2026-08-11 08:13:18] 检测到未授权写入: /workspace/.opencode/skills/no-unauthorized-write/SKILL.md
[2026-08-11 08:13:18] 违规已记录: 第340次 - 检测到未授权文件修改: /workspace/.opencode/skills/no-unauthorized-write/SKILL.md
[2026-08-11 08:13:18] 检测到未授权写入: /workspace/.opencode/skills/no-unauthorized-write/SKILL.md
[2026-08-11 08:13:18] 违规已记录: 第341次 - 检测到未授权文件修改: /workspace/.opencode/skills/no-unauthorized-write/SKILL.md
[2026-08-11 08:13:18] 检测到未授权写入: /workspace/.opencode/skills/no-unauthorized-write/SKILL.md
[2026-08-11 08:13:18] 违规已记录: 第342次 - 检测到未授权文件修改: /workspace/.opencode/skills/no-unauthorized-write/SKILL.md
[2026-08-11 08:13:18] 检测到未授权写入: /workspace/.opencode/skills/no-unauthorized-write/SKILL.md
[2026-08-11 08:13:18] 违规已记录: 第343次 - 检测到未授权文件修改: /workspace/.opencode/skills/no-unauthorized-write/SKILL.md
[2026-08-11 08:13:18] 检测到未授权写入: /workspace/.opencode/skills/no-unauthorized-write/SKILL.md
[2026-08-11 08:13:18] 违规已记录: 第344次 - 检测到未授权文件修改: /workspace/.opencode/skills/no-unauthorized-write/SKILL.md
[2026-08-11 08:13:19] 检测到未授权写入: /workspace/.opencode/skills/no-unauthorized-write/SKILL.md
[2026-08-11 08:13:19] 违规已记录: 第345次 - 检测到未授权文件修改: /workspace/.opencode/skills/no-unauthorized-write/SKILL.md
[2026-08-11 08:13:19] 检测到未授权写入: /workspace/.opencode/skills/no-unauthorized-write/SKILL.md
[2026-08-11 08:13:19] 违规已记录: 第346次 - 检测到未授权文件修改: /workspace/.opencode/skills/no-unauthorized-write/SKILL.md
[2026-08-11 08:13:19] 检测到未授权写入: /workspace/.opencode/skills/no-unauthorized-write/SKILL.md
[2026-08-11 08:13:19] 违规已记录: 第347次 - 检测到未授权文件修改: /workspace/.opencode/skills/no-unauthorized-write/SKILL.md
[2026-08-11 08:13:19] 检测到未授权写入: /workspace/.opencode/skills/no-unauthorized-write/SKILL.md
[2026-08-11 08:13:19] 违规已记录: 第348次 - 检测到未授权文件修改: /workspace/.opencode/skills/no-unauthorized-write/SKILL.md
[2026-08-11 08:13:19] 检测到未授权写入: /workspace/.opencode/skills/no-unauthorized-write/SKILL.md
[2026-08-11 08:13:19] 违规已记录: 第349次 - 检测到未授权文件修改: /workspace/.opencode/skills/no-unauthorized-write/SKILL.md
[2026-08-11 08:13:19] 检测到未授权写入: /workspace/.opencode/skills/no-unauthorized-write/SKILL.md
[2026-08-11 08:13:19] 违规已记录: 第350次 - 检测到未授权文件修改: /workspace/.opencode/skills/no-unauthorized-write/SKILL.md
[2026-08-11 08:13:19] 检测到未授权写入: /workspace/.opencode/skills/no-unauthorized-write/SKILL.md
[2026-08-11 08:13:19] 违规已记录: 第351次 - 检测到未授权文件修改: /workspace/.opencode/skills/no-unauthorized-write/SKILL.md
[2026-08-11 08:13:19] 检测到未授权写入: /workspace/.opencode/skills/no-unauthorized-write/SKILL.md
[2026-08-11 08:13:19] 违规已记录: 第352次 - 检测到未授权文件修改: /workspace/.opencode/skills/no-unauthorized-write/SKILL.md
[2026-08-11 08:13:19] 检测到未授权写入: /workspace/.opencode/skills/no-unauthorized-write/SKILL.md
[2026-08-11 08:13:19] 违规已记录: 第353次 - 检测到未授权文件修改: /workspace/.opencode/skills/no-unauthorized-write/SKILL.md
[2026-08-11 08:13:20] 检测到未授权写入: /workspace/.opencode/skills/no-unauthorized-write/SKILL.md
[2026-08-11 08:13:20] 违规已记录: 第354次 - 检测到未授权文件修改: /workspace/.opencode/skills/no-unauthorized-write/SKILL.md
[2026-08-11 08:13:20] 检测到未授权写入: /workspace/.opencode/skills/no-unauthorized-write/SKILL.md
[2026-08-11 08:13:20] 违规已记录: 第355次 - 检测到未授权文件修改: /workspace/.opencode/skills/no-unauthorized-write/SKILL.md
[2026-08-11 08:13:20] 检测到未授权写入: /workspace/.opencode/skills/no-unauthorized-write/SKILL.md
[2026-08-11 08:13:20] 违规已记录: 第356次 - 检测到未授权文件修改: /workspace/.opencode/skills/no-unauthorized-write/SKILL.md
[2026-08-11 08:13:20] 检测到未授权写入: /workspace/.opencode/skills/no-unauthorized-write/SKILL.md
[2026-08-11 08:13:20] 违规已记录: 第357次 - 检测到未授权文件修改: /workspace/.opencode/skills/no-unauthorized-write/SKILL.md
[2026-08-11 08:13:20] 检测到未授权写入: /workspace/.opencode/skills/no-unauthorized-write/SKILL.md
[2026-08-11 08:13:20] 违规已记录: 第358次 - 检测到未授权文件修改: /workspace/.opencode/skills/no-unauthorized-write/SKILL.md
[2026-08-11 08:13:20] 检测到未授权写入: /workspace/.opencode/skills/no-unauthorized-write/SKILL.md
[2026-08-11 08:13:20] 违规已记录: 第359次 - 检测到未授权文件修改: /workspace/.opencode/skills/no-unauthorized-write/SKILL.md
[2026-08-11 08:13:20] 检测到未授权写入: /workspace/.opencode/skills/no-unauthorized-write/SKILL.md
[2026-08-11 08:13:20] 违规已记录: 第360次 - 检测到未授权文件修改: /workspace/.opencode/skills/no-unauthorized-write/SKILL.md
[2026-08-11 08:13:20] 检测到未授权写入: /workspace/.opencode/skills/no-unauthorized-write/SKILL.md
[2026-08-11 08:13:20] 违规已记录: 第361次 - 检测到未授权文件修改: /workspace/.opencode/skills/no-unauthorized-write/SKILL.md
[2026-08-11 08:13:20] 检测到未授权写入: /workspace/.opencode/skills/no-unauthorized-write/SKILL.md
[2026-08-11 08:13:20] 违规已记录: 第362次 - 检测到未授权文件修改: /workspace/.opencode/skills/no-unauthorized-write/SKILL.md
[2026-08-11 08:13:20] 检测到未授权写入: /workspace/.opencode/skills/no-unauthorized-write/SKILL.md
[2026-08-11 08:13:20] 违规已记录: 第363次 - 检测到未授权文件修改: /workspace/.opencode/skills/no-unauthorized-write/SKILL.md
[2026-08-11 08:13:21] 检测到未授权写入: /workspace/.opencode/skills/no-unauthorized-write/SKILL.md
[2026-08-11 08:13:21] 违规已记录: 第364次 - 检测到未授权文件修改: /workspace/.opencode/skills/no-unauthorized-write/SKILL.md
[2026-08-11 08:13:21] 检测到未授权写入: /workspace/.opencode/skills/no-unauthorized-write/SKILL.md
[2026-08-11 08:13:21] 违规已记录: 第365次 - 检测到未授权文件修改: /workspace/.opencode/skills/no-unauthorized-write/SKILL.md
[2026-08-11 08:13:21] 检测到未授权写入: /workspace/.opencode/skills/no-unauthorized-write/SKILL.md
[2026-08-11 08:13:21] 违规已记录: 第366次 - 检测到未授权文件修改: /workspace/.opencode/skills/no-unauthorized-write/SKILL.md
[2026-08-11 08:13:21] 检测到未授权写入: /workspace/.opencode/skills/no-unauthorized-write/SKILL.md
[2026-08-11 08:13:21] 违规已记录: 第367次 - 检测到未授权文件修改: /workspace/.opencode/skills/no-unauthorized-write/SKILL.md
[2026-08-11 08:13:21] 检测到未授权写入: /workspace/.opencode/skills/no-unauthorized-write/SKILL.md
[2026-08-11 08:13:21] 违规已记录: 第368次 - 检测到未授权文件修改: /workspace/.opencode/skills/no-unauthorized-write/SKILL.md
[2026-08-11 08:13:21] 检测到未授权写入: /workspace/.opencode/skills/no-unauthorized-write/SKILL.md
[2026-08-11 08:13:21] 违规已记录: 第369次 - 检测到未授权文件修改: /workspace/.opencode/skills/no-unauthorized-write/SKILL.md
[2026-08-11 08:13:21] 检测到未授权写入: /workspace/.opencode/skills/no-unauthorized-write/SKILL.md
[2026-08-11 08:13:21] 违规已记录: 第370次 - 检测到未授权文件修改: /workspace/.opencode/skills/no-unauthorized-write/SKILL.md
[2026-08-11 08:13:21] 检测到未授权写入: /workspace/.opencode/skills/no-unauthorized-write/SKILL.md
[2026-08-11 08:13:21] 违规已记录: 第371次 - 检测到未授权文件修改: /workspace/.opencode/skills/no-unauthorized-write/SKILL.md
[2026-08-11 08:13:21] 检测到未授权写入: /workspace/.opencode/skills/no-unauthorized-write/SKILL.md
[2026-08-11 08:13:21] 违规已记录: 第372次 - 检测到未授权文件修改: /workspace/.opencode/skills/no-unauthorized-write/SKILL.md
[2026-08-11 08:13:22] 检测到未授权写入: /workspace/.opencode/skills/no-unauthorized-write/SKILL.md
[2026-08-11 08:13:22] 违规已记录: 第373次 - 检测到未授权文件修改: /workspace/.opencode/skills/no-unauthorized-write/SKILL.md
[2026-08-11 08:13:22] 检测到未授权写入: /workspace/.opencode/skills/no-unauthorized-write/SKILL.md
[2026-08-11 08:13:22] 违规已记录: 第374次 - 检测到未授权文件修改: /workspace/.opencode/skills/no-unauthorized-write/SKILL.md
[2026-08-11 08:13:22] 检测到未授权写入: /workspace/.opencode/skills/no-unauthorized-write/SKILL.md
[2026-08-11 08:13:22] 违规已记录: 第375次 - 检测到未授权文件修改: /workspace/.opencode/skills/no-unauthorized-write/SKILL.md
[2026-08-11 08:13:22] 检测到未授权写入: /workspace/.opencode/skills/no-unauthorized-write/SKILL.md
[2026-08-11 08:13:22] 违规已记录: 第376次 - 检测到未授权文件修改: /workspace/.opencode/skills/no-unauthorized-write/SKILL.md
[2026-08-11 08:13:22] 检测到未授权写入: /workspace/.opencode/skills/no-unauthorized-write/SKILL.md
[2026-08-11 08:13:22] 违规已记录: 第377次 - 检测到未授权文件修改: /workspace/.opencode/skills/no-unauthorized-write/SKILL.md
[2026-08-11 08:13:22] 检测到未授权写入: /workspace/.opencode/skills/no-unauthorized-write/SKILL.md
[2026-08-11 08:13:22] 违规已记录: 第378次 - 检测到未授权文件修改: /workspace/.opencode/skills/no-unauthorized-write/SKILL.md
[2026-08-11 08:13:22] 检测到未授权写入: /workspace/.opencode/skills/no-unauthorized-write/SKILL.md
[2026-08-11 08:13:22] 违规已记录: 第379次 - 检测到未授权文件修改: /workspace/.opencode/skills/no-unauthorized-write/SKILL.md
[2026-08-11 08:13:22] 检测到未授权写入: /workspace/.opencode/skills/no-unauthorized-write/SKILL.md
[2026-08-11 08:13:22] 违规已记录: 第380次 - 检测到未授权文件修改: /workspace/.opencode/skills/no-unauthorized-write/SKILL.md
[2026-08-11 08:13:22] 检测到未授权写入: /workspace/.opencode/skills/no-unauthorized-write/SKILL.md
[2026-08-11 08:13:22] 违规已记录: 第381次 - 检测到未授权文件修改: /workspace/.opencode/skills/no-unauthorized-write/SKILL.md
[2026-08-11 08:13:22] 检测到未授权写入: /workspace/.opencode/skills/no-unauthorized-write/SKILL.md
[2026-08-11 08:13:22] 违规已记录: 第382次 - 检测到未授权文件修改: /workspace/.opencode/skills/no-unauthorized-write/SKILL.md
[2026-08-11 08:13:23] 检测到未授权写入: /workspace/.opencode/skills/no-unauthorized-write/SKILL.md
[2026-08-11 08:13:23] 违规已记录: 第383次 - 检测到未授权文件修改: /workspace/.opencode/skills/no-unauthorized-write/SKILL.md
[2026-08-11 08:13:23] 检测到未授权写入: /workspace/.opencode/skills/no-unauthorized-write/SKILL.md
[2026-08-11 08:13:23] 违规已记录: 第384次 - 检测到未授权文件修改: /workspace/.opencode/skills/no-unauthorized-write/SKILL.md
[2026-08-11 08:13:23] 检测到未授权写入: /workspace/.opencode/skills/no-unauthorized-write/SKILL.md
[2026-08-11 08:13:23] 违规已记录: 第385次 - 检测到未授权文件修改: /workspace/.opencode/skills/no-unauthorized-write/SKILL.md
[2026-08-11 08:13:23] 检测到未授权写入: /workspace/.opencode/skills/no-unauthorized-write/SKILL.md
[2026-08-11 08:13:23] 违规已记录: 第386次 - 检测到未授权文件修改: /workspace/.opencode/skills/no-unauthorized-write/SKILL.md
[2026-08-11 08:13:23] 检测到未授权写入: /workspace/.opencode/skills/no-unauthorized-write/SKILL.md
[2026-08-11 08:13:23] 违规已记录: 第387次 - 检测到未授权文件修改: /workspace/.opencode/skills/no-unauthorized-write/SKILL.md
[2026-08-11 08:13:23] 检测到未授权写入: /workspace/.opencode/skills/no-unauthorized-write/SKILL.md
[2026-08-11 08:13:23] 违规已记录: 第388次 - 检测到未授权文件修改: /workspace/.opencode/skills/no-unauthorized-write/SKILL.md
[2026-08-11 08:13:23] 检测到未授权写入: /workspace/.opencode/skills/no-unauthorized-write/SKILL.md
[2026-08-11 08:13:23] 违规已记录: 第389次 - 检测到未授权文件修改: /workspace/.opencode/skills/no-unauthorized-write/SKILL.md
[2026-08-11 08:13:23] 检测到未授权写入: /workspace/.opencode/skills/no-unauthorized-write/SKILL.md
[2026-08-11 08:13:23] 违规已记录: 第390次 - 检测到未授权文件修改: /workspace/.opencode/skills/no-unauthorized-write/SKILL.md
[2026-08-11 08:13:23] 检测到未授权写入: /workspace/.opencode/skills/no-unauthorized-write/SKILL.md
[2026-08-11 08:13:23] 违规已记录: 第391次 - 检测到未授权文件修改: /workspace/.opencode/skills/no-unauthorized-write/SKILL.md
[2026-08-11 08:13:24] 检测到未授权写入: /workspace/.opencode/skills/no-unauthorized-write/SKILL.md
[2026-08-11 08:13:24] 违规已记录: 第392次 - 检测到未授权文件修改: /workspace/.opencode/skills/no-unauthorized-write/SKILL.md
[2026-08-11 08:13:24] 检测到未授权写入: /workspace/.opencode/skills/no-unauthorized-write/SKILL.md
[2026-08-11 08:13:24] 违规已记录: 第393次 - 检测到未授权文件修改: /workspace/.opencode/skills/no-unauthorized-write/SKILL.md
[2026-08-11 08:13:24] 检测到未授权写入: /workspace/.opencode/skills/no-unauthorized-write/SKILL.md
[2026-08-11 08:13:24] 违规已记录: 第394次 - 检测到未授权文件修改: /workspace/.opencode/skills/no-unauthorized-write/SKILL.md
[2026-08-11 08:13:24] 检测到未授权写入: /workspace/.opencode/skills/no-unauthorized-write/SKILL.md
[2026-08-11 08:13:24] 违规已记录: 第395次 - 检测到未授权文件修改: /workspace/.opencode/skills/no-unauthorized-write/SKILL.md
[2026-08-11 08:13:24] 检测到未授权写入: /workspace/.opencode/skills/no-unauthorized-write/SKILL.md
[2026-08-11 08:13:24] 违规已记录: 第396次 - 检测到未授权文件修改: /workspace/.opencode/skills/no-unauthorized-write/SKILL.md
[2026-08-11 08:13:24] 检测到未授权写入: /workspace/.opencode/skills/no-unauthorized-write/SKILL.md
[2026-08-11 08:13:24] 违规已记录: 第397次 - 检测到未授权文件修改: /workspace/.opencode/skills/no-unauthorized-write/SKILL.md
[2026-08-11 08:13:24] 检测到未授权写入: /workspace/.opencode/skills/no-unauthorized-write/SKILL.md
[2026-08-11 08:13:24] 违规已记录: 第398次 - 检测到未授权文件修改: /workspace/.opencode/skills/no-unauthorized-write/SKILL.md
[2026-08-11 08:13:24] 检测到未授权写入: /workspace/.opencode/skills/no-unauthorized-write/SKILL.md
[2026-08-11 08:13:24] 违规已记录: 第399次 - 检测到未授权文件修改: /workspace/.opencode/skills/no-unauthorized-write/SKILL.md
[2026-08-11 08:13:24] 检测到未授权写入: /workspace/.opencode/skills/no-unauthorized-write/SKILL.md
[2026-08-11 08:13:24] 违规已记录: 第400次 - 检测到未授权文件修改: /workspace/.opencode/skills/no-unauthorized-write/SKILL.md
[2026-08-11 08:13:24] 检测到未授权写入: /workspace/.opencode/skills/no-unauthorized-write/SKILL.md
[2026-08-11 08:13:24] 违规已记录: 第401次 - 检测到未授权文件修改: /workspace/.opencode/skills/no-unauthorized-write/SKILL.md
[2026-08-11 08:13:25] 检测到未授权写入: /workspace/.opencode/skills/no-unauthorized-write/SKILL.md
[2026-08-11 08:13:25] 违规已记录: 第402次 - 检测到未授权文件修改: /workspace/.opencode/skills/no-unauthorized-write/SKILL.md
[2026-08-11 08:13:25] 检测到未授权写入: /workspace/.opencode/skills/no-unauthorized-write/SKILL.md
[2026-08-11 08:13:25] 违规已记录: 第403次 - 检测到未授权文件修改: /workspace/.opencode/skills/no-unauthorized-write/SKILL.md
[2026-08-11 08:13:25] 检测到未授权写入: /workspace/.opencode/skills/no-unauthorized-write/SKILL.md
[2026-08-11 08:13:25] 违规已记录: 第404次 - 检测到未授权文件修改: /workspace/.opencode/skills/no-unauthorized-write/SKILL.md
[2026-08-11 08:13:25] 检测到未授权写入: /workspace/.opencode/skills/no-unauthorized-write/SKILL.md
[2026-08-11 08:13:25] 违规已记录: 第405次 - 检测到未授权文件修改: /workspace/.opencode/skills/no-unauthorized-write/SKILL.md
[2026-08-11 08:13:25] 检测到未授权写入: /workspace/.opencode/skills/no-unauthorized-write/SKILL.md
[2026-08-11 08:13:25] 违规已记录: 第406次 - 检测到未授权文件修改: /workspace/.opencode/skills/no-unauthorized-write/SKILL.md
[2026-08-11 08:13:25] 检测到未授权写入: /workspace/.opencode/skills/no-unauthorized-write/SKILL.md
[2026-08-11 08:13:25] 违规已记录: 第407次 - 检测到未授权文件修改: /workspace/.opencode/skills/no-unauthorized-write/SKILL.md
[2026-08-11 08:13:25] 检测到未授权写入: /workspace/.opencode/skills/no-unauthorized-write/SKILL.md
[2026-08-11 08:13:25] 违规已记录: 第408次 - 检测到未授权文件修改: /workspace/.opencode/skills/no-unauthorized-write/SKILL.md
[2026-08-11 08:13:25] 检测到未授权写入: /workspace/.opencode/skills/no-unauthorized-write/SKILL.md
[2026-08-11 08:13:25] 违规已记录: 第409次 - 检测到未授权文件修改: /workspace/.opencode/skills/no-unauthorized-write/SKILL.md
[2026-08-11 08:13:25] 检测到未授权写入: /workspace/.opencode/skills/no-unauthorized-write/SKILL.md
[2026-08-11 08:13:25] 违规已记录: 第410次 - 检测到未授权文件修改: /workspace/.opencode/skills/no-unauthorized-write/SKILL.md
[2026-08-11 08:13:26] 检测到未授权写入: /workspace/.opencode/skills/no-unauthorized-write/SKILL.md
[2026-08-11 08:13:26] 违规已记录: 第411次 - 检测到未授权文件修改: /workspace/.opencode/skills/no-unauthorized-write/SKILL.md
[2026-08-11 08:13:26] 检测到未授权写入: /workspace/.opencode/skills/no-unauthorized-write/SKILL.md
[2026-08-11 08:13:26] 违规已记录: 第412次 - 检测到未授权文件修改: /workspace/.opencode/skills/no-unauthorized-write/SKILL.md
[2026-08-11 08:13:26] 检测到未授权写入: /workspace/.opencode/skills/no-unauthorized-write/SKILL.md
[2026-08-11 08:13:26] 违规已记录: 第413次 - 检测到未授权文件修改: /workspace/.opencode/skills/no-unauthorized-write/SKILL.md
[2026-08-11 08:13:26] 检测到未授权写入: /workspace/.opencode/skills/no-unauthorized-write/SKILL.md
[2026-08-11 08:13:26] 违规已记录: 第414次 - 检测到未授权文件修改: /workspace/.opencode/skills/no-unauthorized-write/SKILL.md
[2026-08-11 08:13:26] 检测到未授权写入: /workspace/.opencode/skills/no-unauthorized-write/SKILL.md
[2026-08-11 08:13:26] 违规已记录: 第415次 - 检测到未授权文件修改: /workspace/.opencode/skills/no-unauthorized-write/SKILL.md
[2026-08-11 08:13:26] 检测到未授权写入: /workspace/.opencode/skills/no-unauthorized-write/SKILL.md
[2026-08-11 08:13:26] 违规已记录: 第416次 - 检测到未授权文件修改: /workspace/.opencode/skills/no-unauthorized-write/SKILL.md
[2026-08-11 08:13:26] 检测到未授权写入: /workspace/.opencode/skills/no-unauthorized-write/SKILL.md
[2026-08-11 08:13:26] 违规已记录: 第417次 - 检测到未授权文件修改: /workspace/.opencode/skills/no-unauthorized-write/SKILL.md
[2026-08-11 08:13:26] 检测到未授权写入: /workspace/.opencode/skills/no-unauthorized-write/SKILL.md
[2026-08-11 08:13:26] 违规已记录: 第418次 - 检测到未授权文件修改: /workspace/.opencode/skills/no-unauthorized-write/SKILL.md
[2026-08-11 08:13:26] 检测到未授权写入: /workspace/.opencode/skills/no-unauthorized-write/SKILL.md
[2026-08-11 08:13:26] 违规已记录: 第419次 - 检测到未授权文件修改: /workspace/.opencode/skills/no-unauthorized-write/SKILL.md
[2026-08-11 08:13:26] 检测到未授权写入: /workspace/.opencode/skills/no-unauthorized-write/SKILL.md
[2026-08-11 08:13:26] 违规已记录: 第420次 - 检测到未授权文件修改: /workspace/.opencode/skills/no-unauthorized-write/SKILL.md
[2026-08-11 08:13:27] 检测到未授权写入: /workspace/.opencode/skills/no-unauthorized-write/SKILL.md
[2026-08-11 08:13:27] 违规已记录: 第421次 - 检测到未授权文件修改: /workspace/.opencode/skills/no-unauthorized-write/SKILL.md
[2026-08-11 08:13:27] 检测到未授权写入: /workspace/.opencode/skills/no-unauthorized-write/SKILL.md
[2026-08-11 08:13:27] 违规已记录: 第422次 - 检测到未授权文件修改: /workspace/.opencode/skills/no-unauthorized-write/SKILL.md
[2026-08-11 08:13:27] 检测到未授权写入: /workspace/.opencode/skills/no-unauthorized-write/SKILL.md
[2026-08-11 08:13:27] 违规已记录: 第423次 - 检测到未授权文件修改: /workspace/.opencode/skills/no-unauthorized-write/SKILL.md
[2026-08-11 08:13:27] 检测到未授权写入: /workspace/.opencode/skills/no-unauthorized-write/SKILL.md
[2026-08-11 08:13:27] 违规已记录: 第424次 - 检测到未授权文件修改: /workspace/.opencode/skills/no-unauthorized-write/SKILL.md
[2026-08-11 08:13:27] 检测到未授权写入: /workspace/.opencode/skills/no-unauthorized-write/SKILL.md
[2026-08-11 08:13:27] 违规已记录: 第425次 - 检测到未授权文件修改: /workspace/.opencode/skills/no-unauthorized-write/SKILL.md
[2026-08-11 08:13:27] 检测到未授权写入: /workspace/.opencode/skills/no-unauthorized-write/SKILL.md
[2026-08-11 08:13:27] 违规已记录: 第426次 - 检测到未授权文件修改: /workspace/.opencode/skills/no-unauthorized-write/SKILL.md
[2026-08-11 08:13:27] 检测到未授权写入: /workspace/.opencode/skills/no-unauthorized-write/SKILL.md
[2026-08-11 08:13:27] 违规已记录: 第427次 - 检测到未授权文件修改: /workspace/.opencode/skills/no-unauthorized-write/SKILL.md
[2026-08-11 08:13:27] 检测到未授权写入: /workspace/.opencode/skills/no-unauthorized-write/SKILL.md
[2026-08-11 08:13:27] 违规已记录: 第428次 - 检测到未授权文件修改: /workspace/.opencode/skills/no-unauthorized-write/SKILL.md
[2026-08-11 08:13:27] 检测到未授权写入: /workspace/.opencode/skills/no-unauthorized-write/SKILL.md
[2026-08-11 08:13:27] 违规已记录: 第429次 - 检测到未授权文件修改: /workspace/.opencode/skills/no-unauthorized-write/SKILL.md
[2026-08-11 08:13:28] 检测到未授权写入: /workspace/.opencode/skills/no-unauthorized-write/SKILL.md
[2026-08-11 08:13:28] 违规已记录: 第430次 - 检测到未授权文件修改: /workspace/.opencode/skills/no-unauthorized-write/SKILL.md
[2026-08-11 08:13:28] 检测到未授权写入: /workspace/.opencode/skills/no-unauthorized-write/SKILL.md
[2026-08-11 08:13:28] 违规已记录: 第431次 - 检测到未授权文件修改: /workspace/.opencode/skills/no-unauthorized-write/SKILL.md
[2026-08-11 08:13:28] 检测到未授权写入: /workspace/.opencode/skills/no-unauthorized-write/SKILL.md
[2026-08-11 08:13:28] 违规已记录: 第432次 - 检测到未授权文件修改: /workspace/.opencode/skills/no-unauthorized-write/SKILL.md
[2026-08-11 08:13:28] 检测到未授权写入: /workspace/.opencode/skills/no-unauthorized-write/SKILL.md
[2026-08-11 08:13:28] 违规已记录: 第433次 - 检测到未授权文件修改: /workspace/.opencode/skills/no-unauthorized-write/SKILL.md
[2026-08-11 08:13:28] 检测到未授权写入: /workspace/.opencode/skills/no-unauthorized-write/SKILL.md
[2026-08-11 08:13:28] 违规已记录: 第434次 - 检测到未授权文件修改: /workspace/.opencode/skills/no-unauthorized-write/SKILL.md
[2026-08-11 08:13:28] 检测到未授权写入: /workspace/.opencode/skills/no-unauthorized-write/SKILL.md
[2026-08-11 08:13:28] 违规已记录: 第435次 - 检测到未授权文件修改: /workspace/.opencode/skills/no-unauthorized-write/SKILL.md
[2026-08-11 08:13:28] 检测到未授权写入: /workspace/.opencode/skills/no-unauthorized-write/SKILL.md
[2026-08-11 08:13:28] 违规已记录: 第436次 - 检测到未授权文件修改: /workspace/.opencode/skills/no-unauthorized-write/SKILL.md
[2026-08-11 08:13:28] 检测到未授权写入: /workspace/.opencode/skills/no-unauthorized-write/SKILL.md
[2026-08-11 08:13:28] 违规已记录: 第437次 - 检测到未授权文件修改: /workspace/.opencode/skills/no-unauthorized-write/SKILL.md
[2026-08-11 08:13:28] 检测到未授权写入: /workspace/.opencode/skills/no-unauthorized-write/SKILL.md
[2026-08-11 08:13:28] 违规已记录: 第438次 - 检测到未授权文件修改: /workspace/.opencode/skills/no-unauthorized-write/SKILL.md
[2026-08-11 08:13:28] 检测到未授权写入: /workspace/.opencode/skills/no-unauthorized-write/SKILL.md
[2026-08-11 08:13:28] 违规已记录: 第439次 - 检测到未授权文件修改: /workspace/.opencode/skills/no-unauthorized-write/SKILL.md
[2026-08-11 08:13:29] 检测到未授权写入: /workspace/.opencode/skills/no-unauthorized-write/SKILL.md
[2026-08-11 08:13:29] 违规已记录: 第440次 - 检测到未授权文件修改: /workspace/.opencode/skills/no-unauthorized-write/SKILL.md
[2026-08-11 08:13:29] 检测到未授权写入: /workspace/.opencode/skills/no-unauthorized-write/SKILL.md
[2026-08-11 08:13:29] 违规已记录: 第441次 - 检测到未授权文件修改: /workspace/.opencode/skills/no-unauthorized-write/SKILL.md
[2026-08-11 08:13:29] 检测到未授权写入: /workspace/.opencode/skills/no-unauthorized-write/SKILL.md
[2026-08-11 08:13:29] 违规已记录: 第442次 - 检测到未授权文件修改: /workspace/.opencode/skills/no-unauthorized-write/SKILL.md
[2026-08-11 08:13:29] 检测到未授权写入: /workspace/.opencode/skills/no-unauthorized-write/SKILL.md
[2026-08-11 08:13:29] 违规已记录: 第443次 - 检测到未授权文件修改: /workspace/.opencode/skills/no-unauthorized-write/SKILL.md
[2026-08-11 08:13:29] 检测到未授权写入: /workspace/.opencode/skills/no-unauthorized-write/SKILL.md
[2026-08-11 08:13:29] 违规已记录: 第444次 - 检测到未授权文件修改: /workspace/.opencode/skills/no-unauthorized-write/SKILL.md
[2026-08-11 08:13:29] 检测到未授权写入: /workspace/.opencode/skills/no-unauthorized-write/SKILL.md
[2026-08-11 08:13:29] 违规已记录: 第445次 - 检测到未授权文件修改: /workspace/.opencode/skills/no-unauthorized-write/SKILL.md
[2026-08-11 08:13:29] 检测到未授权写入: /workspace/.opencode/skills/no-unauthorized-write/SKILL.md
[2026-08-11 08:13:29] 违规已记录: 第446次 - 检测到未授权文件修改: /workspace/.opencode/skills/no-unauthorized-write/SKILL.md
[2026-08-11 08:13:29] 检测到未授权写入: /workspace/.opencode/skills/no-unauthorized-write/SKILL.md
[2026-08-11 08:13:29] 违规已记录: 第447次 - 检测到未授权文件修改: /workspace/.opencode/skills/no-unauthorized-write/SKILL.md
[2026-08-11 08:13:29] 检测到未授权写入: /workspace/.opencode/skills/no-unauthorized-write/SKILL.md
[2026-08-11 08:13:29] 违规已记录: 第448次 - 检测到未授权文件修改: /workspace/.opencode/skills/no-unauthorized-write/SKILL.md
[2026-08-11 08:13:30] 检测到未授权写入: /workspace/.opencode/skills/no-unauthorized-write/SKILL.md
[2026-08-11 08:13:30] 违规已记录: 第449次 - 检测到未授权文件修改: /workspace/.opencode/skills/no-unauthorized-write/SKILL.md
[2026-08-11 08:13:30] 检测到未授权写入: /workspace/.opencode/skills/no-unauthorized-write/SKILL.md
[2026-08-11 08:13:30] 违规已记录: 第450次 - 检测到未授权文件修改: /workspace/.opencode/skills/no-unauthorized-write/SKILL.md
[2026-08-11 08:13:30] 检测到未授权写入: /workspace/.opencode/skills/no-unauthorized-write/SKILL.md
[2026-08-11 08:13:30] 违规已记录: 第451次 - 检测到未授权文件修改: /workspace/.opencode/skills/no-unauthorized-write/SKILL.md
[2026-08-11 08:13:30] 检测到未授权写入: /workspace/.opencode/skills/no-unauthorized-write/SKILL.md
[2026-08-11 08:13:30] 违规已记录: 第452次 - 检测到未授权文件修改: /workspace/.opencode/skills/no-unauthorized-write/SKILL.md
[2026-08-11 08:13:30] 检测到未授权写入: /workspace/.opencode/skills/no-unauthorized-write/SKILL.md
[2026-08-11 08:13:30] 违规已记录: 第453次 - 检测到未授权文件修改: /workspace/.opencode/skills/no-unauthorized-write/SKILL.md
[2026-08-11 08:13:30] 检测到未授权写入: /workspace/.opencode/skills/no-unauthorized-write/SKILL.md
[2026-08-11 08:13:30] 违规已记录: 第454次 - 检测到未授权文件修改: /workspace/.opencode/skills/no-unauthorized-write/SKILL.md
[2026-08-11 08:13:30] 检测到未授权写入: /workspace/.opencode/skills/no-unauthorized-write/SKILL.md
[2026-08-11 08:13:30] 违规已记录: 第455次 - 检测到未授权文件修改: /workspace/.opencode/skills/no-unauthorized-write/SKILL.md
[2026-08-11 08:13:30] 检测到未授权写入: /workspace/.opencode/skills/no-unauthorized-write/SKILL.md
[2026-08-11 08:13:30] 违规已记录: 第456次 - 检测到未授权文件修改: /workspace/.opencode/skills/no-unauthorized-write/SKILL.md
[2026-08-11 08:13:30] 检测到未授权写入: /workspace/.opencode/skills/no-unauthorized-write/SKILL.md
[2026-08-11 08:13:30] 违规已记录: 第457次 - 检测到未授权文件修改: /workspace/.opencode/skills/no-unauthorized-write/SKILL.md
[2026-08-11 08:13:30] 检测到未授权写入: /workspace/.opencode/skills/no-unauthorized-write/SKILL.md
[2026-08-11 08:13:30] 违规已记录: 第458次 - 检测到未授权文件修改: /workspace/.opencode/skills/no-unauthorized-write/SKILL.md
[2026-08-11 08:13:31] 检测到未授权写入: /workspace/.opencode/skills/no-unauthorized-write/SKILL.md
[2026-08-11 08:13:31] 违规已记录: 第459次 - 检测到未授权文件修改: /workspace/.opencode/skills/no-unauthorized-write/SKILL.md
[2026-08-11 08:13:31] 检测到未授权写入: /workspace/.opencode/skills/no-unauthorized-write/SKILL.md
[2026-08-11 08:13:31] 违规已记录: 第460次 - 检测到未授权文件修改: /workspace/.opencode/skills/no-unauthorized-write/SKILL.md
[2026-08-11 08:13:31] 检测到未授权写入: /workspace/.opencode/skills/no-unauthorized-write/SKILL.md
[2026-08-11 08:13:31] 违规已记录: 第461次 - 检测到未授权文件修改: /workspace/.opencode/skills/no-unauthorized-write/SKILL.md
[2026-08-11 08:13:31] 检测到未授权写入: /workspace/.opencode/skills/no-unauthorized-write/SKILL.md
[2026-08-11 08:13:31] 违规已记录: 第462次 - 检测到未授权文件修改: /workspace/.opencode/skills/no-unauthorized-write/SKILL.md
[2026-08-11 08:13:31] 检测到未授权写入: /workspace/.opencode/skills/no-unauthorized-write/SKILL.md
[2026-08-11 08:13:31] 违规已记录: 第463次 - 检测到未授权文件修改: /workspace/.opencode/skills/no-unauthorized-write/SKILL.md
[2026-08-11 08:13:31] 检测到未授权写入: /workspace/.opencode/skills/no-unauthorized-write/SKILL.md
[2026-08-11 08:13:31] 违规已记录: 第464次 - 检测到未授权文件修改: /workspace/.opencode/skills/no-unauthorized-write/SKILL.md
[2026-08-11 08:13:31] 检测到未授权写入: /workspace/.opencode/skills/no-unauthorized-write/SKILL.md
[2026-08-11 08:13:31] 违规已记录: 第465次 - 检测到未授权文件修改: /workspace/.opencode/skills/no-unauthorized-write/SKILL.md
[2026-08-11 08:13:31] 检测到未授权写入: /workspace/.opencode/skills/no-unauthorized-write/SKILL.md
[2026-08-11 08:13:31] 违规已记录: 第466次 - 检测到未授权文件修改: /workspace/.opencode/skills/no-unauthorized-write/SKILL.md
[2026-08-11 08:13:31] 检测到未授权写入: /workspace/.opencode/skills/no-unauthorized-write/SKILL.md
[2026-08-11 08:13:31] 违规已记录: 第467次 - 检测到未授权文件修改: /workspace/.opencode/skills/no-unauthorized-write/SKILL.md
[2026-08-11 08:13:32] 检测到未授权写入: /workspace/.opencode/skills/no-unauthorized-write/SKILL.md
[2026-08-11 08:13:32] 违规已记录: 第468次 - 检测到未授权文件修改: /workspace/.opencode/skills/no-unauthorized-write/SKILL.md
[2026-08-11 08:13:32] 检测到未授权写入: /workspace/.opencode/skills/no-unauthorized-write/SKILL.md
[2026-08-11 08:13:32] 违规已记录: 第469次 - 检测到未授权文件修改: /workspace/.opencode/skills/no-unauthorized-write/SKILL.md
[2026-08-11 08:13:32] 检测到未授权写入: /workspace/.opencode/skills/no-unauthorized-write/SKILL.md
[2026-08-11 08:13:32] 违规已记录: 第470次 - 检测到未授权文件修改: /workspace/.opencode/skills/no-unauthorized-write/SKILL.md
[2026-08-11 08:13:32] 检测到未授权写入: /workspace/.opencode/skills/no-unauthorized-write/SKILL.md
[2026-08-11 08:13:32] 违规已记录: 第471次 - 检测到未授权文件修改: /workspace/.opencode/skills/no-unauthorized-write/SKILL.md
[2026-08-11 08:13:32] 检测到未授权写入: /workspace/.opencode/skills/no-unauthorized-write/SKILL.md
[2026-08-11 08:13:32] 违规已记录: 第472次 - 检测到未授权文件修改: /workspace/.opencode/skills/no-unauthorized-write/SKILL.md
[2026-08-11 08:13:32] 检测到未授权写入: /workspace/.opencode/skills/no-unauthorized-write/SKILL.md
[2026-08-11 08:13:32] 违规已记录: 第473次 - 检测到未授权文件修改: /workspace/.opencode/skills/no-unauthorized-write/SKILL.md
[2026-08-11 08:13:32] 检测到未授权写入: /workspace/.opencode/skills/no-unauthorized-write/SKILL.md
[2026-08-11 08:13:32] 违规已记录: 第474次 - 检测到未授权文件修改: /workspace/.opencode/skills/no-unauthorized-write/SKILL.md
[2026-08-11 08:13:32] 检测到未授权写入: /workspace/.opencode/skills/no-unauthorized-write/SKILL.md
[2026-08-11 08:13:32] 违规已记录: 第475次 - 检测到未授权文件修改: /workspace/.opencode/skills/no-unauthorized-write/SKILL.md
[2026-08-11 08:13:32] 检测到未授权写入: /workspace/.opencode/skills/no-unauthorized-write/SKILL.md
[2026-08-11 08:13:32] 违规已记录: 第476次 - 检测到未授权文件修改: /workspace/.opencode/skills/no-unauthorized-write/SKILL.md
[2026-08-11 08:13:32] 检测到未授权写入: /workspace/.opencode/skills/no-unauthorized-write/SKILL.md
[2026-08-11 08:13:32] 违规已记录: 第477次 - 检测到未授权文件修改: /workspace/.opencode/skills/no-unauthorized-write/SKILL.md
[2026-08-11 08:13:33] 检测到未授权写入: /workspace/.opencode/skills/no-unauthorized-write/SKILL.md
[2026-08-11 08:13:33] 违规已记录: 第478次 - 检测到未授权文件修改: /workspace/.opencode/skills/no-unauthorized-write/SKILL.md
[2026-08-11 08:13:33] 检测到未授权写入: /workspace/.opencode/skills/no-unauthorized-write/SKILL.md
[2026-08-11 08:13:33] 违规已记录: 第479次 - 检测到未授权文件修改: /workspace/.opencode/skills/no-unauthorized-write/SKILL.md
[2026-08-11 08:13:33] 检测到未授权写入: /workspace/.opencode/skills/no-unauthorized-write/SKILL.md
[2026-08-11 08:13:33] 违规已记录: 第480次 - 检测到未授权文件修改: /workspace/.opencode/skills/no-unauthorized-write/SKILL.md
[2026-08-11 08:13:33] 检测到未授权写入: /workspace/.opencode/skills/no-unauthorized-write/SKILL.md
[2026-08-11 08:13:33] 违规已记录: 第481次 - 检测到未授权文件修改: /workspace/.opencode/skills/no-unauthorized-write/SKILL.md
[2026-08-11 08:13:33] 检测到未授权写入: /workspace/.opencode/skills/no-unauthorized-write/SKILL.md
[2026-08-11 08:13:33] 违规已记录: 第482次 - 检测到未授权文件修改: /workspace/.opencode/skills/no-unauthorized-write/SKILL.md
[2026-08-11 08:13:33] 检测到未授权写入: /workspace/.opencode/skills/no-unauthorized-write/SKILL.md
[2026-08-11 08:13:33] 违规已记录: 第483次 - 检测到未授权文件修改: /workspace/.opencode/skills/no-unauthorized-write/SKILL.md
[2026-08-11 08:13:33] 检测到未授权写入: /workspace/.opencode/skills/no-unauthorized-write/SKILL.md
[2026-08-11 08:13:33] 违规已记录: 第484次 - 检测到未授权文件修改: /workspace/.opencode/skills/no-unauthorized-write/SKILL.md
[2026-08-11 08:13:33] 检测到未授权写入: /workspace/.opencode/skills/no-unauthorized-write/SKILL.md
[2026-08-11 08:13:33] 违规已记录: 第485次 - 检测到未授权文件修改: /workspace/.opencode/skills/no-unauthorized-write/SKILL.md
[2026-08-11 08:13:33] 检测到未授权写入: /workspace/.opencode/skills/no-unauthorized-write/SKILL.md
[2026-08-11 08:13:33] 违规已记录: 第486次 - 检测到未授权文件修改: /workspace/.opencode/skills/no-unauthorized-write/SKILL.md
[2026-08-11 08:13:34] 检测到未授权写入: /workspace/.opencode/skills/no-unauthorized-write/SKILL.md
[2026-08-11 08:13:34] 违规已记录: 第487次 - 检测到未授权文件修改: /workspace/.opencode/skills/no-unauthorized-write/SKILL.md
[2026-08-11 08:13:34] 检测到未授权写入: /workspace/.opencode/skills/no-unauthorized-write/SKILL.md
[2026-08-11 08:13:34] 违规已记录: 第488次 - 检测到未授权文件修改: /workspace/.opencode/skills/no-unauthorized-write/SKILL.md
[2026-08-11 08:13:34] 检测到未授权写入: /workspace/.opencode/skills/no-unauthorized-write/SKILL.md
[2026-08-11 08:13:34] 违规已记录: 第489次 - 检测到未授权文件修改: /workspace/.opencode/skills/no-unauthorized-write/SKILL.md
[2026-08-11 08:13:34] 检测到未授权写入: /workspace/.opencode/skills/no-unauthorized-write/SKILL.md
[2026-08-11 08:13:34] 违规已记录: 第490次 - 检测到未授权文件修改: /workspace/.opencode/skills/no-unauthorized-write/SKILL.md
[2026-08-11 08:13:34] 检测到未授权写入: /workspace/.opencode/skills/no-unauthorized-write/SKILL.md
[2026-08-11 08:13:34] 违规已记录: 第491次 - 检测到未授权文件修改: /workspace/.opencode/skills/no-unauthorized-write/SKILL.md
[2026-08-11 08:13:34] 检测到未授权写入: /workspace/.opencode/skills/no-unauthorized-write/SKILL.md
[2026-08-11 08:13:34] 违规已记录: 第492次 - 检测到未授权文件修改: /workspace/.opencode/skills/no-unauthorized-write/SKILL.md
[2026-08-11 08:13:34] 检测到未授权写入: /workspace/.opencode/skills/no-unauthorized-write/SKILL.md
[2026-08-11 08:13:34] 违规已记录: 第493次 - 检测到未授权文件修改: /workspace/.opencode/skills/no-unauthorized-write/SKILL.md
[2026-08-11 08:13:34] 检测到未授权写入: /workspace/.opencode/skills/no-unauthorized-write/SKILL.md
[2026-08-11 08:13:34] 违规已记录: 第494次 - 检测到未授权文件修改: /workspace/.opencode/skills/no-unauthorized-write/SKILL.md
[2026-08-11 08:13:34] 检测到未授权写入: /workspace/.opencode/skills/no-unauthorized-write/SKILL.md
[2026-08-11 08:13:34] 违规已记录: 第495次 - 检测到未授权文件修改: /workspace/.opencode/skills/no-unauthorized-write/SKILL.md
[2026-08-11 08:13:34] 检测到未授权写入: /workspace/.opencode/skills/no-unauthorized-write/SKILL.md
[2026-08-11 08:13:34] 违规已记录: 第496次 - 检测到未授权文件修改: /workspace/.opencode/skills/no-unauthorized-write/SKILL.md
[2026-08-11 08:13:35] 检测到未授权写入: /workspace/.opencode/skills/no-unauthorized-write/SKILL.md
[2026-08-11 08:13:35] 违规已记录: 第497次 - 检测到未授权文件修改: /workspace/.opencode/skills/no-unauthorized-write/SKILL.md
[2026-08-11 08:13:35] 检测到未授权写入: /workspace/.opencode/skills/no-unauthorized-write/SKILL.md
[2026-08-11 08:13:35] 违规已记录: 第498次 - 检测到未授权文件修改: /workspace/.opencode/skills/no-unauthorized-write/SKILL.md
[2026-08-11 08:13:35] 检测到未授权写入: /workspace/.opencode/skills/no-unauthorized-write/SKILL.md
[2026-08-11 08:13:35] 违规已记录: 第499次 - 检测到未授权文件修改: /workspace/.opencode/skills/no-unauthorized-write/SKILL.md
[2026-08-11 08:13:35] 检测到未授权写入: /workspace/.opencode/skills/no-unauthorized-write/SKILL.md
[2026-08-11 08:13:35] 违规已记录: 第500次 - 检测到未授权文件修改: /workspace/.opencode/skills/no-unauthorized-write/SKILL.md
[2026-08-11 08:13:35] 检测到未授权写入: /workspace/.opencode/skills/no-unauthorized-write/SKILL.md
[2026-08-11 08:13:35] 违规已记录: 第501次 - 检测到未授权文件修改: /workspace/.opencode/skills/no-unauthorized-write/SKILL.md
[2026-08-11 08:13:35] 检测到未授权写入: /workspace/.opencode/skills/no-unauthorized-write/SKILL.md
[2026-08-11 08:13:35] 违规已记录: 第502次 - 检测到未授权文件修改: /workspace/.opencode/skills/no-unauthorized-write/SKILL.md
[2026-08-11 08:13:35] 检测到未授权写入: /workspace/.opencode/skills/no-unauthorized-write/SKILL.md
[2026-08-11 08:13:35] 违规已记录: 第503次 - 检测到未授权文件修改: /workspace/.opencode/skills/no-unauthorized-write/SKILL.md
[2026-08-11 08:13:35] 检测到未授权写入: /workspace/.opencode/skills/no-unauthorized-write/SKILL.md
[2026-08-11 08:13:35] 违规已记录: 第504次 - 检测到未授权文件修改: /workspace/.opencode/skills/no-unauthorized-write/SKILL.md
[2026-08-11 08:13:35] 检测到未授权写入: /workspace/.opencode/skills/no-unauthorized-write/SKILL.md
[2026-08-11 08:13:35] 违规已记录: 第505次 - 检测到未授权文件修改: /workspace/.opencode/skills/no-unauthorized-write/SKILL.md
[2026-08-11 08:13:36] 检测到未授权写入: /workspace/.opencode/skills/no-unauthorized-write/SKILL.md
[2026-08-11 08:13:36] 违规已记录: 第506次 - 检测到未授权文件修改: /workspace/.opencode/skills/no-unauthorized-write/SKILL.md
[2026-08-11 08:13:36] 检测到未授权写入: /workspace/.opencode/skills/no-unauthorized-write/SKILL.md
[2026-08-11 08:13:36] 违规已记录: 第507次 - 检测到未授权文件修改: /workspace/.opencode/skills/no-unauthorized-write/SKILL.md
[2026-08-11 08:13:36] 检测到未授权写入: /workspace/.opencode/skills/no-unauthorized-write/SKILL.md
[2026-08-11 08:13:36] 违规已记录: 第508次 - 检测到未授权文件修改: /workspace/.opencode/skills/no-unauthorized-write/SKILL.md
[2026-08-11 08:13:36] 检测到未授权写入: /workspace/.opencode/skills/no-unauthorized-write/SKILL.md
[2026-08-11 08:13:36] 违规已记录: 第509次 - 检测到未授权文件修改: /workspace/.opencode/skills/no-unauthorized-write/SKILL.md
[2026-08-11 08:13:36] 检测到未授权写入: /workspace/.opencode/skills/no-unauthorized-write/SKILL.md
[2026-08-11 08:13:36] 违规已记录: 第510次 - 检测到未授权文件修改: /workspace/.opencode/skills/no-unauthorized-write/SKILL.md
[2026-08-11 08:13:36] 检测到未授权写入: /workspace/.opencode/skills/no-unauthorized-write/SKILL.md
[2026-08-11 08:13:36] 违规已记录: 第511次 - 检测到未授权文件修改: /workspace/.opencode/skills/no-unauthorized-write/SKILL.md
[2026-08-11 08:13:36] 检测到未授权写入: /workspace/.opencode/skills/no-unauthorized-write/SKILL.md
[2026-08-11 08:13:36] 违规已记录: 第512次 - 检测到未授权文件修改: /workspace/.opencode/skills/no-unauthorized-write/SKILL.md
[2026-08-11 08:13:36] 检测到未授权写入: /workspace/.opencode/skills/no-unauthorized-write/SKILL.md
[2026-08-11 08:13:36] 违规已记录: 第513次 - 检测到未授权文件修改: /workspace/.opencode/skills/no-unauthorized-write/SKILL.md
[2026-08-11 08:13:36] 检测到未授权写入: /workspace/.opencode/skills/no-unauthorized-write/SKILL.md
[2026-08-11 08:13:36] 违规已记录: 第514次 - 检测到未授权文件修改: /workspace/.opencode/skills/no-unauthorized-write/SKILL.md
[2026-08-11 08:13:36] 检测到未授权写入: /workspace/.opencode/skills/no-unauthorized-write/SKILL.md
[2026-08-11 08:13:36] 违规已记录: 第515次 - 检测到未授权文件修改: /workspace/.opencode/skills/no-unauthorized-write/SKILL.md
[2026-08-11 08:13:37] 检测到未授权写入: /workspace/.opencode/skills/no-unauthorized-write/SKILL.md
[2026-08-11 08:13:37] 违规已记录: 第516次 - 检测到未授权文件修改: /workspace/.opencode/skills/no-unauthorized-write/SKILL.md
[2026-08-11 08:13:37] 检测到未授权写入: /workspace/.opencode/skills/no-unauthorized-write/SKILL.md
[2026-08-11 08:13:37] 违规已记录: 第517次 - 检测到未授权文件修改: /workspace/.opencode/skills/no-unauthorized-write/SKILL.md
[2026-08-11 08:13:37] 检测到未授权写入: /workspace/.opencode/skills/no-unauthorized-write/SKILL.md
[2026-08-11 08:13:37] 违规已记录: 第518次 - 检测到未授权文件修改: /workspace/.opencode/skills/no-unauthorized-write/SKILL.md
[2026-08-11 08:13:37] 检测到未授权写入: /workspace/.opencode/skills/no-unauthorized-write/SKILL.md
[2026-08-11 08:13:37] 违规已记录: 第519次 - 检测到未授权文件修改: /workspace/.opencode/skills/no-unauthorized-write/SKILL.md
[2026-08-11 08:13:37] 检测到未授权写入: /workspace/.opencode/skills/no-unauthorized-write/SKILL.md
[2026-08-11 08:13:37] 违规已记录: 第520次 - 检测到未授权文件修改: /workspace/.opencode/skills/no-unauthorized-write/SKILL.md
[2026-08-11 08:13:37] 检测到未授权写入: /workspace/.opencode/skills/no-unauthorized-write/SKILL.md
[2026-08-11 08:13:37] 违规已记录: 第521次 - 检测到未授权文件修改: /workspace/.opencode/skills/no-unauthorized-write/SKILL.md
[2026-08-11 08:13:37] 检测到未授权写入: /workspace/.opencode/skills/no-unauthorized-write/SKILL.md
[2026-08-11 08:13:37] 违规已记录: 第522次 - 检测到未授权文件修改: /workspace/.opencode/skills/no-unauthorized-write/SKILL.md
[2026-08-11 08:13:37] 检测到未授权写入: /workspace/.opencode/skills/no-unauthorized-write/SKILL.md
[2026-08-11 08:13:37] 违规已记录: 第523次 - 检测到未授权文件修改: /workspace/.opencode/skills/no-unauthorized-write/SKILL.md
[2026-08-11 08:13:37] 检测到未授权写入: /workspace/.opencode/skills/no-unauthorized-write/SKILL.md
[2026-08-11 08:13:37] 违规已记录: 第524次 - 检测到未授权文件修改: /workspace/.opencode/skills/no-unauthorized-write/SKILL.md
[2026-08-11 08:13:38] 检测到未授权写入: /workspace/.opencode/skills/no-unauthorized-write/SKILL.md
[2026-08-11 08:13:38] 违规已记录: 第525次 - 检测到未授权文件修改: /workspace/.opencode/skills/no-unauthorized-write/SKILL.md
[2026-08-11 08:13:38] 检测到未授权写入: /workspace/.opencode/skills/no-unauthorized-write/SKILL.md
[2026-08-11 08:13:38] 违规已记录: 第526次 - 检测到未授权文件修改: /workspace/.opencode/skills/no-unauthorized-write/SKILL.md
[2026-08-11 08:13:38] 检测到未授权写入: /workspace/.opencode/skills/no-unauthorized-write/SKILL.md
[2026-08-11 08:13:38] 违规已记录: 第527次 - 检测到未授权文件修改: /workspace/.opencode/skills/no-unauthorized-write/SKILL.md
[2026-08-11 08:13:38] 检测到未授权写入: /workspace/.opencode/skills/no-unauthorized-write/SKILL.md
[2026-08-11 08:13:38] 违规已记录: 第528次 - 检测到未授权文件修改: /workspace/.opencode/skills/no-unauthorized-write/SKILL.md
[2026-08-11 08:13:38] 检测到未授权写入: /workspace/.opencode/skills/no-unauthorized-write/SKILL.md
[2026-08-11 08:13:38] 违规已记录: 第529次 - 检测到未授权文件修改: /workspace/.opencode/skills/no-unauthorized-write/SKILL.md
[2026-08-11 08:13:38] 检测到未授权写入: /workspace/.opencode/skills/no-unauthorized-write/SKILL.md
[2026-08-11 08:13:38] 违规已记录: 第530次 - 检测到未授权文件修改: /workspace/.opencode/skills/no-unauthorized-write/SKILL.md
[2026-08-11 08:13:38] 检测到未授权写入: /workspace/.opencode/skills/no-unauthorized-write/SKILL.md
[2026-08-11 08:13:38] 违规已记录: 第531次 - 检测到未授权文件修改: /workspace/.opencode/skills/no-unauthorized-write/SKILL.md
[2026-08-11 08:13:38] 检测到未授权写入: /workspace/.opencode/skills/no-unauthorized-write/SKILL.md
[2026-08-11 08:13:38] 违规已记录: 第532次 - 检测到未授权文件修改: /workspace/.opencode/skills/no-unauthorized-write/SKILL.md
[2026-08-11 08:13:38] 检测到未授权写入: /workspace/.opencode/skills/no-unauthorized-write/SKILL.md
[2026-08-11 08:13:38] 违规已记录: 第533次 - 检测到未授权文件修改: /workspace/.opencode/skills/no-unauthorized-write/SKILL.md
[2026-08-11 08:13:38] 检测到未授权写入: /workspace/.opencode/skills/no-unauthorized-write/SKILL.md
[2026-08-11 08:13:38] 违规已记录: 第534次 - 检测到未授权文件修改: /workspace/.opencode/skills/no-unauthorized-write/SKILL.md
[2026-08-11 08:13:39] 检测到未授权写入: /workspace/.opencode/skills/no-unauthorized-write/SKILL.md
[2026-08-11 08:13:39] 违规已记录: 第535次 - 检测到未授权文件修改: /workspace/.opencode/skills/no-unauthorized-write/SKILL.md
[2026-08-11 08:13:39] 检测到未授权写入: /workspace/.opencode/skills/no-unauthorized-write/SKILL.md
[2026-08-11 08:13:39] 违规已记录: 第536次 - 检测到未授权文件修改: /workspace/.opencode/skills/no-unauthorized-write/SKILL.md
[2026-08-11 08:13:39] 检测到未授权写入: /workspace/.opencode/skills/no-unauthorized-write/SKILL.md
[2026-08-11 08:13:39] 违规已记录: 第537次 - 检测到未授权文件修改: /workspace/.opencode/skills/no-unauthorized-write/SKILL.md
[2026-08-11 08:13:39] 检测到未授权写入: /workspace/.opencode/skills/no-unauthorized-write/SKILL.md
[2026-08-11 08:13:39] 违规已记录: 第538次 - 检测到未授权文件修改: /workspace/.opencode/skills/no-unauthorized-write/SKILL.md
[2026-08-11 08:13:39] 检测到未授权写入: /workspace/.opencode/skills/no-unauthorized-write/SKILL.md
[2026-08-11 08:13:39] 违规已记录: 第539次 - 检测到未授权文件修改: /workspace/.opencode/skills/no-unauthorized-write/SKILL.md
[2026-08-11 08:13:39] 检测到未授权写入: /workspace/.opencode/skills/no-unauthorized-write/SKILL.md
[2026-08-11 08:13:39] 违规已记录: 第540次 - 检测到未授权文件修改: /workspace/.opencode/skills/no-unauthorized-write/SKILL.md
[2026-08-11 08:13:39] 检测到未授权写入: /workspace/.opencode/skills/no-unauthorized-write/SKILL.md
[2026-08-11 08:13:39] 违规已记录: 第541次 - 检测到未授权文件修改: /workspace/.opencode/skills/no-unauthorized-write/SKILL.md
[2026-08-11 08:13:39] 检测到未授权写入: /workspace/.opencode/skills/no-unauthorized-write/SKILL.md
[2026-08-11 08:13:39] 违规已记录: 第542次 - 检测到未授权文件修改: /workspace/.opencode/skills/no-unauthorized-write/SKILL.md
[2026-08-11 08:13:39] 检测到未授权写入: /workspace/.opencode/skills/no-unauthorized-write/SKILL.md
[2026-08-11 08:13:39] 违规已记录: 第543次 - 检测到未授权文件修改: /workspace/.opencode/skills/no-unauthorized-write/SKILL.md
[2026-08-11 08:13:40] 检测到未授权写入: /workspace/.opencode/skills/no-unauthorized-write/SKILL.md
[2026-08-11 08:13:40] 违规已记录: 第544次 - 检测到未授权文件修改: /workspace/.opencode/skills/no-unauthorized-write/SKILL.md
[2026-08-11 08:13:40] 检测到未授权写入: /workspace/.opencode/skills/no-unauthorized-write/SKILL.md
[2026-08-11 08:13:40] 违规已记录: 第545次 - 检测到未授权文件修改: /workspace/.opencode/skills/no-unauthorized-write/SKILL.md
[2026-08-11 08:13:40] 检测到未授权写入: /workspace/.opencode/skills/no-unauthorized-write/SKILL.md
[2026-08-11 08:13:40] 违规已记录: 第546次 - 检测到未授权文件修改: /workspace/.opencode/skills/no-unauthorized-write/SKILL.md
[2026-08-11 08:13:40] 检测到未授权写入: /workspace/.opencode/skills/no-unauthorized-write/SKILL.md
[2026-08-11 08:13:40] 违规已记录: 第547次 - 检测到未授权文件修改: /workspace/.opencode/skills/no-unauthorized-write/SKILL.md
[2026-08-11 08:13:40] 检测到未授权写入: /workspace/.opencode/skills/no-unauthorized-write/SKILL.md
[2026-08-11 08:13:40] 违规已记录: 第548次 - 检测到未授权文件修改: /workspace/.opencode/skills/no-unauthorized-write/SKILL.md
[2026-08-11 08:13:40] 检测到未授权写入: /workspace/.opencode/skills/no-unauthorized-write/SKILL.md
[2026-08-11 08:13:40] 违规已记录: 第549次 - 检测到未授权文件修改: /workspace/.opencode/skills/no-unauthorized-write/SKILL.md
[2026-08-11 08:13:40] 检测到未授权写入: /workspace/.opencode/skills/no-unauthorized-write/SKILL.md
[2026-08-11 08:13:40] 违规已记录: 第550次 - 检测到未授权文件修改: /workspace/.opencode/skills/no-unauthorized-write/SKILL.md
[2026-08-11 08:13:40] 检测到未授权写入: /workspace/.opencode/skills/no-unauthorized-write/SKILL.md
[2026-08-11 08:13:40] 违规已记录: 第551次 - 检测到未授权文件修改: /workspace/.opencode/skills/no-unauthorized-write/SKILL.md
[2026-08-11 08:13:40] 检测到未授权写入: /workspace/.opencode/skills/no-unauthorized-write/SKILL.md
[2026-08-11 08:13:40] 违规已记录: 第552次 - 检测到未授权文件修改: /workspace/.opencode/skills/no-unauthorized-write/SKILL.md
[2026-08-11 08:13:40] 检测到未授权写入: /workspace/.opencode/skills/no-unauthorized-write/SKILL.md
[2026-08-11 08:13:40] 违规已记录: 第553次 - 检测到未授权文件修改: /workspace/.opencode/skills/no-unauthorized-write/SKILL.md
[2026-08-11 08:13:41] 检测到未授权写入: /workspace/.opencode/skills/no-unauthorized-write/SKILL.md
[2026-08-11 08:13:41] 违规已记录: 第554次 - 检测到未授权文件修改: /workspace/.opencode/skills/no-unauthorized-write/SKILL.md
[2026-08-11 08:13:41] 检测到未授权写入: /workspace/.opencode/skills/no-unauthorized-write/SKILL.md
[2026-08-11 08:13:41] 违规已记录: 第555次 - 检测到未授权文件修改: /workspace/.opencode/skills/no-unauthorized-write/SKILL.md
[2026-08-11 08:13:41] 检测到未授权写入: /workspace/.opencode/skills/no-unauthorized-write/SKILL.md
[2026-08-11 08:13:41] 违规已记录: 第556次 - 检测到未授权文件修改: /workspace/.opencode/skills/no-unauthorized-write/SKILL.md
[2026-08-11 08:13:41] 检测到未授权写入: /workspace/.opencode/skills/no-unauthorized-write/SKILL.md
[2026-08-11 08:13:41] 违规已记录: 第557次 - 检测到未授权文件修改: /workspace/.opencode/skills/no-unauthorized-write/SKILL.md
[2026-08-11 08:13:41] 检测到未授权写入: /workspace/.opencode/skills/no-unauthorized-write/SKILL.md
[2026-08-11 08:13:41] 违规已记录: 第558次 - 检测到未授权文件修改: /workspace/.opencode/skills/no-unauthorized-write/SKILL.md
[2026-08-11 08:13:41] 检测到未授权写入: /workspace/.opencode/skills/no-unauthorized-write/SKILL.md
[2026-08-11 08:13:41] 违规已记录: 第559次 - 检测到未授权文件修改: /workspace/.opencode/skills/no-unauthorized-write/SKILL.md
[2026-08-11 08:13:41] 检测到未授权写入: /workspace/.opencode/skills/no-unauthorized-write/SKILL.md
[2026-08-11 08:13:41] 违规已记录: 第560次 - 检测到未授权文件修改: /workspace/.opencode/skills/no-unauthorized-write/SKILL.md
[2026-08-11 08:13:41] 检测到未授权写入: /workspace/.opencode/skills/no-unauthorized-write/SKILL.md
[2026-08-11 08:13:41] 违规已记录: 第561次 - 检测到未授权文件修改: /workspace/.opencode/skills/no-unauthorized-write/SKILL.md
[2026-08-11 08:13:41] 检测到未授权写入: /workspace/.opencode/skills/no-unauthorized-write/SKILL.md
[2026-08-11 08:13:41] 违规已记录: 第562次 - 检测到未授权文件修改: /workspace/.opencode/skills/no-unauthorized-write/SKILL.md
[2026-08-11 08:13:42] 检测到未授权写入: /workspace/.opencode/skills/no-unauthorized-write/SKILL.md
[2026-08-11 08:13:42] 违规已记录: 第563次 - 检测到未授权文件修改: /workspace/.opencode/skills/no-unauthorized-write/SKILL.md
[2026-08-11 08:13:42] 检测到未授权写入: /workspace/.opencode/skills/no-unauthorized-write/SKILL.md
[2026-08-11 08:13:42] 违规已记录: 第564次 - 检测到未授权文件修改: /workspace/.opencode/skills/no-unauthorized-write/SKILL.md
[2026-08-11 08:13:42] 检测到未授权写入: /workspace/.opencode/skills/no-unauthorized-write/SKILL.md
[2026-08-11 08:13:42] 违规已记录: 第565次 - 检测到未授权文件修改: /workspace/.opencode/skills/no-unauthorized-write/SKILL.md
[2026-08-11 08:13:42] 检测到未授权写入: /workspace/.opencode/skills/no-unauthorized-write/SKILL.md
[2026-08-11 08:13:42] 违规已记录: 第566次 - 检测到未授权文件修改: /workspace/.opencode/skills/no-unauthorized-write/SKILL.md
[2026-08-11 08:13:42] 检测到未授权写入: /workspace/.opencode/skills/no-unauthorized-write/SKILL.md
[2026-08-11 08:13:42] 违规已记录: 第567次 - 检测到未授权文件修改: /workspace/.opencode/skills/no-unauthorized-write/SKILL.md
[2026-08-11 08:13:42] 检测到未授权写入: /workspace/.opencode/skills/no-unauthorized-write/SKILL.md
[2026-08-11 08:13:42] 违规已记录: 第568次 - 检测到未授权文件修改: /workspace/.opencode/skills/no-unauthorized-write/SKILL.md
[2026-08-11 08:13:42] 检测到未授权写入: /workspace/.opencode/skills/no-unauthorized-write/SKILL.md
[2026-08-11 08:13:42] 违规已记录: 第569次 - 检测到未授权文件修改: /workspace/.opencode/skills/no-unauthorized-write/SKILL.md
[2026-08-11 08:13:42] 检测到未授权写入: /workspace/.opencode/skills/no-unauthorized-write/SKILL.md
[2026-08-11 08:13:42] 违规已记录: 第570次 - 检测到未授权文件修改: /workspace/.opencode/skills/no-unauthorized-write/SKILL.md
[2026-08-11 08:13:42] 检测到未授权写入: /workspace/.opencode/skills/no-unauthorized-write/SKILL.md
[2026-08-11 08:13:42] 违规已记录: 第571次 - 检测到未授权文件修改: /workspace/.opencode/skills/no-unauthorized-write/SKILL.md
[2026-08-11 08:13:42] 检测到未授权写入: /workspace/.opencode/skills/no-unauthorized-write/SKILL.md
[2026-08-11 08:13:42] 违规已记录: 第572次 - 检测到未授权文件修改: /workspace/.opencode/skills/no-unauthorized-write/SKILL.md
[2026-08-11 08:13:43] 检测到未授权写入: /workspace/.opencode/skills/no-unauthorized-write/SKILL.md
[2026-08-11 08:13:43] 违规已记录: 第573次 - 检测到未授权文件修改: /workspace/.opencode/skills/no-unauthorized-write/SKILL.md
[2026-08-11 08:13:43] 检测到未授权写入: /workspace/.opencode/skills/no-unauthorized-write/SKILL.md
[2026-08-11 08:13:43] 违规已记录: 第574次 - 检测到未授权文件修改: /workspace/.opencode/skills/no-unauthorized-write/SKILL.md
[2026-08-11 08:13:43] 检测到未授权写入: /workspace/.opencode/skills/no-unauthorized-write/SKILL.md
[2026-08-11 08:13:43] 违规已记录: 第575次 - 检测到未授权文件修改: /workspace/.opencode/skills/no-unauthorized-write/SKILL.md
[2026-08-11 08:13:43] 检测到未授权写入: /workspace/.opencode/skills/no-unauthorized-write/SKILL.md
[2026-08-11 08:13:43] 违规已记录: 第576次 - 检测到未授权文件修改: /workspace/.opencode/skills/no-unauthorized-write/SKILL.md
[2026-08-11 08:13:43] 检测到未授权写入: /workspace/.opencode/skills/no-unauthorized-write/SKILL.md
[2026-08-11 08:13:43] 违规已记录: 第577次 - 检测到未授权文件修改: /workspace/.opencode/skills/no-unauthorized-write/SKILL.md
[2026-08-11 08:13:43] 检测到未授权写入: /workspace/.opencode/skills/no-unauthorized-write/SKILL.md
[2026-08-11 08:13:43] 违规已记录: 第578次 - 检测到未授权文件修改: /workspace/.opencode/skills/no-unauthorized-write/SKILL.md
[2026-08-11 08:13:43] 检测到未授权写入: /workspace/.opencode/skills/no-unauthorized-write/SKILL.md
[2026-08-11 08:13:43] 违规已记录: 第579次 - 检测到未授权文件修改: /workspace/.opencode/skills/no-unauthorized-write/SKILL.md
[2026-08-11 08:13:43] 检测到未授权写入: /workspace/.opencode/skills/no-unauthorized-write/SKILL.md
[2026-08-11 08:13:43] 违规已记录: 第580次 - 检测到未授权文件修改: /workspace/.opencode/skills/no-unauthorized-write/SKILL.md
[2026-08-11 08:13:43] 检测到未授权写入: /workspace/.opencode/skills/no-unauthorized-write/SKILL.md
[2026-08-11 08:13:43] 违规已记录: 第581次 - 检测到未授权文件修改: /workspace/.opencode/skills/no-unauthorized-write/SKILL.md
[2026-08-11 08:13:44] 检测到未授权写入: /workspace/.opencode/skills/no-unauthorized-write/SKILL.md
[2026-08-11 08:13:44] 违规已记录: 第582次 - 检测到未授权文件修改: /workspace/.opencode/skills/no-unauthorized-write/SKILL.md
[2026-08-11 08:13:44] 检测到未授权写入: /workspace/.opencode/skills/no-unauthorized-write/SKILL.md
[2026-08-11 08:13:44] 违规已记录: 第583次 - 检测到未授权文件修改: /workspace/.opencode/skills/no-unauthorized-write/SKILL.md
[2026-08-11 08:13:44] 检测到未授权写入: /workspace/.opencode/skills/no-unauthorized-write/SKILL.md
[2026-08-11 08:13:44] 违规已记录: 第584次 - 检测到未授权文件修改: /workspace/.opencode/skills/no-unauthorized-write/SKILL.md
[2026-08-11 08:13:44] 检测到未授权写入: /workspace/.opencode/skills/no-unauthorized-write/SKILL.md
[2026-08-11 08:13:44] 违规已记录: 第585次 - 检测到未授权文件修改: /workspace/.opencode/skills/no-unauthorized-write/SKILL.md
[2026-08-11 08:13:44] 检测到未授权写入: /workspace/.opencode/skills/no-unauthorized-write/SKILL.md
[2026-08-11 08:13:44] 违规已记录: 第586次 - 检测到未授权文件修改: /workspace/.opencode/skills/no-unauthorized-write/SKILL.md
[2026-08-11 08:13:44] 检测到未授权写入: /workspace/.opencode/skills/no-unauthorized-write/SKILL.md
[2026-08-11 08:13:44] 违规已记录: 第587次 - 检测到未授权文件修改: /workspace/.opencode/skills/no-unauthorized-write/SKILL.md
[2026-08-11 08:13:44] 检测到未授权写入: /workspace/.opencode/skills/no-unauthorized-write/SKILL.md
[2026-08-11 08:13:44] 违规已记录: 第588次 - 检测到未授权文件修改: /workspace/.opencode/skills/no-unauthorized-write/SKILL.md
[2026-08-11 08:13:44] 检测到未授权写入: /workspace/.opencode/skills/no-unauthorized-write/SKILL.md
[2026-08-11 08:13:44] 违规已记录: 第589次 - 检测到未授权文件修改: /workspace/.opencode/skills/no-unauthorized-write/SKILL.md
[2026-08-11 08:13:44] 检测到未授权写入: /workspace/.opencode/skills/no-unauthorized-write/SKILL.md
[2026-08-11 08:13:44] 违规已记录: 第590次 - 检测到未授权文件修改: /workspace/.opencode/skills/no-unauthorized-write/SKILL.md
[2026-08-11 08:13:44] 检测到未授权写入: /workspace/.opencode/skills/no-unauthorized-write/SKILL.md
[2026-08-11 08:13:44] 违规已记录: 第591次 - 检测到未授权文件修改: /workspace/.opencode/skills/no-unauthorized-write/SKILL.md
[2026-08-11 08:13:45] 检测到未授权写入: /workspace/.opencode/skills/no-unauthorized-write/SKILL.md
[2026-08-11 08:13:45] 违规已记录: 第592次 - 检测到未授权文件修改: /workspace/.opencode/skills/no-unauthorized-write/SKILL.md
[2026-08-11 08:13:45] 检测到未授权写入: /workspace/.opencode/skills/no-unauthorized-write/SKILL.md
[2026-08-11 08:13:45] 违规已记录: 第593次 - 检测到未授权文件修改: /workspace/.opencode/skills/no-unauthorized-write/SKILL.md
[2026-08-11 08:13:45] 检测到未授权写入: /workspace/.opencode/skills/no-unauthorized-write/SKILL.md
[2026-08-11 08:13:45] 违规已记录: 第594次 - 检测到未授权文件修改: /workspace/.opencode/skills/no-unauthorized-write/SKILL.md
[2026-08-11 08:13:45] 检测到未授权写入: /workspace/.opencode/skills/no-unauthorized-write/SKILL.md
[2026-08-11 08:13:45] 违规已记录: 第595次 - 检测到未授权文件修改: /workspace/.opencode/skills/no-unauthorized-write/SKILL.md
[2026-08-11 08:13:45] 检测到未授权写入: /workspace/.opencode/skills/no-unauthorized-write/SKILL.md
[2026-08-11 08:13:45] 违规已记录: 第596次 - 检测到未授权文件修改: /workspace/.opencode/skills/no-unauthorized-write/SKILL.md
[2026-08-11 08:13:45] 检测到未授权写入: /workspace/.opencode/skills/no-unauthorized-write/SKILL.md
[2026-08-11 08:13:45] 违规已记录: 第597次 - 检测到未授权文件修改: /workspace/.opencode/skills/no-unauthorized-write/SKILL.md
[2026-08-11 08:13:45] 检测到未授权写入: /workspace/.opencode/skills/no-unauthorized-write/SKILL.md
[2026-08-11 08:13:45] 违规已记录: 第598次 - 检测到未授权文件修改: /workspace/.opencode/skills/no-unauthorized-write/SKILL.md
[2026-08-11 08:13:45] 检测到未授权写入: /workspace/.opencode/skills/no-unauthorized-write/SKILL.md
[2026-08-11 08:13:45] 违规已记录: 第599次 - 检测到未授权文件修改: /workspace/.opencode/skills/no-unauthorized-write/SKILL.md
[2026-08-11 08:13:45] 检测到未授权写入: /workspace/.opencode/skills/no-unauthorized-write/SKILL.md
[2026-08-11 08:13:45] 违规已记录: 第600次 - 检测到未授权文件修改: /workspace/.opencode/skills/no-unauthorized-write/SKILL.md
[2026-08-11 08:13:46] 检测到未授权写入: /workspace/.opencode/skills/no-unauthorized-write/SKILL.md
[2026-08-11 08:13:46] 违规已记录: 第601次 - 检测到未授权文件修改: /workspace/.opencode/skills/no-unauthorized-write/SKILL.md
[2026-08-11 08:13:46] 检测到未授权写入: /workspace/.opencode/skills/no-unauthorized-write/SKILL.md
[2026-08-11 08:13:46] 违规已记录: 第602次 - 检测到未授权文件修改: /workspace/.opencode/skills/no-unauthorized-write/SKILL.md
[2026-08-11 08:13:46] 检测到未授权写入: /workspace/.opencode/skills/no-unauthorized-write/SKILL.md
[2026-08-11 08:13:46] 违规已记录: 第603次 - 检测到未授权文件修改: /workspace/.opencode/skills/no-unauthorized-write/SKILL.md
[2026-08-11 08:13:46] 检测到未授权写入: /workspace/.opencode/skills/no-unauthorized-write/SKILL.md
[2026-08-11 08:13:46] 违规已记录: 第604次 - 检测到未授权文件修改: /workspace/.opencode/skills/no-unauthorized-write/SKILL.md
[2026-08-11 08:13:46] 检测到未授权写入: /workspace/.opencode/skills/no-unauthorized-write/SKILL.md
[2026-08-11 08:13:46] 违规已记录: 第605次 - 检测到未授权文件修改: /workspace/.opencode/skills/no-unauthorized-write/SKILL.md
[2026-08-11 08:13:46] 检测到未授权写入: /workspace/.opencode/skills/no-unauthorized-write/SKILL.md
[2026-08-11 08:13:46] 违规已记录: 第606次 - 检测到未授权文件修改: /workspace/.opencode/skills/no-unauthorized-write/SKILL.md
[2026-08-11 08:13:46] 检测到未授权写入: /workspace/.opencode/skills/no-unauthorized-write/SKILL.md
[2026-08-11 08:13:46] 违规已记录: 第607次 - 检测到未授权文件修改: /workspace/.opencode/skills/no-unauthorized-write/SKILL.md
[2026-08-11 08:13:46] 检测到未授权写入: /workspace/.opencode/skills/no-unauthorized-write/SKILL.md
[2026-08-11 08:13:46] 违规已记录: 第608次 - 检测到未授权文件修改: /workspace/.opencode/skills/no-unauthorized-write/SKILL.md
[2026-08-11 08:13:46] 检测到未授权写入: /workspace/.opencode/skills/no-unauthorized-write/SKILL.md
[2026-08-11 08:13:46] 违规已记录: 第609次 - 检测到未授权文件修改: /workspace/.opencode/skills/no-unauthorized-write/SKILL.md
[2026-08-11 08:13:46] 检测到未授权写入: /workspace/.opencode/skills/no-unauthorized-write/SKILL.md
[2026-08-11 08:13:46] 违规已记录: 第610次 - 检测到未授权文件修改: /workspace/.opencode/skills/no-unauthorized-write/SKILL.md
[2026-08-11 08:13:47] 检测到未授权写入: /workspace/.opencode/skills/no-unauthorized-write/SKILL.md
[2026-08-11 08:13:47] 违规已记录: 第611次 - 检测到未授权文件修改: /workspace/.opencode/skills/no-unauthorized-write/SKILL.md
[2026-08-11 08:13:47] 检测到未授权写入: /workspace/.opencode/skills/no-unauthorized-write/SKILL.md
[2026-08-11 08:13:47] 违规已记录: 第612次 - 检测到未授权文件修改: /workspace/.opencode/skills/no-unauthorized-write/SKILL.md
[2026-08-11 08:13:47] 检测到未授权写入: /workspace/.opencode/skills/no-unauthorized-write/SKILL.md
[2026-08-11 08:13:47] 违规已记录: 第613次 - 检测到未授权文件修改: /workspace/.opencode/skills/no-unauthorized-write/SKILL.md
[2026-08-11 08:13:47] 检测到未授权写入: /workspace/.opencode/skills/no-unauthorized-write/SKILL.md
[2026-08-11 08:13:47] 违规已记录: 第614次 - 检测到未授权文件修改: /workspace/.opencode/skills/no-unauthorized-write/SKILL.md
[2026-08-11 08:13:47] 检测到未授权写入: /workspace/.opencode/skills/no-unauthorized-write/SKILL.md
[2026-08-11 08:13:47] 违规已记录: 第615次 - 检测到未授权文件修改: /workspace/.opencode/skills/no-unauthorized-write/SKILL.md
[2026-08-11 08:13:47] 检测到未授权写入: /workspace/.opencode/skills/no-unauthorized-write/SKILL.md
[2026-08-11 08:13:47] 违规已记录: 第616次 - 检测到未授权文件修改: /workspace/.opencode/skills/no-unauthorized-write/SKILL.md
[2026-08-11 08:13:47] 检测到未授权写入: /workspace/.opencode/skills/no-unauthorized-write/SKILL.md
[2026-08-11 08:13:47] 违规已记录: 第617次 - 检测到未授权文件修改: /workspace/.opencode/skills/no-unauthorized-write/SKILL.md
[2026-08-11 08:13:47] 检测到未授权写入: /workspace/.opencode/skills/no-unauthorized-write/SKILL.md
[2026-08-11 08:13:47] 违规已记录: 第618次 - 检测到未授权文件修改: /workspace/.opencode/skills/no-unauthorized-write/SKILL.md
[2026-08-11 08:13:47] 检测到未授权写入: /workspace/.opencode/skills/no-unauthorized-write/SKILL.md
[2026-08-11 08:13:47] 违规已记录: 第619次 - 检测到未授权文件修改: /workspace/.opencode/skills/no-unauthorized-write/SKILL.md
[2026-08-11 08:13:48] 检测到未授权写入: /workspace/.opencode/skills/no-unauthorized-write/SKILL.md
[2026-08-11 08:13:48] 违规已记录: 第620次 - 检测到未授权文件修改: /workspace/.opencode/skills/no-unauthorized-write/SKILL.md
[2026-08-11 08:13:48] 检测到未授权写入: /workspace/.opencode/skills/no-unauthorized-write/SKILL.md
[2026-08-11 08:13:48] 违规已记录: 第621次 - 检测到未授权文件修改: /workspace/.opencode/skills/no-unauthorized-write/SKILL.md
[2026-08-11 08:13:48] 检测到未授权写入: /workspace/.opencode/skills/no-unauthorized-write/SKILL.md
[2026-08-11 08:13:48] 违规已记录: 第622次 - 检测到未授权文件修改: /workspace/.opencode/skills/no-unauthorized-write/SKILL.md
[2026-08-11 08:13:48] 检测到未授权写入: /workspace/.opencode/skills/no-unauthorized-write/SKILL.md
[2026-08-11 08:13:48] 违规已记录: 第623次 - 检测到未授权文件修改: /workspace/.opencode/skills/no-unauthorized-write/SKILL.md
[2026-08-11 08:13:48] 检测到未授权写入: /workspace/.opencode/skills/no-unauthorized-write/SKILL.md
[2026-08-11 08:13:48] 违规已记录: 第624次 - 检测到未授权文件修改: /workspace/.opencode/skills/no-unauthorized-write/SKILL.md
[2026-08-11 08:13:48] 检测到未授权写入: /workspace/.opencode/skills/no-unauthorized-write/SKILL.md
[2026-08-11 08:13:48] 违规已记录: 第625次 - 检测到未授权文件修改: /workspace/.opencode/skills/no-unauthorized-write/SKILL.md
[2026-08-11 08:13:48] 检测到未授权写入: /workspace/.opencode/skills/no-unauthorized-write/SKILL.md
[2026-08-11 08:13:48] 违规已记录: 第626次 - 检测到未授权文件修改: /workspace/.opencode/skills/no-unauthorized-write/SKILL.md
[2026-08-11 08:13:48] 检测到未授权写入: /workspace/.opencode/skills/no-unauthorized-write/SKILL.md
[2026-08-11 08:13:48] 违规已记录: 第627次 - 检测到未授权文件修改: /workspace/.opencode/skills/no-unauthorized-write/SKILL.md
[2026-08-11 08:13:48] 检测到未授权写入: /workspace/.opencode/skills/no-unauthorized-write/SKILL.md
[2026-08-11 08:13:48] 违规已记录: 第628次 - 检测到未授权文件修改: /workspace/.opencode/skills/no-unauthorized-write/SKILL.md
[2026-08-11 08:13:48] 检测到未授权写入: /workspace/.opencode/skills/no-unauthorized-write/SKILL.md
[2026-08-11 08:13:48] 违规已记录: 第629次 - 检测到未授权文件修改: /workspace/.opencode/skills/no-unauthorized-write/SKILL.md
[2026-08-11 08:13:49] 检测到未授权写入: /workspace/.opencode/skills/no-unauthorized-write/SKILL.md
[2026-08-11 08:13:49] 违规已记录: 第630次 - 检测到未授权文件修改: /workspace/.opencode/skills/no-unauthorized-write/SKILL.md
[2026-08-11 08:13:49] 检测到未授权写入: /workspace/.opencode/skills/no-unauthorized-write/SKILL.md
[2026-08-11 08:13:49] 违规已记录: 第631次 - 检测到未授权文件修改: /workspace/.opencode/skills/no-unauthorized-write/SKILL.md
[2026-08-11 08:13:49] 检测到未授权写入: /workspace/.opencode/skills/no-unauthorized-write/SKILL.md
[2026-08-11 08:13:49] 违规已记录: 第632次 - 检测到未授权文件修改: /workspace/.opencode/skills/no-unauthorized-write/SKILL.md
[2026-08-11 08:13:49] 检测到未授权写入: /workspace/.opencode/skills/no-unauthorized-write/SKILL.md
[2026-08-11 08:13:49] 违规已记录: 第633次 - 检测到未授权文件修改: /workspace/.opencode/skills/no-unauthorized-write/SKILL.md
[2026-08-11 08:13:49] 检测到未授权写入: /workspace/.opencode/skills/no-unauthorized-write/SKILL.md
[2026-08-11 08:13:49] 违规已记录: 第634次 - 检测到未授权文件修改: /workspace/.opencode/skills/no-unauthorized-write/SKILL.md
[2026-08-11 08:13:49] 检测到未授权写入: /workspace/.opencode/skills/no-unauthorized-write/SKILL.md
[2026-08-11 08:13:49] 违规已记录: 第635次 - 检测到未授权文件修改: /workspace/.opencode/skills/no-unauthorized-write/SKILL.md
[2026-08-11 08:13:49] 检测到未授权写入: /workspace/.opencode/skills/no-unauthorized-write/SKILL.md
[2026-08-11 08:13:49] 违规已记录: 第636次 - 检测到未授权文件修改: /workspace/.opencode/skills/no-unauthorized-write/SKILL.md
[2026-08-11 08:13:49] 检测到未授权写入: /workspace/.opencode/skills/no-unauthorized-write/SKILL.md
[2026-08-11 08:13:49] 违规已记录: 第637次 - 检测到未授权文件修改: /workspace/.opencode/skills/no-unauthorized-write/SKILL.md
[2026-08-11 08:13:49] 检测到未授权写入: /workspace/.opencode/skills/no-unauthorized-write/SKILL.md
[2026-08-11 08:13:49] 违规已记录: 第638次 - 检测到未授权文件修改: /workspace/.opencode/skills/no-unauthorized-write/SKILL.md
[2026-08-11 08:13:50] 检测到未授权写入: /workspace/.opencode/skills/no-unauthorized-write/SKILL.md
[2026-08-11 08:13:50] 违规已记录: 第639次 - 检测到未授权文件修改: /workspace/.opencode/skills/no-unauthorized-write/SKILL.md
[2026-08-11 08:13:50] 检测到未授权写入: /workspace/.opencode/skills/no-unauthorized-write/SKILL.md
[2026-08-11 08:13:50] 违规已记录: 第640次 - 检测到未授权文件修改: /workspace/.opencode/skills/no-unauthorized-write/SKILL.md
[2026-08-11 08:13:50] 检测到未授权写入: /workspace/.opencode/skills/no-unauthorized-write/SKILL.md
[2026-08-11 08:13:50] 违规已记录: 第641次 - 检测到未授权文件修改: /workspace/.opencode/skills/no-unauthorized-write/SKILL.md
[2026-08-11 08:13:50] 检测到未授权写入: /workspace/.opencode/skills/no-unauthorized-write/SKILL.md
[2026-08-11 08:13:50] 违规已记录: 第642次 - 检测到未授权文件修改: /workspace/.opencode/skills/no-unauthorized-write/SKILL.md
[2026-08-11 08:13:50] 检测到未授权写入: /workspace/.opencode/skills/no-unauthorized-write/SKILL.md
[2026-08-11 08:13:50] 违规已记录: 第643次 - 检测到未授权文件修改: /workspace/.opencode/skills/no-unauthorized-write/SKILL.md
[2026-08-11 08:13:50] 检测到未授权写入: /workspace/.opencode/skills/no-unauthorized-write/SKILL.md
[2026-08-11 08:13:50] 违规已记录: 第644次 - 检测到未授权文件修改: /workspace/.opencode/skills/no-unauthorized-write/SKILL.md
[2026-08-11 08:13:50] 检测到未授权写入: /workspace/.opencode/skills/no-unauthorized-write/SKILL.md
[2026-08-11 08:13:50] 违规已记录: 第645次 - 检测到未授权文件修改: /workspace/.opencode/skills/no-unauthorized-write/SKILL.md
[2026-08-11 08:13:50] 检测到未授权写入: /workspace/.opencode/skills/no-unauthorized-write/SKILL.md
[2026-08-11 08:13:50] 违规已记录: 第646次 - 检测到未授权文件修改: /workspace/.opencode/skills/no-unauthorized-write/SKILL.md
[2026-08-11 08:13:50] 检测到未授权写入: /workspace/.opencode/skills/no-unauthorized-write/SKILL.md
[2026-08-11 08:13:50] 违规已记录: 第647次 - 检测到未授权文件修改: /workspace/.opencode/skills/no-unauthorized-write/SKILL.md
[2026-08-11 08:13:50] 检测到未授权写入: /workspace/.opencode/skills/no-unauthorized-write/SKILL.md
[2026-08-11 08:13:50] 违规已记录: 第648次 - 检测到未授权文件修改: /workspace/.opencode/skills/no-unauthorized-write/SKILL.md
[2026-08-11 08:13:51] 检测到未授权写入: /workspace/.opencode/skills/no-unauthorized-write/SKILL.md
[2026-08-11 08:13:51] 违规已记录: 第649次 - 检测到未授权文件修改: /workspace/.opencode/skills/no-unauthorized-write/SKILL.md
[2026-08-11 08:13:51] 检测到未授权写入: /workspace/.opencode/skills/no-unauthorized-write/SKILL.md
[2026-08-11 08:13:51] 违规已记录: 第650次 - 检测到未授权文件修改: /workspace/.opencode/skills/no-unauthorized-write/SKILL.md
[2026-08-11 08:13:51] 检测到未授权写入: /workspace/.opencode/skills/no-unauthorized-write/SKILL.md
[2026-08-11 08:13:51] 违规已记录: 第651次 - 检测到未授权文件修改: /workspace/.opencode/skills/no-unauthorized-write/SKILL.md
[2026-08-11 08:13:51] 检测到未授权写入: /workspace/.opencode/skills/no-unauthorized-write/SKILL.md
[2026-08-11 08:13:51] 违规已记录: 第652次 - 检测到未授权文件修改: /workspace/.opencode/skills/no-unauthorized-write/SKILL.md
[2026-08-11 08:13:51] 检测到未授权写入: /workspace/.opencode/skills/no-unauthorized-write/SKILL.md
[2026-08-11 08:13:51] 违规已记录: 第653次 - 检测到未授权文件修改: /workspace/.opencode/skills/no-unauthorized-write/SKILL.md
[2026-08-11 08:13:51] 检测到未授权写入: /workspace/.opencode/skills/no-unauthorized-write/SKILL.md
[2026-08-11 08:13:51] 违规已记录: 第654次 - 检测到未授权文件修改: /workspace/.opencode/skills/no-unauthorized-write/SKILL.md
[2026-08-11 08:13:51] 检测到未授权写入: /workspace/.opencode/skills/no-unauthorized-write/SKILL.md
[2026-08-11 08:13:51] 违规已记录: 第655次 - 检测到未授权文件修改: /workspace/.opencode/skills/no-unauthorized-write/SKILL.md
[2026-08-11 08:13:51] 检测到未授权写入: /workspace/.opencode/skills/no-unauthorized-write/SKILL.md
[2026-08-11 08:13:51] 违规已记录: 第656次 - 检测到未授权文件修改: /workspace/.opencode/skills/no-unauthorized-write/SKILL.md
[2026-08-11 08:13:51] 检测到未授权写入: /workspace/.opencode/skills/no-unauthorized-write/SKILL.md
[2026-08-11 08:13:51] 违规已记录: 第657次 - 检测到未授权文件修改: /workspace/.opencode/skills/no-unauthorized-write/SKILL.md
[2026-08-11 08:13:52] 检测到未授权写入: /workspace/.opencode/skills/no-unauthorized-write/SKILL.md
[2026-08-11 08:13:52] 违规已记录: 第658次 - 检测到未授权文件修改: /workspace/.opencode/skills/no-unauthorized-write/SKILL.md
[2026-08-11 08:13:52] 检测到未授权写入: /workspace/.opencode/skills/no-unauthorized-write/SKILL.md
[2026-08-11 08:13:52] 违规已记录: 第659次 - 检测到未授权文件修改: /workspace/.opencode/skills/no-unauthorized-write/SKILL.md
[2026-08-11 08:13:52] 检测到未授权写入: /workspace/.opencode/skills/no-unauthorized-write/SKILL.md
[2026-08-11 08:13:52] 违规已记录: 第660次 - 检测到未授权文件修改: /workspace/.opencode/skills/no-unauthorized-write/SKILL.md
[2026-08-11 08:13:52] 检测到未授权写入: /workspace/.opencode/skills/no-unauthorized-write/SKILL.md
[2026-08-11 08:13:52] 违规已记录: 第661次 - 检测到未授权文件修改: /workspace/.opencode/skills/no-unauthorized-write/SKILL.md
[2026-08-11 08:13:52] 检测到未授权写入: /workspace/.opencode/skills/no-unauthorized-write/SKILL.md
[2026-08-11 08:13:52] 违规已记录: 第662次 - 检测到未授权文件修改: /workspace/.opencode/skills/no-unauthorized-write/SKILL.md
[2026-08-11 08:13:52] 检测到未授权写入: /workspace/.opencode/skills/no-unauthorized-write/SKILL.md
[2026-08-11 08:13:52] 违规已记录: 第663次 - 检测到未授权文件修改: /workspace/.opencode/skills/no-unauthorized-write/SKILL.md
[2026-08-11 08:13:52] 检测到未授权写入: /workspace/.opencode/skills/no-unauthorized-write/SKILL.md
[2026-08-11 08:13:52] 违规已记录: 第664次 - 检测到未授权文件修改: /workspace/.opencode/skills/no-unauthorized-write/SKILL.md
[2026-08-11 08:13:52] 检测到未授权写入: /workspace/.opencode/skills/no-unauthorized-write/SKILL.md
[2026-08-11 08:13:52] 违规已记录: 第665次 - 检测到未授权文件修改: /workspace/.opencode/skills/no-unauthorized-write/SKILL.md
[2026-08-11 08:13:52] 检测到未授权写入: /workspace/.opencode/skills/no-unauthorized-write/SKILL.md
[2026-08-11 08:13:52] 违规已记录: 第666次 - 检测到未授权文件修改: /workspace/.opencode/skills/no-unauthorized-write/SKILL.md
[2026-08-11 08:13:52] 检测到未授权写入: /workspace/.opencode/skills/no-unauthorized-write/SKILL.md
[2026-08-11 08:13:52] 违规已记录: 第667次 - 检测到未授权文件修改: /workspace/.opencode/skills/no-unauthorized-write/SKILL.md
[2026-08-11 08:13:53] 检测到未授权写入: /workspace/.opencode/skills/no-unauthorized-write/SKILL.md
[2026-08-11 08:13:53] 违规已记录: 第668次 - 检测到未授权文件修改: /workspace/.opencode/skills/no-unauthorized-write/SKILL.md
[2026-08-11 08:13:53] 检测到未授权写入: /workspace/.opencode/skills/no-unauthorized-write/SKILL.md
[2026-08-11 08:13:53] 违规已记录: 第669次 - 检测到未授权文件修改: /workspace/.opencode/skills/no-unauthorized-write/SKILL.md
[2026-08-11 08:13:53] 检测到未授权写入: /workspace/.opencode/skills/no-unauthorized-write/SKILL.md
[2026-08-11 08:13:53] 违规已记录: 第670次 - 检测到未授权文件修改: /workspace/.opencode/skills/no-unauthorized-write/SKILL.md
[2026-08-11 08:13:53] 检测到未授权写入: /workspace/.opencode/skills/no-unauthorized-write/SKILL.md
[2026-08-11 08:13:53] 违规已记录: 第671次 - 检测到未授权文件修改: /workspace/.opencode/skills/no-unauthorized-write/SKILL.md
[2026-08-11 08:13:53] 检测到未授权写入: /workspace/.opencode/skills/no-unauthorized-write/SKILL.md
[2026-08-11 08:13:53] 违规已记录: 第672次 - 检测到未授权文件修改: /workspace/.opencode/skills/no-unauthorized-write/SKILL.md
[2026-08-11 08:13:53] 检测到未授权写入: /workspace/.opencode/skills/no-unauthorized-write/SKILL.md
[2026-08-11 08:13:53] 违规已记录: 第673次 - 检测到未授权文件修改: /workspace/.opencode/skills/no-unauthorized-write/SKILL.md
[2026-08-11 08:13:53] 检测到未授权写入: /workspace/.opencode/skills/no-unauthorized-write/SKILL.md
[2026-08-11 08:13:53] 违规已记录: 第674次 - 检测到未授权文件修改: /workspace/.opencode/skills/no-unauthorized-write/SKILL.md
[2026-08-11 08:13:53] 检测到未授权写入: /workspace/.opencode/skills/no-unauthorized-write/SKILL.md
[2026-08-11 08:13:53] 违规已记录: 第675次 - 检测到未授权文件修改: /workspace/.opencode/skills/no-unauthorized-write/SKILL.md
[2026-08-11 08:13:53] 检测到未授权写入: /workspace/.opencode/skills/no-unauthorized-write/SKILL.md
[2026-08-11 08:13:53] 违规已记录: 第676次 - 检测到未授权文件修改: /workspace/.opencode/skills/no-unauthorized-write/SKILL.md
[2026-08-11 08:13:54] 检测到未授权写入: /workspace/.opencode/skills/no-unauthorized-write/SKILL.md
[2026-08-11 08:13:54] 违规已记录: 第677次 - 检测到未授权文件修改: /workspace/.opencode/skills/no-unauthorized-write/SKILL.md
[2026-08-11 08:13:54] 检测到未授权写入: /workspace/.opencode/skills/no-unauthorized-write/SKILL.md
[2026-08-11 08:13:54] 违规已记录: 第678次 - 检测到未授权文件修改: /workspace/.opencode/skills/no-unauthorized-write/SKILL.md
[2026-08-11 08:13:54] 检测到未授权写入: /workspace/.opencode/skills/no-unauthorized-write/SKILL.md
[2026-08-11 08:13:54] 违规已记录: 第679次 - 检测到未授权文件修改: /workspace/.opencode/skills/no-unauthorized-write/SKILL.md
[2026-08-11 08:13:54] 检测到未授权写入: /workspace/.opencode/skills/no-unauthorized-write/SKILL.md
[2026-08-11 08:13:54] 违规已记录: 第680次 - 检测到未授权文件修改: /workspace/.opencode/skills/no-unauthorized-write/SKILL.md
[2026-08-11 08:13:54] 检测到未授权写入: /workspace/.opencode/skills/no-unauthorized-write/SKILL.md
[2026-08-11 08:13:54] 违规已记录: 第681次 - 检测到未授权文件修改: /workspace/.opencode/skills/no-unauthorized-write/SKILL.md
[2026-08-11 08:13:54] 检测到未授权写入: /workspace/.opencode/skills/no-unauthorized-write/SKILL.md
[2026-08-11 08:13:54] 违规已记录: 第682次 - 检测到未授权文件修改: /workspace/.opencode/skills/no-unauthorized-write/SKILL.md
[2026-08-11 08:13:54] 检测到未授权写入: /workspace/.opencode/skills/no-unauthorized-write/SKILL.md
[2026-08-11 08:13:54] 违规已记录: 第683次 - 检测到未授权文件修改: /workspace/.opencode/skills/no-unauthorized-write/SKILL.md
[2026-08-11 08:13:54] 检测到未授权写入: /workspace/.opencode/skills/no-unauthorized-write/SKILL.md
[2026-08-11 08:13:54] 违规已记录: 第684次 - 检测到未授权文件修改: /workspace/.opencode/skills/no-unauthorized-write/SKILL.md
[2026-08-11 08:13:54] 检测到未授权写入: /workspace/.opencode/skills/no-unauthorized-write/SKILL.md
[2026-08-11 08:13:54] 违规已记录: 第685次 - 检测到未授权文件修改: /workspace/.opencode/skills/no-unauthorized-write/SKILL.md
[2026-08-11 08:13:54] 检测到未授权写入: /workspace/.opencode/skills/no-unauthorized-write/SKILL.md
[2026-08-11 08:13:54] 违规已记录: 第686次 - 检测到未授权文件修改: /workspace/.opencode/skills/no-unauthorized-write/SKILL.md
[2026-08-11 08:13:55] 检测到未授权写入: /workspace/.opencode/skills/no-unauthorized-write/SKILL.md
[2026-08-11 08:13:55] 违规已记录: 第687次 - 检测到未授权文件修改: /workspace/.opencode/skills/no-unauthorized-write/SKILL.md
[2026-08-11 08:13:55] 检测到未授权写入: /workspace/.opencode/skills/no-unauthorized-write/SKILL.md
[2026-08-11 08:13:55] 违规已记录: 第688次 - 检测到未授权文件修改: /workspace/.opencode/skills/no-unauthorized-write/SKILL.md
[2026-08-11 08:13:55] 检测到未授权写入: /workspace/.opencode/skills/no-unauthorized-write/SKILL.md
[2026-08-11 08:13:55] 违规已记录: 第689次 - 检测到未授权文件修改: /workspace/.opencode/skills/no-unauthorized-write/SKILL.md
[2026-08-11 08:13:55] 检测到未授权写入: /workspace/.opencode/skills/no-unauthorized-write/SKILL.md
[2026-08-11 08:13:55] 违规已记录: 第690次 - 检测到未授权文件修改: /workspace/.opencode/skills/no-unauthorized-write/SKILL.md
[2026-08-11 08:13:55] 检测到未授权写入: /workspace/.opencode/skills/no-unauthorized-write/SKILL.md
[2026-08-11 08:13:55] 违规已记录: 第691次 - 检测到未授权文件修改: /workspace/.opencode/skills/no-unauthorized-write/SKILL.md
[2026-08-11 08:13:55] 检测到未授权写入: /workspace/.opencode/skills/no-unauthorized-write/SKILL.md
[2026-08-11 08:13:55] 违规已记录: 第692次 - 检测到未授权文件修改: /workspace/.opencode/skills/no-unauthorized-write/SKILL.md
[2026-08-11 08:13:55] 检测到未授权写入: /workspace/.opencode/skills/no-unauthorized-write/SKILL.md
[2026-08-11 08:13:55] 违规已记录: 第693次 - 检测到未授权文件修改: /workspace/.opencode/skills/no-unauthorized-write/SKILL.md
[2026-08-11 08:13:55] 检测到未授权写入: /workspace/.opencode/skills/no-unauthorized-write/SKILL.md
[2026-08-11 08:13:55] 违规已记录: 第694次 - 检测到未授权文件修改: /workspace/.opencode/skills/no-unauthorized-write/SKILL.md
[2026-08-11 08:13:55] 检测到未授权写入: /workspace/.opencode/skills/no-unauthorized-write/SKILL.md
[2026-08-11 08:13:55] 违规已记录: 第695次 - 检测到未授权文件修改: /workspace/.opencode/skills/no-unauthorized-write/SKILL.md
[2026-08-11 08:13:56] 检测到未授权写入: /workspace/.opencode/skills/no-unauthorized-write/SKILL.md
[2026-08-11 08:13:56] 违规已记录: 第696次 - 检测到未授权文件修改: /workspace/.opencode/skills/no-unauthorized-write/SKILL.md
[2026-08-11 08:13:56] 检测到未授权写入: /workspace/.opencode/skills/no-unauthorized-write/SKILL.md
[2026-08-11 08:13:56] 违规已记录: 第697次 - 检测到未授权文件修改: /workspace/.opencode/skills/no-unauthorized-write/SKILL.md
[2026-08-11 08:13:56] 检测到未授权写入: /workspace/.opencode/skills/no-unauthorized-write/SKILL.md
[2026-08-11 08:13:56] 违规已记录: 第698次 - 检测到未授权文件修改: /workspace/.opencode/skills/no-unauthorized-write/SKILL.md
[2026-08-11 08:13:56] 检测到未授权写入: /workspace/.opencode/skills/no-unauthorized-write/SKILL.md
[2026-08-11 08:13:56] 违规已记录: 第699次 - 检测到未授权文件修改: /workspace/.opencode/skills/no-unauthorized-write/SKILL.md
[2026-08-11 08:13:56] 检测到未授权写入: /workspace/.opencode/skills/no-unauthorized-write/SKILL.md
[2026-08-11 08:13:56] 违规已记录: 第700次 - 检测到未授权文件修改: /workspace/.opencode/skills/no-unauthorized-write/SKILL.md
[2026-08-11 08:13:56] 检测到未授权写入: /workspace/.opencode/skills/no-unauthorized-write/SKILL.md
[2026-08-11 08:13:56] 违规已记录: 第701次 - 检测到未授权文件修改: /workspace/.opencode/skills/no-unauthorized-write/SKILL.md
[2026-08-11 08:13:56] 检测到未授权写入: /workspace/.opencode/skills/no-unauthorized-write/SKILL.md
[2026-08-11 08:13:56] 违规已记录: 第702次 - 检测到未授权文件修改: /workspace/.opencode/skills/no-unauthorized-write/SKILL.md
[2026-08-11 08:13:56] 检测到未授权写入: /workspace/.opencode/skills/no-unauthorized-write/SKILL.md
[2026-08-11 08:13:56] 违规已记录: 第703次 - 检测到未授权文件修改: /workspace/.opencode/skills/no-unauthorized-write/SKILL.md
[2026-08-11 08:13:56] 检测到未授权写入: /workspace/.opencode/skills/no-unauthorized-write/SKILL.md
[2026-08-11 08:13:56] 违规已记录: 第704次 - 检测到未授权文件修改: /workspace/.opencode/skills/no-unauthorized-write/SKILL.md
[2026-08-11 08:13:56] 检测到未授权写入: /workspace/.opencode/skills/no-unauthorized-write/SKILL.md
[2026-08-11 08:13:56] 违规已记录: 第705次 - 检测到未授权文件修改: /workspace/.opencode/skills/no-unauthorized-write/SKILL.md
[2026-08-11 08:13:57] 检测到未授权写入: /workspace/.opencode/skills/no-unauthorized-write/SKILL.md
[2026-08-11 08:13:57] 违规已记录: 第706次 - 检测到未授权文件修改: /workspace/.opencode/skills/no-unauthorized-write/SKILL.md
[2026-08-11 08:13:57] 检测到未授权写入: /workspace/.opencode/skills/no-unauthorized-write/SKILL.md
[2026-08-11 08:13:57] 违规已记录: 第707次 - 检测到未授权文件修改: /workspace/.opencode/skills/no-unauthorized-write/SKILL.md
[2026-08-11 08:13:57] 检测到未授权写入: /workspace/.opencode/skills/no-unauthorized-write/SKILL.md
[2026-08-11 08:13:57] 违规已记录: 第708次 - 检测到未授权文件修改: /workspace/.opencode/skills/no-unauthorized-write/SKILL.md
[2026-08-11 08:13:57] 检测到未授权写入: /workspace/.opencode/skills/no-unauthorized-write/SKILL.md
[2026-08-11 08:13:57] 违规已记录: 第709次 - 检测到未授权文件修改: /workspace/.opencode/skills/no-unauthorized-write/SKILL.md
[2026-08-11 08:13:57] 检测到未授权写入: /workspace/.opencode/skills/no-unauthorized-write/SKILL.md
[2026-08-11 08:13:57] 违规已记录: 第710次 - 检测到未授权文件修改: /workspace/.opencode/skills/no-unauthorized-write/SKILL.md
[2026-08-11 08:13:57] 检测到未授权写入: /workspace/.opencode/skills/no-unauthorized-write/SKILL.md
[2026-08-11 08:13:57] 违规已记录: 第711次 - 检测到未授权文件修改: /workspace/.opencode/skills/no-unauthorized-write/SKILL.md
[2026-08-11 08:13:57] 检测到未授权写入: /workspace/.opencode/skills/no-unauthorized-write/SKILL.md
[2026-08-11 08:13:57] 违规已记录: 第712次 - 检测到未授权文件修改: /workspace/.opencode/skills/no-unauthorized-write/SKILL.md
[2026-08-11 08:13:57] 检测到未授权写入: /workspace/.opencode/skills/no-unauthorized-write/SKILL.md
[2026-08-11 08:13:57] 违规已记录: 第713次 - 检测到未授权文件修改: /workspace/.opencode/skills/no-unauthorized-write/SKILL.md
[2026-08-11 08:13:57] 检测到未授权写入: /workspace/.opencode/skills/no-unauthorized-write/SKILL.md
[2026-08-11 08:13:57] 违规已记录: 第714次 - 检测到未授权文件修改: /workspace/.opencode/skills/no-unauthorized-write/SKILL.md
[2026-08-11 08:13:57] 检测到未授权写入: /workspace/.opencode/skills/no-unauthorized-write/SKILL.md
[2026-08-11 08:13:57] 违规已记录: 第715次 - 检测到未授权文件修改: /workspace/.opencode/skills/no-unauthorized-write/SKILL.md
[2026-08-11 08:13:58] 检测到未授权写入: /workspace/.opencode/skills/no-unauthorized-write/SKILL.md
[2026-08-11 08:13:58] 违规已记录: 第716次 - 检测到未授权文件修改: /workspace/.opencode/skills/no-unauthorized-write/SKILL.md
[2026-08-11 08:13:58] 检测到未授权写入: /workspace/.opencode/skills/no-unauthorized-write/SKILL.md
[2026-08-11 08:13:58] 违规已记录: 第717次 - 检测到未授权文件修改: /workspace/.opencode/skills/no-unauthorized-write/SKILL.md
[2026-08-11 08:13:58] 检测到未授权写入: /workspace/.opencode/skills/no-unauthorized-write/SKILL.md
[2026-08-11 08:13:58] 违规已记录: 第718次 - 检测到未授权文件修改: /workspace/.opencode/skills/no-unauthorized-write/SKILL.md
[2026-08-11 08:13:58] 检测到未授权写入: /workspace/.opencode/skills/no-unauthorized-write/SKILL.md
[2026-08-11 08:13:58] 违规已记录: 第719次 - 检测到未授权文件修改: /workspace/.opencode/skills/no-unauthorized-write/SKILL.md
[2026-08-11 08:13:58] 检测到未授权写入: /workspace/.opencode/skills/no-unauthorized-write/SKILL.md
[2026-08-11 08:13:58] 违规已记录: 第720次 - 检测到未授权文件修改: /workspace/.opencode/skills/no-unauthorized-write/SKILL.md
[2026-08-11 08:13:58] 检测到未授权写入: /workspace/.opencode/skills/no-unauthorized-write/SKILL.md
[2026-08-11 08:13:58] 违规已记录: 第721次 - 检测到未授权文件修改: /workspace/.opencode/skills/no-unauthorized-write/SKILL.md
[2026-08-11 08:13:58] 检测到未授权写入: /workspace/.opencode/skills/no-unauthorized-write/SKILL.md
[2026-08-11 08:13:58] 违规已记录: 第722次 - 检测到未授权文件修改: /workspace/.opencode/skills/no-unauthorized-write/SKILL.md
[2026-08-11 08:13:58] 检测到未授权写入: /workspace/.opencode/skills/no-unauthorized-write/SKILL.md
[2026-08-11 08:13:58] 违规已记录: 第723次 - 检测到未授权文件修改: /workspace/.opencode/skills/no-unauthorized-write/SKILL.md
[2026-08-11 08:13:58] 检测到未授权写入: /workspace/.opencode/skills/no-unauthorized-write/SKILL.md
[2026-08-11 08:13:58] 违规已记录: 第724次 - 检测到未授权文件修改: /workspace/.opencode/skills/no-unauthorized-write/SKILL.md
[2026-08-11 08:13:59] 检测到未授权写入: /workspace/.opencode/skills/no-unauthorized-write/SKILL.md
[2026-08-11 08:13:59] 违规已记录: 第725次 - 检测到未授权文件修改: /workspace/.opencode/skills/no-unauthorized-write/SKILL.md
[2026-08-11 08:13:59] 检测到未授权写入: /workspace/.opencode/skills/no-unauthorized-write/SKILL.md
[2026-08-11 08:13:59] 违规已记录: 第726次 - 检测到未授权文件修改: /workspace/.opencode/skills/no-unauthorized-write/SKILL.md
[2026-08-11 08:13:59] 检测到未授权写入: /workspace/.opencode/skills/no-unauthorized-write/SKILL.md
[2026-08-11 08:13:59] 违规已记录: 第727次 - 检测到未授权文件修改: /workspace/.opencode/skills/no-unauthorized-write/SKILL.md
[2026-08-11 08:13:59] 检测到未授权写入: /workspace/.opencode/skills/no-unauthorized-write/SKILL.md
[2026-08-11 08:13:59] 违规已记录: 第728次 - 检测到未授权文件修改: /workspace/.opencode/skills/no-unauthorized-write/SKILL.md
[2026-08-11 08:13:59] 检测到未授权写入: /workspace/.opencode/skills/no-unauthorized-write/SKILL.md
[2026-08-11 08:13:59] 违规已记录: 第729次 - 检测到未授权文件修改: /workspace/.opencode/skills/no-unauthorized-write/SKILL.md
[2026-08-11 08:13:59] 检测到未授权写入: /workspace/.opencode/skills/no-unauthorized-write/SKILL.md
[2026-08-11 08:13:59] 违规已记录: 第730次 - 检测到未授权文件修改: /workspace/.opencode/skills/no-unauthorized-write/SKILL.md
[2026-08-11 08:13:59] 检测到未授权写入: /workspace/.opencode/skills/no-unauthorized-write/SKILL.md
[2026-08-11 08:13:59] 违规已记录: 第731次 - 检测到未授权文件修改: /workspace/.opencode/skills/no-unauthorized-write/SKILL.md
[2026-08-11 08:13:59] 检测到未授权写入: /workspace/.opencode/skills/no-unauthorized-write/SKILL.md
[2026-08-11 08:13:59] 违规已记录: 第732次 - 检测到未授权文件修改: /workspace/.opencode/skills/no-unauthorized-write/SKILL.md
[2026-08-11 08:13:59] 检测到未授权写入: /workspace/.opencode/skills/no-unauthorized-write/SKILL.md
[2026-08-11 08:13:59] 违规已记录: 第733次 - 检测到未授权文件修改: /workspace/.opencode/skills/no-unauthorized-write/SKILL.md
[2026-08-11 08:13:59] 检测到未授权写入: /workspace/.opencode/skills/no-unauthorized-write/SKILL.md
[2026-08-11 08:13:59] 违规已记录: 第734次 - 检测到未授权文件修改: /workspace/.opencode/skills/no-unauthorized-write/SKILL.md
[2026-08-11 08:14:00] 检测到未授权写入: /workspace/.opencode/skills/no-unauthorized-write/SKILL.md
[2026-08-11 08:14:00] 违规已记录: 第735次 - 检测到未授权文件修改: /workspace/.opencode/skills/no-unauthorized-write/SKILL.md
[2026-08-11 08:14:00] 检测到未授权写入: /workspace/.opencode/skills/no-unauthorized-write/SKILL.md
[2026-08-11 08:14:00] 违规已记录: 第736次 - 检测到未授权文件修改: /workspace/.opencode/skills/no-unauthorized-write/SKILL.md
[2026-08-11 08:14:00] 检测到未授权写入: /workspace/.opencode/skills/no-unauthorized-write/SKILL.md
[2026-08-11 08:14:00] 违规已记录: 第737次 - 检测到未授权文件修改: /workspace/.opencode/skills/no-unauthorized-write/SKILL.md
[2026-08-11 08:14:00] 检测到未授权写入: /workspace/.opencode/skills/no-unauthorized-write/SKILL.md
[2026-08-11 08:14:00] 违规已记录: 第738次 - 检测到未授权文件修改: /workspace/.opencode/skills/no-unauthorized-write/SKILL.md
[2026-08-11 08:14:00] 检测到未授权写入: /workspace/.opencode/skills/no-unauthorized-write/SKILL.md
[2026-08-11 08:14:00] 违规已记录: 第739次 - 检测到未授权文件修改: /workspace/.opencode/skills/no-unauthorized-write/SKILL.md
[2026-08-11 08:14:00] 检测到未授权写入: /workspace/.opencode/skills/no-unauthorized-write/SKILL.md
[2026-08-11 08:14:00] 违规已记录: 第740次 - 检测到未授权文件修改: /workspace/.opencode/skills/no-unauthorized-write/SKILL.md
[2026-08-11 08:14:00] 检测到未授权写入: /workspace/.opencode/skills/no-unauthorized-write/SKILL.md
[2026-08-11 08:14:00] 违规已记录: 第741次 - 检测到未授权文件修改: /workspace/.opencode/skills/no-unauthorized-write/SKILL.md
[2026-08-11 08:14:00] 检测到未授权写入: /workspace/.opencode/skills/no-unauthorized-write/SKILL.md
[2026-08-11 08:14:00] 违规已记录: 第742次 - 检测到未授权文件修改: /workspace/.opencode/skills/no-unauthorized-write/SKILL.md
[2026-08-11 08:14:00] 检测到未授权写入: /workspace/.opencode/skills/no-unauthorized-write/SKILL.md
[2026-08-11 08:14:00] 违规已记录: 第743次 - 检测到未授权文件修改: /workspace/.opencode/skills/no-unauthorized-write/SKILL.md
[2026-08-11 08:14:01] 检测到未授权写入: /workspace/.opencode/skills/no-unauthorized-write/SKILL.md
[2026-08-11 08:14:01] 违规已记录: 第744次 - 检测到未授权文件修改: /workspace/.opencode/skills/no-unauthorized-write/SKILL.md
[2026-08-11 08:14:01] 检测到未授权写入: /workspace/.opencode/skills/no-unauthorized-write/SKILL.md
[2026-08-11 08:14:01] 违规已记录: 第745次 - 检测到未授权文件修改: /workspace/.opencode/skills/no-unauthorized-write/SKILL.md
[2026-08-11 08:14:01] 检测到未授权写入: /workspace/.opencode/skills/no-unauthorized-write/SKILL.md
[2026-08-11 08:14:01] 违规已记录: 第746次 - 检测到未授权文件修改: /workspace/.opencode/skills/no-unauthorized-write/SKILL.md
[2026-08-11 08:14:01] 检测到未授权写入: /workspace/.opencode/skills/no-unauthorized-write/SKILL.md
[2026-08-11 08:14:01] 违规已记录: 第747次 - 检测到未授权文件修改: /workspace/.opencode/skills/no-unauthorized-write/SKILL.md
[2026-08-11 08:14:01] 检测到未授权写入: /workspace/.opencode/skills/no-unauthorized-write/SKILL.md
[2026-08-11 08:14:01] 违规已记录: 第748次 - 检测到未授权文件修改: /workspace/.opencode/skills/no-unauthorized-write/SKILL.md
[2026-08-11 08:14:01] 检测到未授权写入: /workspace/.opencode/skills/no-unauthorized-write/SKILL.md
[2026-08-11 08:14:01] 违规已记录: 第749次 - 检测到未授权文件修改: /workspace/.opencode/skills/no-unauthorized-write/SKILL.md
[2026-08-11 08:14:01] 检测到未授权写入: /workspace/.opencode/skills/no-unauthorized-write/SKILL.md
[2026-08-11 08:14:01] 违规已记录: 第750次 - 检测到未授权文件修改: /workspace/.opencode/skills/no-unauthorized-write/SKILL.md
[2026-08-11 08:14:01] 检测到未授权写入: /workspace/.opencode/skills/no-unauthorized-write/SKILL.md
[2026-08-11 08:14:01] 违规已记录: 第751次 - 检测到未授权文件修改: /workspace/.opencode/skills/no-unauthorized-write/SKILL.md
[2026-08-11 08:14:01] 检测到未授权写入: /workspace/.opencode/skills/no-unauthorized-write/SKILL.md
[2026-08-11 08:14:01] 违规已记录: 第752次 - 检测到未授权文件修改: /workspace/.opencode/skills/no-unauthorized-write/SKILL.md
[2026-08-11 08:14:01] 检测到未授权写入: /workspace/.opencode/skills/no-unauthorized-write/SKILL.md
[2026-08-11 08:14:01] 违规已记录: 第753次 - 检测到未授权文件修改: /workspace/.opencode/skills/no-unauthorized-write/SKILL.md
[2026-08-11 08:14:02] 检测到未授权写入: /workspace/.opencode/skills/no-unauthorized-write/SKILL.md
[2026-08-11 08:14:02] 违规已记录: 第754次 - 检测到未授权文件修改: /workspace/.opencode/skills/no-unauthorized-write/SKILL.md
[2026-08-11 08:14:02] 检测到未授权写入: /workspace/.opencode/skills/no-unauthorized-write/SKILL.md
[2026-08-11 08:14:02] 违规已记录: 第755次 - 检测到未授权文件修改: /workspace/.opencode/skills/no-unauthorized-write/SKILL.md
[2026-08-11 08:14:02] 检测到未授权写入: /workspace/.opencode/skills/no-unauthorized-write/SKILL.md
[2026-08-11 08:14:02] 违规已记录: 第756次 - 检测到未授权文件修改: /workspace/.opencode/skills/no-unauthorized-write/SKILL.md
[2026-08-11 08:14:02] 检测到未授权写入: /workspace/.opencode/skills/no-unauthorized-write/SKILL.md
[2026-08-11 08:14:02] 违规已记录: 第757次 - 检测到未授权文件修改: /workspace/.opencode/skills/no-unauthorized-write/SKILL.md
[2026-08-11 08:14:02] 检测到未授权写入: /workspace/.opencode/skills/no-unauthorized-write/SKILL.md
[2026-08-11 08:14:02] 违规已记录: 第758次 - 检测到未授权文件修改: /workspace/.opencode/skills/no-unauthorized-write/SKILL.md
[2026-08-11 08:14:02] 检测到未授权写入: /workspace/.opencode/skills/no-unauthorized-write/SKILL.md
[2026-08-11 08:14:02] 违规已记录: 第759次 - 检测到未授权文件修改: /workspace/.opencode/skills/no-unauthorized-write/SKILL.md
[2026-08-11 08:14:02] 检测到未授权写入: /workspace/.opencode/skills/no-unauthorized-write/SKILL.md
[2026-08-11 08:14:02] 违规已记录: 第760次 - 检测到未授权文件修改: /workspace/.opencode/skills/no-unauthorized-write/SKILL.md
[2026-08-11 08:14:02] 检测到未授权写入: /workspace/.opencode/skills/no-unauthorized-write/SKILL.md
[2026-08-11 08:14:02] 违规已记录: 第761次 - 检测到未授权文件修改: /workspace/.opencode/skills/no-unauthorized-write/SKILL.md
[2026-08-11 08:14:02] 检测到未授权写入: /workspace/.opencode/skills/no-unauthorized-write/SKILL.md
[2026-08-11 08:14:02] 违规已记录: 第762次 - 检测到未授权文件修改: /workspace/.opencode/skills/no-unauthorized-write/SKILL.md
[2026-08-11 08:14:03] 检测到未授权写入: /workspace/.opencode/skills/no-unauthorized-write/SKILL.md
[2026-08-11 08:14:03] 违规已记录: 第763次 - 检测到未授权文件修改: /workspace/.opencode/skills/no-unauthorized-write/SKILL.md
[2026-08-11 08:14:03] 检测到未授权写入: /workspace/.opencode/skills/no-unauthorized-write/SKILL.md
[2026-08-11 08:14:03] 违规已记录: 第764次 - 检测到未授权文件修改: /workspace/.opencode/skills/no-unauthorized-write/SKILL.md
[2026-08-11 08:14:03] 检测到未授权写入: /workspace/.opencode/skills/no-unauthorized-write/SKILL.md
[2026-08-11 08:14:03] 违规已记录: 第765次 - 检测到未授权文件修改: /workspace/.opencode/skills/no-unauthorized-write/SKILL.md
[2026-08-11 08:14:03] 检测到未授权写入: /workspace/.opencode/skills/no-unauthorized-write/SKILL.md
[2026-08-11 08:14:03] 违规已记录: 第766次 - 检测到未授权文件修改: /workspace/.opencode/skills/no-unauthorized-write/SKILL.md
[2026-08-11 08:14:03] 检测到未授权写入: /workspace/.opencode/skills/no-unauthorized-write/SKILL.md
[2026-08-11 08:14:03] 违规已记录: 第767次 - 检测到未授权文件修改: /workspace/.opencode/skills/no-unauthorized-write/SKILL.md
[2026-08-11 08:14:03] 检测到未授权写入: /workspace/.opencode/skills/no-unauthorized-write/SKILL.md
[2026-08-11 08:14:03] 违规已记录: 第768次 - 检测到未授权文件修改: /workspace/.opencode/skills/no-unauthorized-write/SKILL.md
[2026-08-11 08:14:03] 检测到未授权写入: /workspace/.opencode/skills/no-unauthorized-write/SKILL.md
[2026-08-11 08:14:03] 违规已记录: 第769次 - 检测到未授权文件修改: /workspace/.opencode/skills/no-unauthorized-write/SKILL.md
[2026-08-11 08:14:03] 检测到未授权写入: /workspace/.opencode/skills/no-unauthorized-write/SKILL.md
[2026-08-11 08:14:03] 违规已记录: 第770次 - 检测到未授权文件修改: /workspace/.opencode/skills/no-unauthorized-write/SKILL.md
[2026-08-11 08:14:03] 检测到未授权写入: /workspace/.opencode/skills/no-unauthorized-write/SKILL.md
[2026-08-11 08:14:03] 违规已记录: 第771次 - 检测到未授权文件修改: /workspace/.opencode/skills/no-unauthorized-write/SKILL.md
[2026-08-11 08:14:03] 检测到未授权写入: /workspace/.opencode/skills/no-unauthorized-write/SKILL.md
[2026-08-11 08:14:03] 违规已记录: 第772次 - 检测到未授权文件修改: /workspace/.opencode/skills/no-unauthorized-write/SKILL.md
[2026-08-11 08:14:04] 检测到未授权写入: /workspace/.opencode/skills/no-unauthorized-write/SKILL.md
[2026-08-11 08:14:04] 违规已记录: 第773次 - 检测到未授权文件修改: /workspace/.opencode/skills/no-unauthorized-write/SKILL.md
[2026-08-11 08:14:04] 检测到未授权写入: /workspace/.opencode/skills/no-unauthorized-write/SKILL.md
[2026-08-11 08:14:04] 违规已记录: 第774次 - 检测到未授权文件修改: /workspace/.opencode/skills/no-unauthorized-write/SKILL.md
[2026-08-11 08:14:04] 检测到未授权写入: /workspace/.opencode/skills/no-unauthorized-write/SKILL.md
[2026-08-11 08:14:04] 违规已记录: 第775次 - 检测到未授权文件修改: /workspace/.opencode/skills/no-unauthorized-write/SKILL.md
[2026-08-11 08:14:04] 检测到未授权写入: /workspace/.opencode/skills/no-unauthorized-write/SKILL.md
[2026-08-11 08:14:04] 违规已记录: 第776次 - 检测到未授权文件修改: /workspace/.opencode/skills/no-unauthorized-write/SKILL.md
[2026-08-11 08:14:04] 检测到未授权写入: /workspace/.opencode/skills/no-unauthorized-write/SKILL.md
[2026-08-11 08:14:04] 违规已记录: 第777次 - 检测到未授权文件修改: /workspace/.opencode/skills/no-unauthorized-write/SKILL.md
[2026-08-11 08:14:04] 检测到未授权写入: /workspace/.opencode/skills/no-unauthorized-write/SKILL.md
[2026-08-11 08:14:04] 违规已记录: 第778次 - 检测到未授权文件修改: /workspace/.opencode/skills/no-unauthorized-write/SKILL.md
[2026-08-11 08:14:04] 检测到未授权写入: /workspace/.opencode/skills/no-unauthorized-write/SKILL.md
[2026-08-11 08:14:04] 违规已记录: 第779次 - 检测到未授权文件修改: /workspace/.opencode/skills/no-unauthorized-write/SKILL.md
[2026-08-11 08:14:04] 检测到未授权写入: /workspace/.opencode/skills/no-unauthorized-write/SKILL.md
[2026-08-11 08:14:04] 违规已记录: 第780次 - 检测到未授权文件修改: /workspace/.opencode/skills/no-unauthorized-write/SKILL.md
[2026-08-11 08:14:04] 检测到未授权写入: /workspace/.opencode/skills/no-unauthorized-write/SKILL.md
[2026-08-11 08:14:04] 违规已记录: 第781次 - 检测到未授权文件修改: /workspace/.opencode/skills/no-unauthorized-write/SKILL.md
[2026-08-11 08:14:05] 检测到未授权写入: /workspace/.opencode/skills/no-unauthorized-write/SKILL.md
[2026-08-11 08:14:05] 违规已记录: 第782次 - 检测到未授权文件修改: /workspace/.opencode/skills/no-unauthorized-write/SKILL.md
[2026-08-11 08:14:05] 检测到未授权写入: /workspace/.opencode/skills/no-unauthorized-write/SKILL.md
[2026-08-11 08:14:05] 违规已记录: 第783次 - 检测到未授权文件修改: /workspace/.opencode/skills/no-unauthorized-write/SKILL.md
[2026-08-11 08:14:05] 检测到未授权写入: /workspace/.opencode/skills/no-unauthorized-write/SKILL.md
[2026-08-11 08:14:05] 违规已记录: 第784次 - 检测到未授权文件修改: /workspace/.opencode/skills/no-unauthorized-write/SKILL.md
[2026-08-11 08:14:05] 检测到未授权写入: /workspace/.opencode/skills/no-unauthorized-write/SKILL.md
[2026-08-11 08:14:05] 违规已记录: 第785次 - 检测到未授权文件修改: /workspace/.opencode/skills/no-unauthorized-write/SKILL.md
[2026-08-11 08:14:05] 检测到未授权写入: /workspace/.opencode/skills/no-unauthorized-write/SKILL.md
[2026-08-11 08:14:05] 违规已记录: 第786次 - 检测到未授权文件修改: /workspace/.opencode/skills/no-unauthorized-write/SKILL.md
[2026-08-11 08:14:05] 检测到未授权写入: /workspace/.opencode/skills/no-unauthorized-write/SKILL.md
[2026-08-11 08:14:05] 违规已记录: 第787次 - 检测到未授权文件修改: /workspace/.opencode/skills/no-unauthorized-write/SKILL.md
[2026-08-11 08:14:05] 检测到未授权写入: /workspace/.opencode/skills/no-unauthorized-write/SKILL.md
[2026-08-11 08:14:05] 违规已记录: 第788次 - 检测到未授权文件修改: /workspace/.opencode/skills/no-unauthorized-write/SKILL.md
[2026-08-11 08:14:05] 检测到未授权写入: /workspace/.opencode/skills/no-unauthorized-write/SKILL.md
[2026-08-11 08:14:05] 违规已记录: 第789次 - 检测到未授权文件修改: /workspace/.opencode/skills/no-unauthorized-write/SKILL.md
[2026-08-11 08:14:05] 检测到未授权写入: /workspace/.opencode/skills/no-unauthorized-write/SKILL.md
[2026-08-11 08:14:05] 违规已记录: 第790次 - 检测到未授权文件修改: /workspace/.opencode/skills/no-unauthorized-write/SKILL.md
[2026-08-11 08:14:05] 检测到未授权写入: /workspace/.opencode/skills/no-unauthorized-write/SKILL.md
[2026-08-11 08:14:05] 违规已记录: 第791次 - 检测到未授权文件修改: /workspace/.opencode/skills/no-unauthorized-write/SKILL.md
[2026-08-11 08:14:06] 检测到未授权写入: /workspace/.opencode/skills/no-unauthorized-write/SKILL.md
[2026-08-11 08:14:06] 违规已记录: 第792次 - 检测到未授权文件修改: /workspace/.opencode/skills/no-unauthorized-write/SKILL.md
[2026-08-11 08:14:06] 检测到未授权写入: /workspace/.opencode/skills/no-unauthorized-write/SKILL.md
[2026-08-11 08:14:06] 违规已记录: 第793次 - 检测到未授权文件修改: /workspace/.opencode/skills/no-unauthorized-write/SKILL.md
[2026-08-11 08:14:06] 检测到未授权写入: /workspace/.opencode/skills/no-unauthorized-write/SKILL.md
[2026-08-11 08:14:06] 违规已记录: 第794次 - 检测到未授权文件修改: /workspace/.opencode/skills/no-unauthorized-write/SKILL.md
[2026-08-11 08:14:06] 检测到未授权写入: /workspace/.opencode/skills/no-unauthorized-write/SKILL.md
[2026-08-11 08:14:06] 违规已记录: 第795次 - 检测到未授权文件修改: /workspace/.opencode/skills/no-unauthorized-write/SKILL.md
[2026-08-11 08:14:06] 检测到未授权写入: /workspace/.opencode/skills/no-unauthorized-write/SKILL.md
[2026-08-11 08:14:06] 违规已记录: 第796次 - 检测到未授权文件修改: /workspace/.opencode/skills/no-unauthorized-write/SKILL.md
[2026-08-11 08:14:06] 检测到未授权写入: /workspace/.opencode/skills/no-unauthorized-write/SKILL.md
[2026-08-11 08:14:06] 违规已记录: 第797次 - 检测到未授权文件修改: /workspace/.opencode/skills/no-unauthorized-write/SKILL.md
[2026-08-11 08:14:06] 检测到未授权写入: /workspace/.opencode/skills/no-unauthorized-write/SKILL.md
[2026-08-11 08:14:06] 违规已记录: 第798次 - 检测到未授权文件修改: /workspace/.opencode/skills/no-unauthorized-write/SKILL.md
[2026-08-11 08:14:06] 检测到未授权写入: /workspace/.opencode/skills/no-unauthorized-write/SKILL.md
[2026-08-11 08:14:06] 违规已记录: 第799次 - 检测到未授权文件修改: /workspace/.opencode/skills/no-unauthorized-write/SKILL.md
[2026-08-11 08:14:06] 检测到未授权写入: /workspace/.opencode/skills/no-unauthorized-write/SKILL.md
[2026-08-11 08:14:06] 违规已记录: 第800次 - 检测到未授权文件修改: /workspace/.opencode/skills/no-unauthorized-write/SKILL.md
[2026-08-11 08:14:07] 检测到未授权写入: /workspace/.opencode/skills/no-unauthorized-write/SKILL.md
[2026-08-11 08:14:07] 违规已记录: 第801次 - 检测到未授权文件修改: /workspace/.opencode/skills/no-unauthorized-write/SKILL.md
[2026-08-11 08:14:07] 检测到未授权写入: /workspace/.opencode/skills/no-unauthorized-write/SKILL.md
[2026-08-11 08:14:07] 违规已记录: 第802次 - 检测到未授权文件修改: /workspace/.opencode/skills/no-unauthorized-write/SKILL.md
[2026-08-11 08:14:07] 检测到未授权写入: /workspace/.opencode/skills/no-unauthorized-write/SKILL.md
[2026-08-11 08:14:07] 违规已记录: 第803次 - 检测到未授权文件修改: /workspace/.opencode/skills/no-unauthorized-write/SKILL.md
[2026-08-11 08:14:07] 检测到未授权写入: /workspace/.opencode/skills/no-unauthorized-write/SKILL.md
[2026-08-11 08:14:07] 违规已记录: 第804次 - 检测到未授权文件修改: /workspace/.opencode/skills/no-unauthorized-write/SKILL.md
[2026-08-11 08:14:07] 检测到未授权写入: /workspace/.opencode/skills/no-unauthorized-write/SKILL.md
[2026-08-11 08:14:07] 违规已记录: 第805次 - 检测到未授权文件修改: /workspace/.opencode/skills/no-unauthorized-write/SKILL.md
[2026-08-11 08:14:07] 检测到未授权写入: /workspace/.opencode/skills/no-unauthorized-write/SKILL.md
[2026-08-11 08:14:07] 违规已记录: 第806次 - 检测到未授权文件修改: /workspace/.opencode/skills/no-unauthorized-write/SKILL.md
[2026-08-11 08:14:07] 检测到未授权写入: /workspace/.opencode/skills/no-unauthorized-write/SKILL.md
[2026-08-11 08:14:07] 违规已记录: 第807次 - 检测到未授权文件修改: /workspace/.opencode/skills/no-unauthorized-write/SKILL.md
[2026-08-11 08:14:07] 检测到未授权写入: /workspace/.opencode/skills/no-unauthorized-write/SKILL.md
[2026-08-11 08:14:07] 违规已记录: 第808次 - 检测到未授权文件修改: /workspace/.opencode/skills/no-unauthorized-write/SKILL.md
[2026-08-11 08:14:07] 检测到未授权写入: /workspace/.opencode/skills/no-unauthorized-write/SKILL.md
[2026-08-11 08:14:07] 违规已记录: 第809次 - 检测到未授权文件修改: /workspace/.opencode/skills/no-unauthorized-write/SKILL.md
[2026-08-11 08:14:07] 检测到未授权写入: /workspace/.opencode/skills/no-unauthorized-write/SKILL.md
[2026-08-11 08:14:07] 违规已记录: 第810次 - 检测到未授权文件修改: /workspace/.opencode/skills/no-unauthorized-write/SKILL.md
[2026-08-11 08:14:08] 检测到未授权写入: /workspace/.opencode/skills/no-unauthorized-write/SKILL.md
[2026-08-11 08:14:08] 违规已记录: 第811次 - 检测到未授权文件修改: /workspace/.opencode/skills/no-unauthorized-write/SKILL.md
[2026-08-11 08:14:08] 检测到未授权写入: /workspace/.opencode/skills/no-unauthorized-write/SKILL.md
[2026-08-11 08:14:08] 违规已记录: 第812次 - 检测到未授权文件修改: /workspace/.opencode/skills/no-unauthorized-write/SKILL.md
[2026-08-11 08:14:08] 检测到未授权写入: /workspace/.opencode/skills/no-unauthorized-write/SKILL.md
[2026-08-11 08:14:08] 违规已记录: 第813次 - 检测到未授权文件修改: /workspace/.opencode/skills/no-unauthorized-write/SKILL.md
[2026-08-11 08:14:08] 检测到未授权写入: /workspace/.opencode/skills/no-unauthorized-write/SKILL.md
[2026-08-11 08:14:08] 违规已记录: 第814次 - 检测到未授权文件修改: /workspace/.opencode/skills/no-unauthorized-write/SKILL.md
[2026-08-11 08:14:08] 检测到未授权写入: /workspace/.opencode/skills/no-unauthorized-write/SKILL.md
[2026-08-11 08:14:08] 违规已记录: 第815次 - 检测到未授权文件修改: /workspace/.opencode/skills/no-unauthorized-write/SKILL.md
[2026-08-11 08:14:08] 检测到未授权写入: /workspace/.opencode/skills/no-unauthorized-write/SKILL.md
[2026-08-11 08:14:08] 违规已记录: 第816次 - 检测到未授权文件修改: /workspace/.opencode/skills/no-unauthorized-write/SKILL.md
[2026-08-11 08:14:08] 检测到未授权写入: /workspace/.opencode/skills/no-unauthorized-write/SKILL.md
[2026-08-11 08:14:08] 违规已记录: 第817次 - 检测到未授权文件修改: /workspace/.opencode/skills/no-unauthorized-write/SKILL.md
[2026-08-11 08:14:08] 检测到未授权写入: /workspace/.opencode/skills/no-unauthorized-write/SKILL.md
[2026-08-11 08:14:08] 违规已记录: 第818次 - 检测到未授权文件修改: /workspace/.opencode/skills/no-unauthorized-write/SKILL.md
[2026-08-11 08:14:08] 检测到未授权写入: /workspace/.opencode/skills/no-unauthorized-write/SKILL.md
[2026-08-11 08:14:08] 违规已记录: 第819次 - 检测到未授权文件修改: /workspace/.opencode/skills/no-unauthorized-write/SKILL.md
[2026-08-11 08:14:08] 检测到未授权写入: /workspace/.opencode/skills/no-unauthorized-write/SKILL.md
[2026-08-11 08:14:08] 违规已记录: 第820次 - 检测到未授权文件修改: /workspace/.opencode/skills/no-unauthorized-write/SKILL.md
[2026-08-11 08:14:09] 检测到未授权写入: /workspace/.opencode/skills/no-unauthorized-write/SKILL.md
[2026-08-11 08:14:09] 违规已记录: 第821次 - 检测到未授权文件修改: /workspace/.opencode/skills/no-unauthorized-write/SKILL.md
[2026-08-11 08:14:09] 检测到未授权写入: /workspace/.opencode/skills/no-unauthorized-write/SKILL.md
[2026-08-11 08:14:09] 违规已记录: 第822次 - 检测到未授权文件修改: /workspace/.opencode/skills/no-unauthorized-write/SKILL.md
[2026-08-11 08:14:09] 检测到未授权写入: /workspace/.opencode/skills/no-unauthorized-write/SKILL.md
[2026-08-11 08:14:09] 违规已记录: 第823次 - 检测到未授权文件修改: /workspace/.opencode/skills/no-unauthorized-write/SKILL.md
[2026-08-11 08:14:09] 检测到未授权写入: /workspace/.opencode/skills/no-unauthorized-write/SKILL.md
[2026-08-11 08:14:09] 违规已记录: 第824次 - 检测到未授权文件修改: /workspace/.opencode/skills/no-unauthorized-write/SKILL.md
[2026-08-11 08:14:09] 检测到未授权写入: /workspace/.opencode/skills/no-unauthorized-write/SKILL.md
[2026-08-11 08:14:09] 违规已记录: 第825次 - 检测到未授权文件修改: /workspace/.opencode/skills/no-unauthorized-write/SKILL.md
[2026-08-11 08:14:09] 检测到未授权写入: /workspace/.opencode/skills/no-unauthorized-write/SKILL.md
[2026-08-11 08:14:09] 违规已记录: 第826次 - 检测到未授权文件修改: /workspace/.opencode/skills/no-unauthorized-write/SKILL.md
[2026-08-11 08:14:09] 检测到未授权写入: /workspace/.opencode/skills/no-unauthorized-write/SKILL.md
[2026-08-11 08:14:09] 违规已记录: 第827次 - 检测到未授权文件修改: /workspace/.opencode/skills/no-unauthorized-write/SKILL.md
[2026-08-11 08:14:09] 检测到未授权写入: /workspace/.opencode/skills/no-unauthorized-write/SKILL.md
[2026-08-11 08:14:09] 违规已记录: 第828次 - 检测到未授权文件修改: /workspace/.opencode/skills/no-unauthorized-write/SKILL.md
[2026-08-11 08:14:09] 检测到未授权写入: /workspace/.opencode/skills/no-unauthorized-write/SKILL.md
[2026-08-11 08:14:09] 违规已记录: 第829次 - 检测到未授权文件修改: /workspace/.opencode/skills/no-unauthorized-write/SKILL.md
[2026-08-11 08:14:10] 检测到未授权写入: /workspace/.opencode/skills/no-unauthorized-write/SKILL.md
[2026-08-11 08:14:10] 违规已记录: 第830次 - 检测到未授权文件修改: /workspace/.opencode/skills/no-unauthorized-write/SKILL.md
[2026-08-11 08:14:10] 检测到未授权写入: /workspace/.opencode/skills/no-unauthorized-write/SKILL.md
[2026-08-11 08:14:10] 违规已记录: 第831次 - 检测到未授权文件修改: /workspace/.opencode/skills/no-unauthorized-write/SKILL.md
[2026-08-11 08:14:10] 检测到未授权写入: /workspace/.opencode/skills/no-unauthorized-write/SKILL.md
[2026-08-11 08:14:10] 违规已记录: 第832次 - 检测到未授权文件修改: /workspace/.opencode/skills/no-unauthorized-write/SKILL.md
[2026-08-11 08:14:10] 检测到未授权写入: /workspace/.opencode/skills/no-unauthorized-write/SKILL.md
[2026-08-11 08:14:10] 违规已记录: 第833次 - 检测到未授权文件修改: /workspace/.opencode/skills/no-unauthorized-write/SKILL.md
[2026-08-11 08:14:10] 检测到未授权写入: /workspace/.opencode/skills/no-unauthorized-write/SKILL.md
[2026-08-11 08:14:10] 违规已记录: 第834次 - 检测到未授权文件修改: /workspace/.opencode/skills/no-unauthorized-write/SKILL.md
[2026-08-11 08:14:10] 检测到未授权写入: /workspace/.opencode/skills/no-unauthorized-write/SKILL.md
[2026-08-11 08:14:10] 违规已记录: 第835次 - 检测到未授权文件修改: /workspace/.opencode/skills/no-unauthorized-write/SKILL.md
[2026-08-11 08:14:10] 检测到未授权写入: /workspace/.opencode/skills/no-unauthorized-write/SKILL.md
[2026-08-11 08:14:10] 违规已记录: 第836次 - 检测到未授权文件修改: /workspace/.opencode/skills/no-unauthorized-write/SKILL.md
[2026-08-11 08:14:10] 检测到未授权写入: /workspace/.opencode/skills/no-unauthorized-write/SKILL.md
[2026-08-11 08:14:10] 违规已记录: 第837次 - 检测到未授权文件修改: /workspace/.opencode/skills/no-unauthorized-write/SKILL.md
[2026-08-11 08:14:10] 检测到未授权写入: /workspace/.opencode/skills/no-unauthorized-write/SKILL.md
[2026-08-11 08:14:10] 违规已记录: 第838次 - 检测到未授权文件修改: /workspace/.opencode/skills/no-unauthorized-write/SKILL.md
[2026-08-11 08:14:10] 检测到未授权写入: /workspace/.opencode/skills/no-unauthorized-write/SKILL.md
[2026-08-11 08:14:10] 违规已记录: 第839次 - 检测到未授权文件修改: /workspace/.opencode/skills/no-unauthorized-write/SKILL.md
[2026-08-11 08:14:11] 检测到未授权写入: /workspace/.opencode/skills/no-unauthorized-write/SKILL.md
[2026-08-11 08:14:11] 违规已记录: 第840次 - 检测到未授权文件修改: /workspace/.opencode/skills/no-unauthorized-write/SKILL.md
[2026-08-11 08:14:11] 检测到未授权写入: /workspace/.opencode/skills/no-unauthorized-write/SKILL.md
[2026-08-11 08:14:11] 违规已记录: 第841次 - 检测到未授权文件修改: /workspace/.opencode/skills/no-unauthorized-write/SKILL.md
[2026-08-11 08:14:11] 检测到未授权写入: /workspace/.opencode/skills/no-unauthorized-write/SKILL.md
[2026-08-11 08:14:11] 违规已记录: 第842次 - 检测到未授权文件修改: /workspace/.opencode/skills/no-unauthorized-write/SKILL.md
[2026-08-11 08:14:11] 检测到未授权写入: /workspace/.opencode/skills/no-unauthorized-write/SKILL.md
[2026-08-11 08:14:11] 违规已记录: 第843次 - 检测到未授权文件修改: /workspace/.opencode/skills/no-unauthorized-write/SKILL.md
[2026-08-11 08:14:11] 检测到未授权写入: /workspace/.opencode/skills/no-unauthorized-write/SKILL.md
[2026-08-11 08:14:11] 违规已记录: 第844次 - 检测到未授权文件修改: /workspace/.opencode/skills/no-unauthorized-write/SKILL.md
[2026-08-11 08:14:11] 检测到未授权写入: /workspace/.opencode/skills/no-unauthorized-write/SKILL.md
[2026-08-11 08:14:11] 违规已记录: 第845次 - 检测到未授权文件修改: /workspace/.opencode/skills/no-unauthorized-write/SKILL.md
[2026-08-11 08:14:11] 检测到未授权写入: /workspace/.opencode/skills/no-unauthorized-write/SKILL.md
[2026-08-11 08:14:11] 违规已记录: 第846次 - 检测到未授权文件修改: /workspace/.opencode/skills/no-unauthorized-write/SKILL.md
[2026-08-11 08:14:11] 检测到未授权写入: /workspace/.opencode/skills/no-unauthorized-write/SKILL.md
[2026-08-11 08:14:11] 违规已记录: 第847次 - 检测到未授权文件修改: /workspace/.opencode/skills/no-unauthorized-write/SKILL.md
[2026-08-11 08:14:11] 检测到未授权写入: /workspace/.opencode/skills/no-unauthorized-write/SKILL.md
[2026-08-11 08:14:11] 违规已记录: 第848次 - 检测到未授权文件修改: /workspace/.opencode/skills/no-unauthorized-write/SKILL.md
[2026-08-11 08:14:12] 检测到未授权写入: /workspace/.opencode/skills/no-unauthorized-write/SKILL.md
[2026-08-11 08:14:12] 违规已记录: 第849次 - 检测到未授权文件修改: /workspace/.opencode/skills/no-unauthorized-write/SKILL.md
[2026-08-11 08:14:12] 检测到未授权写入: /workspace/.opencode/skills/no-unauthorized-write/SKILL.md
[2026-08-11 08:14:12] 违规已记录: 第850次 - 检测到未授权文件修改: /workspace/.opencode/skills/no-unauthorized-write/SKILL.md
[2026-08-11 08:14:12] 检测到未授权写入: /workspace/.opencode/skills/no-unauthorized-write/SKILL.md
[2026-08-11 08:14:12] 违规已记录: 第851次 - 检测到未授权文件修改: /workspace/.opencode/skills/no-unauthorized-write/SKILL.md
[2026-08-11 08:14:12] 检测到未授权写入: /workspace/.opencode/skills/no-unauthorized-write/SKILL.md
[2026-08-11 08:14:12] 违规已记录: 第852次 - 检测到未授权文件修改: /workspace/.opencode/skills/no-unauthorized-write/SKILL.md
[2026-08-11 08:14:12] 检测到未授权写入: /workspace/.opencode/skills/no-unauthorized-write/SKILL.md
[2026-08-11 08:14:12] 违规已记录: 第853次 - 检测到未授权文件修改: /workspace/.opencode/skills/no-unauthorized-write/SKILL.md
[2026-08-11 08:14:12] 检测到未授权写入: /workspace/.opencode/skills/no-unauthorized-write/SKILL.md
[2026-08-11 08:14:12] 违规已记录: 第854次 - 检测到未授权文件修改: /workspace/.opencode/skills/no-unauthorized-write/SKILL.md
[2026-08-11 08:14:12] 检测到未授权写入: /workspace/.opencode/skills/no-unauthorized-write/SKILL.md
[2026-08-11 08:14:12] 违规已记录: 第855次 - 检测到未授权文件修改: /workspace/.opencode/skills/no-unauthorized-write/SKILL.md
[2026-08-11 08:14:12] 检测到未授权写入: /workspace/.opencode/skills/no-unauthorized-write/SKILL.md
[2026-08-11 08:14:12] 违规已记录: 第856次 - 检测到未授权文件修改: /workspace/.opencode/skills/no-unauthorized-write/SKILL.md
[2026-08-11 08:14:12] 检测到未授权写入: /workspace/.opencode/skills/no-unauthorized-write/SKILL.md
[2026-08-11 08:14:12] 违规已记录: 第857次 - 检测到未授权文件修改: /workspace/.opencode/skills/no-unauthorized-write/SKILL.md
[2026-08-11 08:14:12] 检测到未授权写入: /workspace/.opencode/skills/no-unauthorized-write/SKILL.md
[2026-08-11 08:14:12] 违规已记录: 第858次 - 检测到未授权文件修改: /workspace/.opencode/skills/no-unauthorized-write/SKILL.md
[2026-08-11 08:14:13] 检测到未授权写入: /workspace/.opencode/skills/no-unauthorized-write/SKILL.md
[2026-08-11 08:14:13] 违规已记录: 第859次 - 检测到未授权文件修改: /workspace/.opencode/skills/no-unauthorized-write/SKILL.md
[2026-08-11 08:14:13] 检测到未授权写入: /workspace/.opencode/skills/no-unauthorized-write/SKILL.md
[2026-08-11 08:14:13] 违规已记录: 第860次 - 检测到未授权文件修改: /workspace/.opencode/skills/no-unauthorized-write/SKILL.md
[2026-08-11 08:14:13] 检测到未授权写入: /workspace/.opencode/skills/no-unauthorized-write/SKILL.md
[2026-08-11 08:14:13] 违规已记录: 第861次 - 检测到未授权文件修改: /workspace/.opencode/skills/no-unauthorized-write/SKILL.md
[2026-08-11 08:14:13] 检测到未授权写入: /workspace/.opencode/skills/no-unauthorized-write/SKILL.md
[2026-08-11 08:14:13] 违规已记录: 第862次 - 检测到未授权文件修改: /workspace/.opencode/skills/no-unauthorized-write/SKILL.md
[2026-08-11 08:14:13] 检测到未授权写入: /workspace/.opencode/skills/no-unauthorized-write/SKILL.md
[2026-08-11 08:14:13] 违规已记录: 第863次 - 检测到未授权文件修改: /workspace/.opencode/skills/no-unauthorized-write/SKILL.md
[2026-08-11 08:14:13] 检测到未授权写入: /workspace/.opencode/skills/no-unauthorized-write/SKILL.md
[2026-08-11 08:14:13] 违规已记录: 第864次 - 检测到未授权文件修改: /workspace/.opencode/skills/no-unauthorized-write/SKILL.md
[2026-08-11 08:14:13] 检测到未授权写入: /workspace/.opencode/skills/no-unauthorized-write/SKILL.md
[2026-08-11 08:14:13] 违规已记录: 第865次 - 检测到未授权文件修改: /workspace/.opencode/skills/no-unauthorized-write/SKILL.md
[2026-08-11 08:14:13] 检测到未授权写入: /workspace/.opencode/skills/no-unauthorized-write/SKILL.md
[2026-08-11 08:14:13] 违规已记录: 第866次 - 检测到未授权文件修改: /workspace/.opencode/skills/no-unauthorized-write/SKILL.md
[2026-08-11 08:14:13] 检测到未授权写入: /workspace/.opencode/skills/no-unauthorized-write/SKILL.md
[2026-08-11 08:14:13] 违规已记录: 第867次 - 检测到未授权文件修改: /workspace/.opencode/skills/no-unauthorized-write/SKILL.md
[2026-08-11 08:14:14] 检测到未授权写入: /workspace/.opencode/skills/no-unauthorized-write/SKILL.md
[2026-08-11 08:14:14] 违规已记录: 第868次 - 检测到未授权文件修改: /workspace/.opencode/skills/no-unauthorized-write/SKILL.md
[2026-08-11 08:14:14] 检测到未授权写入: /workspace/.opencode/skills/no-unauthorized-write/SKILL.md
[2026-08-11 08:14:14] 违规已记录: 第869次 - 检测到未授权文件修改: /workspace/.opencode/skills/no-unauthorized-write/SKILL.md
[2026-08-11 08:14:14] 检测到未授权写入: /workspace/.opencode/skills/no-unauthorized-write/SKILL.md
[2026-08-11 08:14:14] 违规已记录: 第870次 - 检测到未授权文件修改: /workspace/.opencode/skills/no-unauthorized-write/SKILL.md
[2026-08-11 08:14:14] 检测到未授权写入: /workspace/.opencode/skills/no-unauthorized-write/SKILL.md
[2026-08-11 08:14:14] 违规已记录: 第871次 - 检测到未授权文件修改: /workspace/.opencode/skills/no-unauthorized-write/SKILL.md
[2026-08-11 08:14:14] 检测到未授权写入: /workspace/.opencode/skills/no-unauthorized-write/SKILL.md
[2026-08-11 08:14:14] 违规已记录: 第872次 - 检测到未授权文件修改: /workspace/.opencode/skills/no-unauthorized-write/SKILL.md
[2026-08-11 08:14:14] 检测到未授权写入: /workspace/.opencode/skills/no-unauthorized-write/SKILL.md
[2026-08-11 08:14:14] 违规已记录: 第873次 - 检测到未授权文件修改: /workspace/.opencode/skills/no-unauthorized-write/SKILL.md
[2026-08-11 08:14:14] 检测到未授权写入: /workspace/.opencode/skills/no-unauthorized-write/SKILL.md
[2026-08-11 08:14:14] 违规已记录: 第874次 - 检测到未授权文件修改: /workspace/.opencode/skills/no-unauthorized-write/SKILL.md
[2026-08-11 08:14:14] 检测到未授权写入: /workspace/.opencode/skills/no-unauthorized-write/SKILL.md
[2026-08-11 08:14:14] 违规已记录: 第875次 - 检测到未授权文件修改: /workspace/.opencode/skills/no-unauthorized-write/SKILL.md
[2026-08-11 08:14:14] 检测到未授权写入: /workspace/.opencode/skills/no-unauthorized-write/SKILL.md
[2026-08-11 08:14:14] 违规已记录: 第876次 - 检测到未授权文件修改: /workspace/.opencode/skills/no-unauthorized-write/SKILL.md
[2026-08-11 08:14:14] 检测到未授权写入: /workspace/.opencode/skills/no-unauthorized-write/SKILL.md
[2026-08-11 08:14:14] 违规已记录: 第877次 - 检测到未授权文件修改: /workspace/.opencode/skills/no-unauthorized-write/SKILL.md
[2026-08-11 08:14:15] 检测到未授权写入: /workspace/.opencode/skills/no-unauthorized-write/SKILL.md
[2026-08-11 08:14:15] 违规已记录: 第878次 - 检测到未授权文件修改: /workspace/.opencode/skills/no-unauthorized-write/SKILL.md
[2026-08-11 08:14:15] 检测到未授权写入: /workspace/.opencode/skills/no-unauthorized-write/SKILL.md
[2026-08-11 08:14:15] 违规已记录: 第879次 - 检测到未授权文件修改: /workspace/.opencode/skills/no-unauthorized-write/SKILL.md
[2026-08-11 08:14:15] 检测到未授权写入: /workspace/.opencode/skills/no-unauthorized-write/SKILL.md
[2026-08-11 08:14:15] 违规已记录: 第880次 - 检测到未授权文件修改: /workspace/.opencode/skills/no-unauthorized-write/SKILL.md
[2026-08-11 08:14:15] 检测到未授权写入: /workspace/.opencode/skills/no-unauthorized-write/SKILL.md
[2026-08-11 08:14:15] 违规已记录: 第881次 - 检测到未授权文件修改: /workspace/.opencode/skills/no-unauthorized-write/SKILL.md
[2026-08-11 08:14:15] 检测到未授权写入: /workspace/.opencode/skills/no-unauthorized-write/SKILL.md
[2026-08-11 08:14:15] 违规已记录: 第882次 - 检测到未授权文件修改: /workspace/.opencode/skills/no-unauthorized-write/SKILL.md
[2026-08-11 08:14:15] 检测到未授权写入: /workspace/.opencode/skills/no-unauthorized-write/SKILL.md
[2026-08-11 08:14:15] 违规已记录: 第883次 - 检测到未授权文件修改: /workspace/.opencode/skills/no-unauthorized-write/SKILL.md
[2026-08-11 08:14:15] 检测到未授权写入: /workspace/.opencode/skills/no-unauthorized-write/SKILL.md
[2026-08-11 08:14:15] 违规已记录: 第884次 - 检测到未授权文件修改: /workspace/.opencode/skills/no-unauthorized-write/SKILL.md
[2026-08-11 08:14:15] 检测到未授权写入: /workspace/.opencode/skills/no-unauthorized-write/SKILL.md
[2026-08-11 08:14:15] 违规已记录: 第885次 - 检测到未授权文件修改: /workspace/.opencode/skills/no-unauthorized-write/SKILL.md
[2026-08-11 08:14:15] 检测到未授权写入: /workspace/.opencode/skills/no-unauthorized-write/SKILL.md
[2026-08-11 08:14:15] 违规已记录: 第886次 - 检测到未授权文件修改: /workspace/.opencode/skills/no-unauthorized-write/SKILL.md
[2026-08-11 08:14:16] 检测到未授权写入: /workspace/.opencode/skills/no-unauthorized-write/SKILL.md
[2026-08-11 08:14:16] 违规已记录: 第887次 - 检测到未授权文件修改: /workspace/.opencode/skills/no-unauthorized-write/SKILL.md
[2026-08-11 08:14:16] 检测到未授权写入: /workspace/.opencode/skills/no-unauthorized-write/SKILL.md
[2026-08-11 08:14:16] 违规已记录: 第888次 - 检测到未授权文件修改: /workspace/.opencode/skills/no-unauthorized-write/SKILL.md
[2026-08-11 08:14:16] 检测到未授权写入: /workspace/.opencode/skills/no-unauthorized-write/SKILL.md
[2026-08-11 08:14:16] 违规已记录: 第889次 - 检测到未授权文件修改: /workspace/.opencode/skills/no-unauthorized-write/SKILL.md
[2026-08-11 08:14:16] 检测到未授权写入: /workspace/.opencode/skills/no-unauthorized-write/SKILL.md
[2026-08-11 08:14:16] 违规已记录: 第890次 - 检测到未授权文件修改: /workspace/.opencode/skills/no-unauthorized-write/SKILL.md
[2026-08-11 08:14:16] 检测到未授权写入: /workspace/.opencode/skills/no-unauthorized-write/SKILL.md
[2026-08-11 08:14:16] 违规已记录: 第891次 - 检测到未授权文件修改: /workspace/.opencode/skills/no-unauthorized-write/SKILL.md
[2026-08-11 08:14:16] 检测到未授权写入: /workspace/.opencode/skills/no-unauthorized-write/SKILL.md
[2026-08-11 08:14:16] 违规已记录: 第892次 - 检测到未授权文件修改: /workspace/.opencode/skills/no-unauthorized-write/SKILL.md
[2026-08-11 08:14:16] 检测到未授权写入: /workspace/.opencode/skills/no-unauthorized-write/SKILL.md
[2026-08-11 08:14:16] 违规已记录: 第893次 - 检测到未授权文件修改: /workspace/.opencode/skills/no-unauthorized-write/SKILL.md
[2026-08-11 08:14:16] 检测到未授权写入: /workspace/.opencode/skills/no-unauthorized-write/SKILL.md
[2026-08-11 08:14:16] 违规已记录: 第894次 - 检测到未授权文件修改: /workspace/.opencode/skills/no-unauthorized-write/SKILL.md
[2026-08-11 08:14:16] 检测到未授权写入: /workspace/.opencode/skills/no-unauthorized-write/SKILL.md
[2026-08-11 08:14:16] 违规已记录: 第895次 - 检测到未授权文件修改: /workspace/.opencode/skills/no-unauthorized-write/SKILL.md
[2026-08-11 08:14:16] 检测到未授权写入: /workspace/.opencode/skills/no-unauthorized-write/SKILL.md
[2026-08-11 08:14:16] 违规已记录: 第896次 - 检测到未授权文件修改: /workspace/.opencode/skills/no-unauthorized-write/SKILL.md
[2026-08-11 08:14:17] 检测到未授权写入: /workspace/.opencode/skills/no-unauthorized-write/SKILL.md
[2026-08-11 08:14:17] 违规已记录: 第897次 - 检测到未授权文件修改: /workspace/.opencode/skills/no-unauthorized-write/SKILL.md
[2026-08-11 08:14:17] 检测到未授权写入: /workspace/.opencode/skills/no-unauthorized-write/SKILL.md
[2026-08-11 08:14:17] 违规已记录: 第898次 - 检测到未授权文件修改: /workspace/.opencode/skills/no-unauthorized-write/SKILL.md
[2026-08-11 08:14:17] 检测到未授权写入: /workspace/.opencode/skills/no-unauthorized-write/SKILL.md
[2026-08-11 08:14:17] 违规已记录: 第899次 - 检测到未授权文件修改: /workspace/.opencode/skills/no-unauthorized-write/SKILL.md
[2026-08-11 08:14:17] 检测到未授权写入: /workspace/.opencode/skills/no-unauthorized-write/SKILL.md
[2026-08-11 08:14:17] 违规已记录: 第900次 - 检测到未授权文件修改: /workspace/.opencode/skills/no-unauthorized-write/SKILL.md
[2026-08-11 08:14:17] 检测到未授权写入: /workspace/.opencode/skills/no-unauthorized-write/SKILL.md
[2026-08-11 08:14:17] 违规已记录: 第901次 - 检测到未授权文件修改: /workspace/.opencode/skills/no-unauthorized-write/SKILL.md
[2026-08-11 08:14:17] 检测到未授权写入: /workspace/.opencode/skills/no-unauthorized-write/SKILL.md
[2026-08-11 08:14:17] 违规已记录: 第902次 - 检测到未授权文件修改: /workspace/.opencode/skills/no-unauthorized-write/SKILL.md
[2026-08-11 08:14:17] 检测到未授权写入: /workspace/.opencode/skills/no-unauthorized-write/SKILL.md
[2026-08-11 08:14:17] 违规已记录: 第903次 - 检测到未授权文件修改: /workspace/.opencode/skills/no-unauthorized-write/SKILL.md
[2026-08-11 08:14:17] 检测到未授权写入: /workspace/.opencode/skills/no-unauthorized-write/SKILL.md
[2026-08-11 08:14:17] 违规已记录: 第904次 - 检测到未授权文件修改: /workspace/.opencode/skills/no-unauthorized-write/SKILL.md
[2026-08-11 08:14:17] 检测到未授权写入: /workspace/.opencode/skills/no-unauthorized-write/SKILL.md
[2026-08-11 08:14:17] 违规已记录: 第905次 - 检测到未授权文件修改: /workspace/.opencode/skills/no-unauthorized-write/SKILL.md
[2026-08-11 08:14:18] 检测到未授权写入: /workspace/.opencode/skills/no-unauthorized-write/SKILL.md
[2026-08-11 08:14:18] 违规已记录: 第906次 - 检测到未授权文件修改: /workspace/.opencode/skills/no-unauthorized-write/SKILL.md
[2026-08-11 08:14:18] 检测到未授权写入: /workspace/.opencode/skills/no-unauthorized-write/SKILL.md
[2026-08-11 08:14:18] 违规已记录: 第907次 - 检测到未授权文件修改: /workspace/.opencode/skills/no-unauthorized-write/SKILL.md
[2026-08-11 08:14:18] 检测到未授权写入: /workspace/.opencode/skills/no-unauthorized-write/SKILL.md
[2026-08-11 08:14:18] 违规已记录: 第908次 - 检测到未授权文件修改: /workspace/.opencode/skills/no-unauthorized-write/SKILL.md
[2026-08-11 08:14:18] 检测到未授权写入: /workspace/.opencode/skills/no-unauthorized-write/SKILL.md
[2026-08-11 08:14:18] 违规已记录: 第909次 - 检测到未授权文件修改: /workspace/.opencode/skills/no-unauthorized-write/SKILL.md
[2026-08-11 08:14:18] 检测到未授权写入: /workspace/.opencode/skills/no-unauthorized-write/SKILL.md
[2026-08-11 08:14:18] 违规已记录: 第910次 - 检测到未授权文件修改: /workspace/.opencode/skills/no-unauthorized-write/SKILL.md
[2026-08-11 08:14:18] 检测到未授权写入: /workspace/.opencode/skills/no-unauthorized-write/SKILL.md
[2026-08-11 08:14:18] 违规已记录: 第911次 - 检测到未授权文件修改: /workspace/.opencode/skills/no-unauthorized-write/SKILL.md
[2026-08-11 08:14:18] 检测到未授权写入: /workspace/.opencode/skills/no-unauthorized-write/SKILL.md
[2026-08-11 08:14:18] 违规已记录: 第912次 - 检测到未授权文件修改: /workspace/.opencode/skills/no-unauthorized-write/SKILL.md
[2026-08-11 08:14:18] 检测到未授权写入: /workspace/.opencode/skills/no-unauthorized-write/SKILL.md
[2026-08-11 08:14:18] 违规已记录: 第913次 - 检测到未授权文件修改: /workspace/.opencode/skills/no-unauthorized-write/SKILL.md
[2026-08-11 08:14:18] 检测到未授权写入: /workspace/.opencode/skills/no-unauthorized-write/SKILL.md
[2026-08-11 08:14:18] 违规已记录: 第914次 - 检测到未授权文件修改: /workspace/.opencode/skills/no-unauthorized-write/SKILL.md
[2026-08-11 08:14:18] 检测到未授权写入: /workspace/.opencode/skills/no-unauthorized-write/SKILL.md
[2026-08-11 08:14:18] 违规已记录: 第915次 - 检测到未授权文件修改: /workspace/.opencode/skills/no-unauthorized-write/SKILL.md
[2026-08-11 08:14:19] 检测到未授权写入: /workspace/.opencode/skills/no-unauthorized-write/SKILL.md
[2026-08-11 08:14:19] 违规已记录: 第916次 - 检测到未授权文件修改: /workspace/.opencode/skills/no-unauthorized-write/SKILL.md
[2026-08-11 08:14:19] 检测到未授权写入: /workspace/.opencode/skills/no-unauthorized-write/SKILL.md
[2026-08-11 08:14:19] 违规已记录: 第917次 - 检测到未授权文件修改: /workspace/.opencode/skills/no-unauthorized-write/SKILL.md
[2026-08-11 08:14:19] 检测到未授权写入: /workspace/.opencode/skills/no-unauthorized-write/SKILL.md
[2026-08-11 08:14:19] 违规已记录: 第918次 - 检测到未授权文件修改: /workspace/.opencode/skills/no-unauthorized-write/SKILL.md
[2026-08-11 08:14:19] 检测到未授权写入: /workspace/.opencode/skills/no-unauthorized-write/SKILL.md
[2026-08-11 08:14:19] 违规已记录: 第919次 - 检测到未授权文件修改: /workspace/.opencode/skills/no-unauthorized-write/SKILL.md
[2026-08-11 08:14:19] 检测到未授权写入: /workspace/.opencode/skills/no-unauthorized-write/SKILL.md
[2026-08-11 08:14:19] 违规已记录: 第920次 - 检测到未授权文件修改: /workspace/.opencode/skills/no-unauthorized-write/SKILL.md
[2026-08-11 08:14:19] 检测到未授权写入: /workspace/.opencode/skills/no-unauthorized-write/SKILL.md
[2026-08-11 08:14:19] 违规已记录: 第921次 - 检测到未授权文件修改: /workspace/.opencode/skills/no-unauthorized-write/SKILL.md
[2026-08-11 08:14:19] 检测到未授权写入: /workspace/.opencode/skills/no-unauthorized-write/SKILL.md
[2026-08-11 08:14:19] 违规已记录: 第922次 - 检测到未授权文件修改: /workspace/.opencode/skills/no-unauthorized-write/SKILL.md
[2026-08-11 08:14:19] 检测到未授权写入: /workspace/.opencode/skills/no-unauthorized-write/SKILL.md
[2026-08-11 08:14:19] 违规已记录: 第923次 - 检测到未授权文件修改: /workspace/.opencode/skills/no-unauthorized-write/SKILL.md
[2026-08-11 08:14:19] 检测到未授权写入: /workspace/.opencode/skills/no-unauthorized-write/SKILL.md
[2026-08-11 08:14:19] 违规已记录: 第924次 - 检测到未授权文件修改: /workspace/.opencode/skills/no-unauthorized-write/SKILL.md
[2026-08-11 08:14:20] 检测到未授权写入: /workspace/.opencode/skills/no-unauthorized-write/SKILL.md
[2026-08-11 08:14:20] 违规已记录: 第925次 - 检测到未授权文件修改: /workspace/.opencode/skills/no-unauthorized-write/SKILL.md
[2026-08-11 08:14:20] 检测到未授权写入: /workspace/.opencode/skills/no-unauthorized-write/SKILL.md
[2026-08-11 08:14:20] 违规已记录: 第926次 - 检测到未授权文件修改: /workspace/.opencode/skills/no-unauthorized-write/SKILL.md
[2026-08-11 08:14:20] 检测到未授权写入: /workspace/.opencode/skills/no-unauthorized-write/SKILL.md
[2026-08-11 08:14:20] 违规已记录: 第927次 - 检测到未授权文件修改: /workspace/.opencode/skills/no-unauthorized-write/SKILL.md
[2026-08-11 08:14:20] 检测到未授权写入: /workspace/.opencode/skills/no-unauthorized-write/SKILL.md
[2026-08-11 08:14:20] 违规已记录: 第928次 - 检测到未授权文件修改: /workspace/.opencode/skills/no-unauthorized-write/SKILL.md
[2026-08-11 08:14:20] 检测到未授权写入: /workspace/.opencode/skills/no-unauthorized-write/SKILL.md
[2026-08-11 08:14:20] 违规已记录: 第929次 - 检测到未授权文件修改: /workspace/.opencode/skills/no-unauthorized-write/SKILL.md
[2026-08-11 08:14:20] 检测到未授权写入: /workspace/.opencode/skills/no-unauthorized-write/SKILL.md
[2026-08-11 08:14:20] 违规已记录: 第930次 - 检测到未授权文件修改: /workspace/.opencode/skills/no-unauthorized-write/SKILL.md
[2026-08-11 08:14:20] 检测到未授权写入: /workspace/.opencode/skills/no-unauthorized-write/SKILL.md
[2026-08-11 08:14:20] 违规已记录: 第931次 - 检测到未授权文件修改: /workspace/.opencode/skills/no-unauthorized-write/SKILL.md
[2026-08-11 08:14:20] 检测到未授权写入: /workspace/.opencode/skills/no-unauthorized-write/SKILL.md
[2026-08-11 08:14:20] 违规已记录: 第932次 - 检测到未授权文件修改: /workspace/.opencode/skills/no-unauthorized-write/SKILL.md
[2026-08-11 08:14:20] 检测到未授权写入: /workspace/.opencode/skills/no-unauthorized-write/SKILL.md
[2026-08-11 08:14:20] 违规已记录: 第933次 - 检测到未授权文件修改: /workspace/.opencode/skills/no-unauthorized-write/SKILL.md
[2026-08-11 08:14:20] 检测到未授权写入: /workspace/.opencode/skills/no-unauthorized-write/SKILL.md
[2026-08-11 08:14:20] 违规已记录: 第934次 - 检测到未授权文件修改: /workspace/.opencode/skills/no-unauthorized-write/SKILL.md
[2026-08-11 08:14:21] 检测到未授权写入: /workspace/.opencode/skills/no-unauthorized-write/SKILL.md
[2026-08-11 08:14:21] 违规已记录: 第935次 - 检测到未授权文件修改: /workspace/.opencode/skills/no-unauthorized-write/SKILL.md
[2026-08-11 08:14:21] 检测到未授权写入: /workspace/.opencode/skills/no-unauthorized-write/SKILL.md
[2026-08-11 08:14:21] 违规已记录: 第936次 - 检测到未授权文件修改: /workspace/.opencode/skills/no-unauthorized-write/SKILL.md
[2026-08-11 08:14:21] 检测到未授权写入: /workspace/.opencode/skills/no-unauthorized-write/SKILL.md
[2026-08-11 08:14:21] 违规已记录: 第937次 - 检测到未授权文件修改: /workspace/.opencode/skills/no-unauthorized-write/SKILL.md
[2026-08-11 08:14:21] 检测到未授权写入: /workspace/.opencode/skills/no-unauthorized-write/SKILL.md
[2026-08-11 08:14:21] 违规已记录: 第938次 - 检测到未授权文件修改: /workspace/.opencode/skills/no-unauthorized-write/SKILL.md
[2026-08-11 08:14:21] 检测到未授权写入: /workspace/.opencode/skills/no-unauthorized-write/SKILL.md
[2026-08-11 08:14:21] 违规已记录: 第939次 - 检测到未授权文件修改: /workspace/.opencode/skills/no-unauthorized-write/SKILL.md
[2026-08-11 08:14:21] 检测到未授权写入: /workspace/.opencode/skills/no-unauthorized-write/SKILL.md
[2026-08-11 08:14:21] 违规已记录: 第940次 - 检测到未授权文件修改: /workspace/.opencode/skills/no-unauthorized-write/SKILL.md
[2026-08-11 08:14:21] 检测到未授权写入: /workspace/.opencode/skills/no-unauthorized-write/SKILL.md
[2026-08-11 08:14:21] 违规已记录: 第941次 - 检测到未授权文件修改: /workspace/.opencode/skills/no-unauthorized-write/SKILL.md
[2026-08-11 08:14:21] 检测到未授权写入: /workspace/.opencode/skills/no-unauthorized-write/SKILL.md
[2026-08-11 08:14:21] 违规已记录: 第942次 - 检测到未授权文件修改: /workspace/.opencode/skills/no-unauthorized-write/SKILL.md
[2026-08-11 08:14:21] 检测到未授权写入: /workspace/.opencode/skills/no-unauthorized-write/SKILL.md
[2026-08-11 08:14:21] 违规已记录: 第943次 - 检测到未授权文件修改: /workspace/.opencode/skills/no-unauthorized-write/SKILL.md
[2026-08-11 08:14:22] 检测到未授权写入: /workspace/.opencode/skills/no-unauthorized-write/SKILL.md
[2026-08-11 08:14:22] 违规已记录: 第944次 - 检测到未授权文件修改: /workspace/.opencode/skills/no-unauthorized-write/SKILL.md
[2026-08-11 08:14:22] 检测到未授权写入: /workspace/.opencode/skills/no-unauthorized-write/SKILL.md
[2026-08-11 08:14:22] 违规已记录: 第945次 - 检测到未授权文件修改: /workspace/.opencode/skills/no-unauthorized-write/SKILL.md
[2026-08-11 08:14:22] 检测到未授权写入: /workspace/.opencode/skills/no-unauthorized-write/SKILL.md
[2026-08-11 08:14:22] 违规已记录: 第946次 - 检测到未授权文件修改: /workspace/.opencode/skills/no-unauthorized-write/SKILL.md
[2026-08-11 08:14:22] 检测到未授权写入: /workspace/.opencode/skills/no-unauthorized-write/SKILL.md
[2026-08-11 08:14:22] 违规已记录: 第947次 - 检测到未授权文件修改: /workspace/.opencode/skills/no-unauthorized-write/SKILL.md
[2026-08-11 08:14:22] 检测到未授权写入: /workspace/.opencode/skills/no-unauthorized-write/SKILL.md
[2026-08-11 08:14:22] 违规已记录: 第948次 - 检测到未授权文件修改: /workspace/.opencode/skills/no-unauthorized-write/SKILL.md
[2026-08-11 08:14:22] 检测到未授权写入: /workspace/.opencode/skills/no-unauthorized-write/SKILL.md
[2026-08-11 08:14:22] 违规已记录: 第949次 - 检测到未授权文件修改: /workspace/.opencode/skills/no-unauthorized-write/SKILL.md
[2026-08-11 08:14:22] 检测到未授权写入: /workspace/.opencode/skills/no-unauthorized-write/SKILL.md
[2026-08-11 08:14:22] 违规已记录: 第950次 - 检测到未授权文件修改: /workspace/.opencode/skills/no-unauthorized-write/SKILL.md
[2026-08-11 08:14:22] 检测到未授权写入: /workspace/.opencode/skills/no-unauthorized-write/SKILL.md
[2026-08-11 08:14:22] 违规已记录: 第951次 - 检测到未授权文件修改: /workspace/.opencode/skills/no-unauthorized-write/SKILL.md
[2026-08-11 08:14:22] 检测到未授权写入: /workspace/.opencode/skills/no-unauthorized-write/SKILL.md
[2026-08-11 08:14:22] 违规已记录: 第952次 - 检测到未授权文件修改: /workspace/.opencode/skills/no-unauthorized-write/SKILL.md
[2026-08-11 08:14:22] 检测到未授权写入: /workspace/.opencode/skills/no-unauthorized-write/SKILL.md
[2026-08-11 08:14:22] 违规已记录: 第953次 - 检测到未授权文件修改: /workspace/.opencode/skills/no-unauthorized-write/SKILL.md
[2026-08-11 08:14:23] 检测到未授权写入: /workspace/.opencode/skills/no-unauthorized-write/SKILL.md
[2026-08-11 08:14:23] 违规已记录: 第954次 - 检测到未授权文件修改: /workspace/.opencode/skills/no-unauthorized-write/SKILL.md
[2026-08-11 08:14:23] 检测到未授权写入: /workspace/.opencode/skills/no-unauthorized-write/SKILL.md
[2026-08-11 08:14:23] 违规已记录: 第955次 - 检测到未授权文件修改: /workspace/.opencode/skills/no-unauthorized-write/SKILL.md
[2026-08-11 08:14:23] 检测到未授权写入: /workspace/.opencode/skills/no-unauthorized-write/SKILL.md
[2026-08-11 08:14:23] 违规已记录: 第956次 - 检测到未授权文件修改: /workspace/.opencode/skills/no-unauthorized-write/SKILL.md
[2026-08-11 08:14:23] 检测到未授权写入: /workspace/.opencode/skills/no-unauthorized-write/SKILL.md
[2026-08-11 08:14:23] 违规已记录: 第957次 - 检测到未授权文件修改: /workspace/.opencode/skills/no-unauthorized-write/SKILL.md
[2026-08-11 08:14:23] 检测到未授权写入: /workspace/.opencode/skills/no-unauthorized-write/SKILL.md
[2026-08-11 08:14:23] 违规已记录: 第958次 - 检测到未授权文件修改: /workspace/.opencode/skills/no-unauthorized-write/SKILL.md
[2026-08-11 08:14:23] 检测到未授权写入: /workspace/.opencode/skills/no-unauthorized-write/SKILL.md
[2026-08-11 08:14:23] 违规已记录: 第959次 - 检测到未授权文件修改: /workspace/.opencode/skills/no-unauthorized-write/SKILL.md
[2026-08-11 08:14:23] 检测到未授权写入: /workspace/.opencode/skills/no-unauthorized-write/SKILL.md
[2026-08-11 08:14:23] 违规已记录: 第960次 - 检测到未授权文件修改: /workspace/.opencode/skills/no-unauthorized-write/SKILL.md
[2026-08-11 08:14:23] 检测到未授权写入: /workspace/.opencode/skills/no-unauthorized-write/SKILL.md
[2026-08-11 08:14:23] 违规已记录: 第961次 - 检测到未授权文件修改: /workspace/.opencode/skills/no-unauthorized-write/SKILL.md
[2026-08-11 08:14:23] 检测到未授权写入: /workspace/.opencode/skills/no-unauthorized-write/SKILL.md
[2026-08-11 08:14:23] 违规已记录: 第962次 - 检测到未授权文件修改: /workspace/.opencode/skills/no-unauthorized-write/SKILL.md
[2026-08-11 08:14:24] 检测到未授权写入: /workspace/.opencode/skills/no-unauthorized-write/SKILL.md
[2026-08-11 08:14:24] 违规已记录: 第963次 - 检测到未授权文件修改: /workspace/.opencode/skills/no-unauthorized-write/SKILL.md
[2026-08-11 08:14:24] 检测到未授权写入: /workspace/.opencode/skills/no-unauthorized-write/SKILL.md
[2026-08-11 08:14:24] 违规已记录: 第964次 - 检测到未授权文件修改: /workspace/.opencode/skills/no-unauthorized-write/SKILL.md
[2026-08-11 08:14:24] 检测到未授权写入: /workspace/.opencode/skills/no-unauthorized-write/SKILL.md
[2026-08-11 08:14:24] 违规已记录: 第965次 - 检测到未授权文件修改: /workspace/.opencode/skills/no-unauthorized-write/SKILL.md
[2026-08-11 08:14:24] 检测到未授权写入: /workspace/.opencode/skills/no-unauthorized-write/SKILL.md
[2026-08-11 08:14:24] 违规已记录: 第966次 - 检测到未授权文件修改: /workspace/.opencode/skills/no-unauthorized-write/SKILL.md
[2026-08-11 08:14:24] 检测到未授权写入: /workspace/.opencode/skills/no-unauthorized-write/SKILL.md
[2026-08-11 08:14:24] 违规已记录: 第967次 - 检测到未授权文件修改: /workspace/.opencode/skills/no-unauthorized-write/SKILL.md
[2026-08-11 08:14:24] 检测到未授权写入: /workspace/.opencode/skills/no-unauthorized-write/SKILL.md
[2026-08-11 08:14:24] 违规已记录: 第968次 - 检测到未授权文件修改: /workspace/.opencode/skills/no-unauthorized-write/SKILL.md
[2026-08-11 08:14:24] 检测到未授权写入: /workspace/.opencode/skills/no-unauthorized-write/SKILL.md
[2026-08-11 08:14:24] 违规已记录: 第969次 - 检测到未授权文件修改: /workspace/.opencode/skills/no-unauthorized-write/SKILL.md
[2026-08-11 08:14:24] 检测到未授权写入: /workspace/.opencode/skills/no-unauthorized-write/SKILL.md
[2026-08-11 08:14:24] 违规已记录: 第970次 - 检测到未授权文件修改: /workspace/.opencode/skills/no-unauthorized-write/SKILL.md
[2026-08-11 08:14:24] 检测到未授权写入: /workspace/.opencode/skills/no-unauthorized-write/SKILL.md
[2026-08-11 08:14:24] 违规已记录: 第971次 - 检测到未授权文件修改: /workspace/.opencode/skills/no-unauthorized-write/SKILL.md
[2026-08-11 08:14:24] 检测到未授权写入: /workspace/.opencode/skills/no-unauthorized-write/SKILL.md
[2026-08-11 08:14:24] 违规已记录: 第972次 - 检测到未授权文件修改: /workspace/.opencode/skills/no-unauthorized-write/SKILL.md
[2026-08-11 08:14:25] 检测到未授权写入: /workspace/.opencode/skills/no-unauthorized-write/SKILL.md
[2026-08-11 08:14:25] 违规已记录: 第973次 - 检测到未授权文件修改: /workspace/.opencode/skills/no-unauthorized-write/SKILL.md
[2026-08-11 08:14:25] 检测到未授权写入: /workspace/.opencode/skills/no-unauthorized-write/SKILL.md
[2026-08-11 08:14:25] 违规已记录: 第974次 - 检测到未授权文件修改: /workspace/.opencode/skills/no-unauthorized-write/SKILL.md
[2026-08-11 08:14:25] 检测到未授权写入: /workspace/.opencode/skills/no-unauthorized-write/SKILL.md
[2026-08-11 08:14:25] 违规已记录: 第975次 - 检测到未授权文件修改: /workspace/.opencode/skills/no-unauthorized-write/SKILL.md
[2026-08-11 08:14:25] 检测到未授权写入: /workspace/.opencode/skills/no-unauthorized-write/SKILL.md
[2026-08-11 08:14:25] 违规已记录: 第976次 - 检测到未授权文件修改: /workspace/.opencode/skills/no-unauthorized-write/SKILL.md
[2026-08-11 08:14:25] 检测到未授权写入: /workspace/.opencode/skills/no-unauthorized-write/SKILL.md
[2026-08-11 08:14:25] 违规已记录: 第977次 - 检测到未授权文件修改: /workspace/.opencode/skills/no-unauthorized-write/SKILL.md
[2026-08-11 08:14:25] 检测到未授权写入: /workspace/.opencode/skills/no-unauthorized-write/SKILL.md
[2026-08-11 08:14:25] 违规已记录: 第978次 - 检测到未授权文件修改: /workspace/.opencode/skills/no-unauthorized-write/SKILL.md
[2026-08-11 08:14:25] 检测到未授权写入: /workspace/.opencode/skills/no-unauthorized-write/SKILL.md
[2026-08-11 08:14:25] 违规已记录: 第979次 - 检测到未授权文件修改: /workspace/.opencode/skills/no-unauthorized-write/SKILL.md
[2026-08-11 08:14:25] 检测到未授权写入: /workspace/.opencode/skills/no-unauthorized-write/SKILL.md
[2026-08-11 08:14:25] 违规已记录: 第980次 - 检测到未授权文件修改: /workspace/.opencode/skills/no-unauthorized-write/SKILL.md
[2026-08-11 08:14:25] 检测到未授权写入: /workspace/.opencode/skills/no-unauthorized-write/SKILL.md
[2026-08-11 08:14:25] 违规已记录: 第981次 - 检测到未授权文件修改: /workspace/.opencode/skills/no-unauthorized-write/SKILL.md
[2026-08-11 08:14:26] 检测到未授权写入: /workspace/.opencode/skills/no-unauthorized-write/SKILL.md
[2026-08-11 08:14:26] 违规已记录: 第982次 - 检测到未授权文件修改: /workspace/.opencode/skills/no-unauthorized-write/SKILL.md
[2026-08-11 08:14:26] 检测到未授权写入: /workspace/.opencode/skills/no-unauthorized-write/SKILL.md
[2026-08-11 08:14:26] 违规已记录: 第983次 - 检测到未授权文件修改: /workspace/.opencode/skills/no-unauthorized-write/SKILL.md
[2026-08-11 08:14:26] 检测到未授权写入: /workspace/.opencode/skills/no-unauthorized-write/SKILL.md
[2026-08-11 08:14:26] 违规已记录: 第984次 - 检测到未授权文件修改: /workspace/.opencode/skills/no-unauthorized-write/SKILL.md
[2026-08-11 08:14:26] 检测到未授权写入: /workspace/.opencode/skills/no-unauthorized-write/SKILL.md
[2026-08-11 08:14:26] 违规已记录: 第985次 - 检测到未授权文件修改: /workspace/.opencode/skills/no-unauthorized-write/SKILL.md
[2026-08-11 08:14:26] 检测到未授权写入: /workspace/.opencode/skills/no-unauthorized-write/SKILL.md
[2026-08-11 08:14:26] 违规已记录: 第986次 - 检测到未授权文件修改: /workspace/.opencode/skills/no-unauthorized-write/SKILL.md
[2026-08-11 08:14:26] 检测到未授权写入: /workspace/.opencode/skills/no-unauthorized-write/SKILL.md
[2026-08-11 08:14:26] 违规已记录: 第987次 - 检测到未授权文件修改: /workspace/.opencode/skills/no-unauthorized-write/SKILL.md
[2026-08-11 08:14:26] 检测到未授权写入: /workspace/.opencode/skills/no-unauthorized-write/SKILL.md
[2026-08-11 08:14:26] 违规已记录: 第988次 - 检测到未授权文件修改: /workspace/.opencode/skills/no-unauthorized-write/SKILL.md
[2026-08-11 08:14:26] 检测到未授权写入: /workspace/.opencode/skills/no-unauthorized-write/SKILL.md
[2026-08-11 08:14:26] 违规已记录: 第989次 - 检测到未授权文件修改: /workspace/.opencode/skills/no-unauthorized-write/SKILL.md
[2026-08-11 08:14:26] 检测到未授权写入: /workspace/.opencode/skills/no-unauthorized-write/SKILL.md
[2026-08-11 08:14:26] 违规已记录: 第990次 - 检测到未授权文件修改: /workspace/.opencode/skills/no-unauthorized-write/SKILL.md
[2026-08-11 08:14:26] 检测到未授权写入: /workspace/.opencode/skills/no-unauthorized-write/SKILL.md
[2026-08-11 08:14:26] 违规已记录: 第991次 - 检测到未授权文件修改: /workspace/.opencode/skills/no-unauthorized-write/SKILL.md
[2026-08-11 08:14:27] 检测到未授权写入: /workspace/.opencode/skills/no-unauthorized-write/SKILL.md
[2026-08-11 08:14:27] 违规已记录: 第992次 - 检测到未授权文件修改: /workspace/.opencode/skills/no-unauthorized-write/SKILL.md
[2026-08-11 08:14:27] 检测到未授权写入: /workspace/.opencode/skills/no-unauthorized-write/SKILL.md
[2026-08-11 08:14:27] 违规已记录: 第993次 - 检测到未授权文件修改: /workspace/.opencode/skills/no-unauthorized-write/SKILL.md
[2026-08-11 08:14:27] 检测到未授权写入: /workspace/.opencode/skills/no-unauthorized-write/SKILL.md
[2026-08-11 08:14:27] 违规已记录: 第994次 - 检测到未授权文件修改: /workspace/.opencode/skills/no-unauthorized-write/SKILL.md
[2026-08-11 08:14:27] 检测到未授权写入: /workspace/.opencode/skills/no-unauthorized-write/SKILL.md
[2026-08-11 08:14:27] 违规已记录: 第995次 - 检测到未授权文件修改: /workspace/.opencode/skills/no-unauthorized-write/SKILL.md
[2026-08-11 08:14:27] 检测到未授权写入: /workspace/.opencode/skills/no-unauthorized-write/SKILL.md
[2026-08-11 08:14:27] 违规已记录: 第996次 - 检测到未授权文件修改: /workspace/.opencode/skills/no-unauthorized-write/SKILL.md
[2026-08-11 08:14:27] 检测到未授权写入: /workspace/.opencode/skills/no-unauthorized-write/SKILL.md
[2026-08-11 08:14:27] 违规已记录: 第997次 - 检测到未授权文件修改: /workspace/.opencode/skills/no-unauthorized-write/SKILL.md
[2026-08-11 08:14:27] 检测到未授权写入: /workspace/.opencode/skills/no-unauthorized-write/SKILL.md
[2026-08-11 08:14:27] 违规已记录: 第998次 - 检测到未授权文件修改: /workspace/.opencode/skills/no-unauthorized-write/SKILL.md
[2026-08-11 08:14:27] 检测到未授权写入: /workspace/.opencode/skills/no-unauthorized-write/SKILL.md
[2026-08-11 08:14:27] 违规已记录: 第999次 - 检测到未授权文件修改: /workspace/.opencode/skills/no-unauthorized-write/SKILL.md
[2026-08-11 08:14:27] 检测到未授权写入: /workspace/.opencode/skills/no-unauthorized-write/SKILL.md
[2026-08-11 08:14:27] 违规已记录: 第1000次 - 检测到未授权文件修改: /workspace/.opencode/skills/no-unauthorized-write/SKILL.md
[2026-08-11 08:14:28] 检测到未授权写入: /workspace/.opencode/skills/no-unauthorized-write/SKILL.md
[2026-08-11 08:14:28] 违规已记录: 第1001次 - 检测到未授权文件修改: /workspace/.opencode/skills/no-unauthorized-write/SKILL.md
[2026-08-11 08:14:28] 检测到未授权写入: /workspace/.opencode/skills/no-unauthorized-write/SKILL.md
[2026-08-11 08:14:28] 违规已记录: 第1002次 - 检测到未授权文件修改: /workspace/.opencode/skills/no-unauthorized-write/SKILL.md
[2026-08-11 08:14:28] 检测到未授权写入: /workspace/.opencode/skills/no-unauthorized-write/SKILL.md
[2026-08-11 08:14:28] 违规已记录: 第1003次 - 检测到未授权文件修改: /workspace/.opencode/skills/no-unauthorized-write/SKILL.md
[2026-08-11 08:14:28] 检测到未授权写入: /workspace/.opencode/skills/no-unauthorized-write/SKILL.md
[2026-08-11 08:14:28] 违规已记录: 第1004次 - 检测到未授权文件修改: /workspace/.opencode/skills/no-unauthorized-write/SKILL.md
[2026-08-11 08:14:28] 检测到未授权写入: /workspace/.opencode/skills/no-unauthorized-write/SKILL.md
[2026-08-11 08:14:28] 违规已记录: 第1005次 - 检测到未授权文件修改: /workspace/.opencode/skills/no-unauthorized-write/SKILL.md
[2026-08-11 08:14:28] 检测到未授权写入: /workspace/.opencode/skills/no-unauthorized-write/SKILL.md
[2026-08-11 08:14:28] 违规已记录: 第1006次 - 检测到未授权文件修改: /workspace/.opencode/skills/no-unauthorized-write/SKILL.md
[2026-08-11 08:14:28] 检测到未授权写入: /workspace/.opencode/skills/no-unauthorized-write/SKILL.md
[2026-08-11 08:14:28] 违规已记录: 第1007次 - 检测到未授权文件修改: /workspace/.opencode/skills/no-unauthorized-write/SKILL.md
[2026-08-11 08:14:28] 检测到未授权写入: /workspace/.opencode/skills/no-unauthorized-write/SKILL.md
[2026-08-11 08:14:28] 违规已记录: 第1008次 - 检测到未授权文件修改: /workspace/.opencode/skills/no-unauthorized-write/SKILL.md
[2026-08-11 08:14:28] 检测到未授权写入: /workspace/.opencode/skills/no-unauthorized-write/SKILL.md
[2026-08-11 08:14:28] 违规已记录: 第1009次 - 检测到未授权文件修改: /workspace/.opencode/skills/no-unauthorized-write/SKILL.md
[2026-08-11 08:14:28] 检测到未授权写入: /workspace/.opencode/skills/no-unauthorized-write/SKILL.md
[2026-08-11 08:14:28] 违规已记录: 第1010次 - 检测到未授权文件修改: /workspace/.opencode/skills/no-unauthorized-write/SKILL.md
[2026-08-11 08:14:29] 检测到未授权写入: /workspace/.opencode/skills/no-unauthorized-write/SKILL.md
[2026-08-11 08:14:29] 违规已记录: 第1011次 - 检测到未授权文件修改: /workspace/.opencode/skills/no-unauthorized-write/SKILL.md
[2026-08-11 08:14:29] 检测到未授权写入: /workspace/.opencode/skills/no-unauthorized-write/SKILL.md
[2026-08-11 08:14:29] 违规已记录: 第1012次 - 检测到未授权文件修改: /workspace/.opencode/skills/no-unauthorized-write/SKILL.md
[2026-08-11 08:14:29] 检测到未授权写入: /workspace/.opencode/skills/no-unauthorized-write/SKILL.md
[2026-08-11 08:14:29] 违规已记录: 第1013次 - 检测到未授权文件修改: /workspace/.opencode/skills/no-unauthorized-write/SKILL.md
[2026-08-11 08:14:29] 检测到未授权写入: /workspace/.opencode/skills/no-unauthorized-write/SKILL.md
[2026-08-11 08:14:29] 违规已记录: 第1014次 - 检测到未授权文件修改: /workspace/.opencode/skills/no-unauthorized-write/SKILL.md
[2026-08-11 08:14:29] 检测到未授权写入: /workspace/.opencode/skills/no-unauthorized-write/SKILL.md
[2026-08-11 08:14:29] 违规已记录: 第1015次 - 检测到未授权文件修改: /workspace/.opencode/skills/no-unauthorized-write/SKILL.md
[2026-08-11 08:14:29] 检测到未授权写入: /workspace/.opencode/skills/no-unauthorized-write/SKILL.md
[2026-08-11 08:14:29] 违规已记录: 第1016次 - 检测到未授权文件修改: /workspace/.opencode/skills/no-unauthorized-write/SKILL.md
[2026-08-11 08:14:29] 检测到未授权写入: /workspace/.opencode/skills/no-unauthorized-write/SKILL.md
[2026-08-11 08:14:29] 违规已记录: 第1017次 - 检测到未授权文件修改: /workspace/.opencode/skills/no-unauthorized-write/SKILL.md
[2026-08-11 08:14:29] 检测到未授权写入: /workspace/.opencode/skills/no-unauthorized-write/SKILL.md
[2026-08-11 08:14:29] 违规已记录: 第1018次 - 检测到未授权文件修改: /workspace/.opencode/skills/no-unauthorized-write/SKILL.md
[2026-08-11 08:14:29] 检测到未授权写入: /workspace/.opencode/skills/no-unauthorized-write/SKILL.md
[2026-08-11 08:14:29] 违规已记录: 第1019次 - 检测到未授权文件修改: /workspace/.opencode/skills/no-unauthorized-write/SKILL.md
[2026-08-11 08:14:30] 检测到未授权写入: /workspace/.opencode/skills/no-unauthorized-write/SKILL.md
[2026-08-11 08:14:30] 违规已记录: 第1020次 - 检测到未授权文件修改: /workspace/.opencode/skills/no-unauthorized-write/SKILL.md
[2026-08-11 08:14:30] 检测到未授权写入: /workspace/.opencode/skills/no-unauthorized-write/SKILL.md
[2026-08-11 08:14:30] 违规已记录: 第1021次 - 检测到未授权文件修改: /workspace/.opencode/skills/no-unauthorized-write/SKILL.md
[2026-08-11 08:14:30] 检测到未授权写入: /workspace/.opencode/skills/no-unauthorized-write/SKILL.md
[2026-08-11 08:14:30] 违规已记录: 第1022次 - 检测到未授权文件修改: /workspace/.opencode/skills/no-unauthorized-write/SKILL.md
[2026-08-11 08:14:30] 检测到未授权写入: /workspace/.opencode/skills/no-unauthorized-write/SKILL.md
[2026-08-11 08:14:30] 违规已记录: 第1023次 - 检测到未授权文件修改: /workspace/.opencode/skills/no-unauthorized-write/SKILL.md
[2026-08-11 08:14:30] 检测到未授权写入: /workspace/.opencode/skills/no-unauthorized-write/SKILL.md
[2026-08-11 08:14:30] 违规已记录: 第1024次 - 检测到未授权文件修改: /workspace/.opencode/skills/no-unauthorized-write/SKILL.md
[2026-08-11 08:14:30] 检测到未授权写入: /workspace/.opencode/skills/no-unauthorized-write/SKILL.md
[2026-08-11 08:14:30] 违规已记录: 第1025次 - 检测到未授权文件修改: /workspace/.opencode/skills/no-unauthorized-write/SKILL.md
[2026-08-11 08:14:30] 检测到未授权写入: /workspace/.opencode/skills/no-unauthorized-write/SKILL.md
[2026-08-11 08:14:30] 违规已记录: 第1026次 - 检测到未授权文件修改: /workspace/.opencode/skills/no-unauthorized-write/SKILL.md
[2026-08-11 08:14:30] 检测到未授权写入: /workspace/.opencode/skills/no-unauthorized-write/SKILL.md
[2026-08-11 08:14:30] 违规已记录: 第1027次 - 检测到未授权文件修改: /workspace/.opencode/skills/no-unauthorized-write/SKILL.md
[2026-08-11 08:14:30] 检测到未授权写入: /workspace/.opencode/skills/no-unauthorized-write/SKILL.md
[2026-08-11 08:14:30] 违规已记录: 第1028次 - 检测到未授权文件修改: /workspace/.opencode/skills/no-unauthorized-write/SKILL.md
[2026-08-11 08:14:30] 检测到未授权写入: /workspace/.opencode/skills/no-unauthorized-write/SKILL.md
[2026-08-11 08:14:30] 违规已记录: 第1029次 - 检测到未授权文件修改: /workspace/.opencode/skills/no-unauthorized-write/SKILL.md
[2026-08-11 08:14:31] 检测到未授权写入: /workspace/.opencode/skills/no-unauthorized-write/SKILL.md
[2026-08-11 08:14:31] 违规已记录: 第1030次 - 检测到未授权文件修改: /workspace/.opencode/skills/no-unauthorized-write/SKILL.md
[2026-08-11 08:14:31] 检测到未授权写入: /workspace/.opencode/skills/no-unauthorized-write/SKILL.md
[2026-08-11 08:14:31] 违规已记录: 第1031次 - 检测到未授权文件修改: /workspace/.opencode/skills/no-unauthorized-write/SKILL.md
[2026-08-11 08:14:31] 检测到未授权写入: /workspace/.opencode/skills/no-unauthorized-write/SKILL.md
[2026-08-11 08:14:31] 违规已记录: 第1032次 - 检测到未授权文件修改: /workspace/.opencode/skills/no-unauthorized-write/SKILL.md
[2026-08-11 08:14:31] 检测到未授权写入: /workspace/.opencode/skills/no-unauthorized-write/SKILL.md
[2026-08-11 08:14:31] 违规已记录: 第1033次 - 检测到未授权文件修改: /workspace/.opencode/skills/no-unauthorized-write/SKILL.md
[2026-08-11 08:14:31] 检测到未授权写入: /workspace/.opencode/skills/no-unauthorized-write/SKILL.md
[2026-08-11 08:14:31] 违规已记录: 第1034次 - 检测到未授权文件修改: /workspace/.opencode/skills/no-unauthorized-write/SKILL.md
[2026-08-11 08:14:31] 检测到未授权写入: /workspace/.opencode/skills/no-unauthorized-write/SKILL.md
[2026-08-11 08:14:31] 违规已记录: 第1035次 - 检测到未授权文件修改: /workspace/.opencode/skills/no-unauthorized-write/SKILL.md
[2026-08-11 08:14:31] 检测到未授权写入: /workspace/.opencode/skills/no-unauthorized-write/SKILL.md
[2026-08-11 08:14:31] 违规已记录: 第1036次 - 检测到未授权文件修改: /workspace/.opencode/skills/no-unauthorized-write/SKILL.md
[2026-08-11 08:14:31] 检测到未授权写入: /workspace/.opencode/skills/no-unauthorized-write/SKILL.md
[2026-08-11 08:14:31] 违规已记录: 第1037次 - 检测到未授权文件修改: /workspace/.opencode/skills/no-unauthorized-write/SKILL.md
[2026-08-11 08:14:31] 检测到未授权写入: /workspace/.opencode/skills/no-unauthorized-write/SKILL.md
[2026-08-11 08:14:31] 违规已记录: 第1038次 - 检测到未授权文件修改: /workspace/.opencode/skills/no-unauthorized-write/SKILL.md
[2026-08-11 08:14:32] 检测到未授权写入: /workspace/.opencode/skills/no-unauthorized-write/SKILL.md
[2026-08-11 08:14:32] 违规已记录: 第1039次 - 检测到未授权文件修改: /workspace/.opencode/skills/no-unauthorized-write/SKILL.md
[2026-08-11 08:14:32] 检测到未授权写入: /workspace/.opencode/skills/no-unauthorized-write/SKILL.md
[2026-08-11 08:14:32] 违规已记录: 第1040次 - 检测到未授权文件修改: /workspace/.opencode/skills/no-unauthorized-write/SKILL.md
[2026-08-11 08:14:32] 检测到未授权写入: /workspace/.opencode/skills/no-unauthorized-write/SKILL.md
[2026-08-11 08:14:32] 违规已记录: 第1041次 - 检测到未授权文件修改: /workspace/.opencode/skills/no-unauthorized-write/SKILL.md
[2026-08-11 08:14:32] 检测到未授权写入: /workspace/.opencode/skills/no-unauthorized-write/SKILL.md
[2026-08-11 08:14:32] 违规已记录: 第1042次 - 检测到未授权文件修改: /workspace/.opencode/skills/no-unauthorized-write/SKILL.md
[2026-08-11 08:14:32] 检测到未授权写入: /workspace/.opencode/skills/no-unauthorized-write/SKILL.md
[2026-08-11 08:14:32] 违规已记录: 第1043次 - 检测到未授权文件修改: /workspace/.opencode/skills/no-unauthorized-write/SKILL.md
[2026-08-11 08:14:32] 检测到未授权写入: /workspace/.opencode/skills/no-unauthorized-write/SKILL.md
[2026-08-11 08:14:32] 违规已记录: 第1044次 - 检测到未授权文件修改: /workspace/.opencode/skills/no-unauthorized-write/SKILL.md
[2026-08-11 08:14:32] 检测到未授权写入: /workspace/.opencode/skills/no-unauthorized-write/SKILL.md
[2026-08-11 08:14:32] 违规已记录: 第1045次 - 检测到未授权文件修改: /workspace/.opencode/skills/no-unauthorized-write/SKILL.md
[2026-08-11 08:14:32] 检测到未授权写入: /workspace/.opencode/skills/no-unauthorized-write/SKILL.md
[2026-08-11 08:14:32] 违规已记录: 第1046次 - 检测到未授权文件修改: /workspace/.opencode/skills/no-unauthorized-write/SKILL.md
[2026-08-11 08:14:32] 检测到未授权写入: /workspace/.opencode/skills/no-unauthorized-write/SKILL.md
[2026-08-11 08:14:32] 违规已记录: 第1047次 - 检测到未授权文件修改: /workspace/.opencode/skills/no-unauthorized-write/SKILL.md
[2026-08-11 08:14:32] 检测到未授权写入: /workspace/.opencode/skills/no-unauthorized-write/SKILL.md
[2026-08-11 08:14:32] 违规已记录: 第1048次 - 检测到未授权文件修改: /workspace/.opencode/skills/no-unauthorized-write/SKILL.md
[2026-08-11 08:14:33] 检测到未授权写入: /workspace/.opencode/skills/no-unauthorized-write/SKILL.md
[2026-08-11 08:14:33] 违规已记录: 第1049次 - 检测到未授权文件修改: /workspace/.opencode/skills/no-unauthorized-write/SKILL.md
[2026-08-11 08:14:33] 检测到未授权写入: /workspace/.opencode/skills/no-unauthorized-write/SKILL.md
[2026-08-11 08:14:33] 违规已记录: 第1050次 - 检测到未授权文件修改: /workspace/.opencode/skills/no-unauthorized-write/SKILL.md
[2026-08-11 08:14:33] 检测到未授权写入: /workspace/.opencode/skills/no-unauthorized-write/SKILL.md
[2026-08-11 08:14:33] 违规已记录: 第1051次 - 检测到未授权文件修改: /workspace/.opencode/skills/no-unauthorized-write/SKILL.md
[2026-08-11 08:14:33] 检测到未授权写入: /workspace/.opencode/skills/no-unauthorized-write/SKILL.md
[2026-08-11 08:14:33] 违规已记录: 第1052次 - 检测到未授权文件修改: /workspace/.opencode/skills/no-unauthorized-write/SKILL.md
[2026-08-11 08:14:33] 检测到未授权写入: /workspace/.opencode/skills/no-unauthorized-write/SKILL.md
[2026-08-11 08:14:33] 违规已记录: 第1053次 - 检测到未授权文件修改: /workspace/.opencode/skills/no-unauthorized-write/SKILL.md
[2026-08-11 08:14:33] 检测到未授权写入: /workspace/.opencode/skills/no-unauthorized-write/SKILL.md
[2026-08-11 08:14:33] 违规已记录: 第1054次 - 检测到未授权文件修改: /workspace/.opencode/skills/no-unauthorized-write/SKILL.md
[2026-08-11 08:14:33] 检测到未授权写入: /workspace/.opencode/skills/no-unauthorized-write/SKILL.md
[2026-08-11 08:14:33] 违规已记录: 第1055次 - 检测到未授权文件修改: /workspace/.opencode/skills/no-unauthorized-write/SKILL.md
[2026-08-11 08:14:33] 检测到未授权写入: /workspace/.opencode/skills/no-unauthorized-write/SKILL.md
[2026-08-11 08:14:33] 违规已记录: 第1056次 - 检测到未授权文件修改: /workspace/.opencode/skills/no-unauthorized-write/SKILL.md
[2026-08-11 08:14:33] 检测到未授权写入: /workspace/.opencode/skills/no-unauthorized-write/SKILL.md
[2026-08-11 08:14:33] 违规已记录: 第1057次 - 检测到未授权文件修改: /workspace/.opencode/skills/no-unauthorized-write/SKILL.md
[2026-08-11 08:14:34] 检测到未授权写入: /workspace/.opencode/skills/no-unauthorized-write/SKILL.md
[2026-08-11 08:14:34] 违规已记录: 第1058次 - 检测到未授权文件修改: /workspace/.opencode/skills/no-unauthorized-write/SKILL.md
[2026-08-11 08:14:34] 检测到未授权写入: /workspace/.opencode/skills/no-unauthorized-write/SKILL.md
[2026-08-11 08:14:34] 违规已记录: 第1059次 - 检测到未授权文件修改: /workspace/.opencode/skills/no-unauthorized-write/SKILL.md
[2026-08-11 08:14:34] 检测到未授权写入: /workspace/.opencode/skills/no-unauthorized-write/SKILL.md
[2026-08-11 08:14:34] 违规已记录: 第1060次 - 检测到未授权文件修改: /workspace/.opencode/skills/no-unauthorized-write/SKILL.md
[2026-08-11 08:14:34] 检测到未授权写入: /workspace/.opencode/skills/no-unauthorized-write/SKILL.md
[2026-08-11 08:14:34] 违规已记录: 第1061次 - 检测到未授权文件修改: /workspace/.opencode/skills/no-unauthorized-write/SKILL.md
[2026-08-11 08:14:34] 检测到未授权写入: /workspace/.opencode/skills/no-unauthorized-write/SKILL.md
[2026-08-11 08:14:34] 违规已记录: 第1062次 - 检测到未授权文件修改: /workspace/.opencode/skills/no-unauthorized-write/SKILL.md
[2026-08-11 08:14:34] 检测到未授权写入: /workspace/.opencode/skills/no-unauthorized-write/SKILL.md
[2026-08-11 08:14:34] 违规已记录: 第1063次 - 检测到未授权文件修改: /workspace/.opencode/skills/no-unauthorized-write/SKILL.md
[2026-08-11 08:14:34] 检测到未授权写入: /workspace/.opencode/skills/no-unauthorized-write/SKILL.md
[2026-08-11 08:14:34] 违规已记录: 第1064次 - 检测到未授权文件修改: /workspace/.opencode/skills/no-unauthorized-write/SKILL.md
[2026-08-11 08:14:34] 检测到未授权写入: /workspace/.opencode/skills/no-unauthorized-write/SKILL.md
[2026-08-11 08:14:34] 违规已记录: 第1065次 - 检测到未授权文件修改: /workspace/.opencode/skills/no-unauthorized-write/SKILL.md
[2026-08-11 08:14:34] 检测到未授权写入: /workspace/.opencode/skills/no-unauthorized-write/SKILL.md
[2026-08-11 08:14:34] 违规已记录: 第1066次 - 检测到未授权文件修改: /workspace/.opencode/skills/no-unauthorized-write/SKILL.md
[2026-08-11 08:14:34] 检测到未授权写入: /workspace/.opencode/skills/no-unauthorized-write/SKILL.md
[2026-08-11 08:14:34] 违规已记录: 第1067次 - 检测到未授权文件修改: /workspace/.opencode/skills/no-unauthorized-write/SKILL.md
[2026-08-11 08:14:35] 检测到未授权写入: /workspace/.opencode/skills/no-unauthorized-write/SKILL.md
[2026-08-11 08:14:35] 违规已记录: 第1068次 - 检测到未授权文件修改: /workspace/.opencode/skills/no-unauthorized-write/SKILL.md
[2026-08-11 08:14:35] 检测到未授权写入: /workspace/.opencode/skills/no-unauthorized-write/SKILL.md
[2026-08-11 08:14:35] 违规已记录: 第1069次 - 检测到未授权文件修改: /workspace/.opencode/skills/no-unauthorized-write/SKILL.md
[2026-08-11 08:14:35] 检测到未授权写入: /workspace/.opencode/skills/no-unauthorized-write/SKILL.md
[2026-08-11 08:14:35] 违规已记录: 第1070次 - 检测到未授权文件修改: /workspace/.opencode/skills/no-unauthorized-write/SKILL.md
[2026-08-11 08:14:35] 检测到未授权写入: /workspace/.opencode/skills/no-unauthorized-write/SKILL.md
[2026-08-11 08:14:35] 违规已记录: 第1071次 - 检测到未授权文件修改: /workspace/.opencode/skills/no-unauthorized-write/SKILL.md
[2026-08-11 08:14:35] 检测到未授权写入: /workspace/.opencode/skills/no-unauthorized-write/SKILL.md
[2026-08-11 08:14:35] 违规已记录: 第1072次 - 检测到未授权文件修改: /workspace/.opencode/skills/no-unauthorized-write/SKILL.md
[2026-08-11 08:14:35] 检测到未授权写入: /workspace/.opencode/skills/no-unauthorized-write/SKILL.md
[2026-08-11 08:14:35] 违规已记录: 第1073次 - 检测到未授权文件修改: /workspace/.opencode/skills/no-unauthorized-write/SKILL.md
[2026-08-11 08:14:35] 检测到未授权写入: /workspace/.opencode/skills/no-unauthorized-write/SKILL.md
[2026-08-11 08:14:35] 违规已记录: 第1074次 - 检测到未授权文件修改: /workspace/.opencode/skills/no-unauthorized-write/SKILL.md
[2026-08-11 08:14:35] 检测到未授权写入: /workspace/.opencode/skills/no-unauthorized-write/SKILL.md
[2026-08-11 08:14:35] 违规已记录: 第1075次 - 检测到未授权文件修改: /workspace/.opencode/skills/no-unauthorized-write/SKILL.md
[2026-08-11 08:14:35] 检测到未授权写入: /workspace/.opencode/skills/no-unauthorized-write/SKILL.md
[2026-08-11 08:14:35] 违规已记录: 第1076次 - 检测到未授权文件修改: /workspace/.opencode/skills/no-unauthorized-write/SKILL.md
[2026-08-11 08:14:36] 检测到未授权写入: /workspace/.opencode/skills/no-unauthorized-write/SKILL.md
[2026-08-11 08:14:36] 违规已记录: 第1077次 - 检测到未授权文件修改: /workspace/.opencode/skills/no-unauthorized-write/SKILL.md
[2026-08-11 08:14:36] 检测到未授权写入: /workspace/.opencode/skills/no-unauthorized-write/SKILL.md
[2026-08-11 08:14:36] 违规已记录: 第1078次 - 检测到未授权文件修改: /workspace/.opencode/skills/no-unauthorized-write/SKILL.md
[2026-08-11 08:14:36] 检测到未授权写入: /workspace/.opencode/skills/no-unauthorized-write/SKILL.md
[2026-08-11 08:14:36] 违规已记录: 第1079次 - 检测到未授权文件修改: /workspace/.opencode/skills/no-unauthorized-write/SKILL.md
[2026-08-11 08:14:36] 检测到未授权写入: /workspace/.opencode/skills/no-unauthorized-write/SKILL.md
[2026-08-11 08:14:36] 违规已记录: 第1080次 - 检测到未授权文件修改: /workspace/.opencode/skills/no-unauthorized-write/SKILL.md
[2026-08-11 08:14:36] 检测到未授权写入: /workspace/.opencode/skills/no-unauthorized-write/SKILL.md
[2026-08-11 08:14:36] 违规已记录: 第1081次 - 检测到未授权文件修改: /workspace/.opencode/skills/no-unauthorized-write/SKILL.md
[2026-08-11 08:14:36] 检测到未授权写入: /workspace/.opencode/skills/no-unauthorized-write/SKILL.md
[2026-08-11 08:14:36] 违规已记录: 第1082次 - 检测到未授权文件修改: /workspace/.opencode/skills/no-unauthorized-write/SKILL.md
[2026-08-11 08:14:36] 检测到未授权写入: /workspace/.opencode/skills/no-unauthorized-write/SKILL.md
[2026-08-11 08:14:36] 违规已记录: 第1083次 - 检测到未授权文件修改: /workspace/.opencode/skills/no-unauthorized-write/SKILL.md
[2026-08-11 08:14:36] 检测到未授权写入: /workspace/.opencode/skills/no-unauthorized-write/SKILL.md
[2026-08-11 08:14:36] 违规已记录: 第1084次 - 检测到未授权文件修改: /workspace/.opencode/skills/no-unauthorized-write/SKILL.md
[2026-08-11 08:14:36] 检测到未授权写入: /workspace/.opencode/skills/no-unauthorized-write/SKILL.md
[2026-08-11 08:14:36] 违规已记录: 第1085次 - 检测到未授权文件修改: /workspace/.opencode/skills/no-unauthorized-write/SKILL.md
[2026-08-11 08:14:36] 检测到未授权写入: /workspace/.opencode/skills/no-unauthorized-write/SKILL.md
[2026-08-11 08:14:36] 违规已记录: 第1086次 - 检测到未授权文件修改: /workspace/.opencode/skills/no-unauthorized-write/SKILL.md
[2026-08-11 08:14:37] 检测到未授权写入: /workspace/.opencode/skills/no-unauthorized-write/SKILL.md
[2026-08-11 08:14:37] 违规已记录: 第1087次 - 检测到未授权文件修改: /workspace/.opencode/skills/no-unauthorized-write/SKILL.md
[2026-08-11 08:14:37] 检测到未授权写入: /workspace/.opencode/skills/no-unauthorized-write/SKILL.md
[2026-08-11 08:14:37] 违规已记录: 第1088次 - 检测到未授权文件修改: /workspace/.opencode/skills/no-unauthorized-write/SKILL.md
[2026-08-11 08:14:37] 检测到未授权写入: /workspace/.opencode/skills/no-unauthorized-write/SKILL.md
[2026-08-11 08:14:37] 违规已记录: 第1089次 - 检测到未授权文件修改: /workspace/.opencode/skills/no-unauthorized-write/SKILL.md
[2026-08-11 08:14:37] 检测到未授权写入: /workspace/.opencode/skills/no-unauthorized-write/SKILL.md
[2026-08-11 08:14:37] 违规已记录: 第1090次 - 检测到未授权文件修改: /workspace/.opencode/skills/no-unauthorized-write/SKILL.md
[2026-08-11 08:14:37] 检测到未授权写入: /workspace/.opencode/skills/no-unauthorized-write/SKILL.md
[2026-08-11 08:14:37] 违规已记录: 第1091次 - 检测到未授权文件修改: /workspace/.opencode/skills/no-unauthorized-write/SKILL.md
[2026-08-11 08:14:37] 检测到未授权写入: /workspace/.opencode/skills/no-unauthorized-write/SKILL.md
[2026-08-11 08:14:37] 违规已记录: 第1092次 - 检测到未授权文件修改: /workspace/.opencode/skills/no-unauthorized-write/SKILL.md
[2026-08-11 08:14:37] 检测到未授权写入: /workspace/.opencode/skills/no-unauthorized-write/SKILL.md
[2026-08-11 08:14:37] 违规已记录: 第1093次 - 检测到未授权文件修改: /workspace/.opencode/skills/no-unauthorized-write/SKILL.md
[2026-08-11 08:14:37] 检测到未授权写入: /workspace/.opencode/skills/no-unauthorized-write/SKILL.md
[2026-08-11 08:14:37] 违规已记录: 第1094次 - 检测到未授权文件修改: /workspace/.opencode/skills/no-unauthorized-write/SKILL.md
[2026-08-11 08:14:37] 检测到未授权写入: /workspace/.opencode/skills/no-unauthorized-write/SKILL.md
[2026-08-11 08:14:37] 违规已记录: 第1095次 - 检测到未授权文件修改: /workspace/.opencode/skills/no-unauthorized-write/SKILL.md
[2026-08-11 08:14:38] 检测到未授权写入: /workspace/.opencode/skills/no-unauthorized-write/SKILL.md
[2026-08-11 08:14:38] 违规已记录: 第1096次 - 检测到未授权文件修改: /workspace/.opencode/skills/no-unauthorized-write/SKILL.md
[2026-08-11 08:14:38] 检测到未授权写入: /workspace/.opencode/skills/no-unauthorized-write/SKILL.md
[2026-08-11 08:14:38] 违规已记录: 第1097次 - 检测到未授权文件修改: /workspace/.opencode/skills/no-unauthorized-write/SKILL.md
[2026-08-11 08:14:38] 检测到未授权写入: /workspace/.opencode/skills/no-unauthorized-write/SKILL.md
[2026-08-11 08:14:38] 违规已记录: 第1098次 - 检测到未授权文件修改: /workspace/.opencode/skills/no-unauthorized-write/SKILL.md
[2026-08-11 08:14:38] 检测到未授权写入: /workspace/.opencode/skills/no-unauthorized-write/SKILL.md
[2026-08-11 08:14:38] 违规已记录: 第1099次 - 检测到未授权文件修改: /workspace/.opencode/skills/no-unauthorized-write/SKILL.md
[2026-08-11 08:14:38] 检测到未授权写入: /workspace/.opencode/skills/no-unauthorized-write/SKILL.md
[2026-08-11 08:14:38] 违规已记录: 第1100次 - 检测到未授权文件修改: /workspace/.opencode/skills/no-unauthorized-write/SKILL.md
[2026-08-11 08:14:38] 检测到未授权写入: /workspace/.opencode/skills/no-unauthorized-write/SKILL.md
[2026-08-11 08:14:38] 违规已记录: 第1101次 - 检测到未授权文件修改: /workspace/.opencode/skills/no-unauthorized-write/SKILL.md
[2026-08-11 08:14:38] 检测到未授权写入: /workspace/.opencode/skills/no-unauthorized-write/SKILL.md
[2026-08-11 08:14:38] 违规已记录: 第1102次 - 检测到未授权文件修改: /workspace/.opencode/skills/no-unauthorized-write/SKILL.md
[2026-08-11 08:14:38] 检测到未授权写入: /workspace/.opencode/skills/no-unauthorized-write/SKILL.md
[2026-08-11 08:14:38] 违规已记录: 第1103次 - 检测到未授权文件修改: /workspace/.opencode/skills/no-unauthorized-write/SKILL.md
[2026-08-11 08:14:38] 检测到未授权写入: /workspace/.opencode/skills/no-unauthorized-write/SKILL.md
[2026-08-11 08:14:38] 违规已记录: 第1104次 - 检测到未授权文件修改: /workspace/.opencode/skills/no-unauthorized-write/SKILL.md
[2026-08-11 08:14:38] 检测到未授权写入: /workspace/.opencode/skills/no-unauthorized-write/SKILL.md
[2026-08-11 08:14:38] 违规已记录: 第1105次 - 检测到未授权文件修改: /workspace/.opencode/skills/no-unauthorized-write/SKILL.md
[2026-08-11 08:14:39] 检测到未授权写入: /workspace/.opencode/skills/no-unauthorized-write/SKILL.md
[2026-08-11 08:14:39] 违规已记录: 第1106次 - 检测到未授权文件修改: /workspace/.opencode/skills/no-unauthorized-write/SKILL.md
[2026-08-11 08:14:39] 检测到未授权写入: /workspace/.opencode/skills/no-unauthorized-write/SKILL.md
[2026-08-11 08:14:39] 违规已记录: 第1107次 - 检测到未授权文件修改: /workspace/.opencode/skills/no-unauthorized-write/SKILL.md
[2026-08-11 08:14:39] 检测到未授权写入: /workspace/.opencode/skills/no-unauthorized-write/SKILL.md
[2026-08-11 08:14:39] 违规已记录: 第1108次 - 检测到未授权文件修改: /workspace/.opencode/skills/no-unauthorized-write/SKILL.md
[2026-08-11 08:14:39] 检测到未授权写入: /workspace/.opencode/skills/no-unauthorized-write/SKILL.md
[2026-08-11 08:14:39] 违规已记录: 第1109次 - 检测到未授权文件修改: /workspace/.opencode/skills/no-unauthorized-write/SKILL.md
[2026-08-11 08:14:39] 检测到未授权写入: /workspace/.opencode/skills/no-unauthorized-write/SKILL.md
[2026-08-11 08:14:39] 违规已记录: 第1110次 - 检测到未授权文件修改: /workspace/.opencode/skills/no-unauthorized-write/SKILL.md
[2026-08-11 08:14:39] 检测到未授权写入: /workspace/.opencode/skills/no-unauthorized-write/SKILL.md
[2026-08-11 08:14:39] 违规已记录: 第1111次 - 检测到未授权文件修改: /workspace/.opencode/skills/no-unauthorized-write/SKILL.md
[2026-08-11 08:14:39] 检测到未授权写入: /workspace/.opencode/skills/no-unauthorized-write/SKILL.md
[2026-08-11 08:14:39] 违规已记录: 第1112次 - 检测到未授权文件修改: /workspace/.opencode/skills/no-unauthorized-write/SKILL.md
[2026-08-11 08:14:39] 检测到未授权写入: /workspace/.opencode/skills/no-unauthorized-write/SKILL.md
[2026-08-11 08:14:39] 违规已记录: 第1113次 - 检测到未授权文件修改: /workspace/.opencode/skills/no-unauthorized-write/SKILL.md
[2026-08-11 08:14:39] 检测到未授权写入: /workspace/.opencode/skills/no-unauthorized-write/SKILL.md
[2026-08-11 08:14:39] 违规已记录: 第1114次 - 检测到未授权文件修改: /workspace/.opencode/skills/no-unauthorized-write/SKILL.md
[2026-08-11 08:14:40] 检测到未授权写入: /workspace/.opencode/skills/no-unauthorized-write/SKILL.md
[2026-08-11 08:14:40] 违规已记录: 第1115次 - 检测到未授权文件修改: /workspace/.opencode/skills/no-unauthorized-write/SKILL.md
[2026-08-11 08:14:40] 检测到未授权写入: /workspace/.opencode/skills/no-unauthorized-write/SKILL.md
[2026-08-11 08:14:40] 违规已记录: 第1116次 - 检测到未授权文件修改: /workspace/.opencode/skills/no-unauthorized-write/SKILL.md
[2026-08-11 08:14:40] 检测到未授权写入: /workspace/.opencode/skills/no-unauthorized-write/SKILL.md
[2026-08-11 08:14:40] 违规已记录: 第1117次 - 检测到未授权文件修改: /workspace/.opencode/skills/no-unauthorized-write/SKILL.md
[2026-08-11 08:14:40] 检测到未授权写入: /workspace/.opencode/skills/no-unauthorized-write/SKILL.md
[2026-08-11 08:14:40] 违规已记录: 第1118次 - 检测到未授权文件修改: /workspace/.opencode/skills/no-unauthorized-write/SKILL.md
[2026-08-11 08:14:40] 检测到未授权写入: /workspace/.opencode/skills/no-unauthorized-write/SKILL.md
[2026-08-11 08:14:40] 违规已记录: 第1119次 - 检测到未授权文件修改: /workspace/.opencode/skills/no-unauthorized-write/SKILL.md
[2026-08-11 08:14:40] 检测到未授权写入: /workspace/.opencode/skills/no-unauthorized-write/SKILL.md
[2026-08-11 08:14:40] 违规已记录: 第1120次 - 检测到未授权文件修改: /workspace/.opencode/skills/no-unauthorized-write/SKILL.md
[2026-08-11 08:14:40] 检测到未授权写入: /workspace/.opencode/skills/no-unauthorized-write/SKILL.md
[2026-08-11 08:14:40] 违规已记录: 第1121次 - 检测到未授权文件修改: /workspace/.opencode/skills/no-unauthorized-write/SKILL.md
[2026-08-11 08:14:40] 检测到未授权写入: /workspace/.opencode/skills/no-unauthorized-write/SKILL.md
[2026-08-11 08:14:40] 违规已记录: 第1122次 - 检测到未授权文件修改: /workspace/.opencode/skills/no-unauthorized-write/SKILL.md
[2026-08-11 08:14:40] 检测到未授权写入: /workspace/.opencode/skills/no-unauthorized-write/SKILL.md
[2026-08-11 08:14:40] 违规已记录: 第1123次 - 检测到未授权文件修改: /workspace/.opencode/skills/no-unauthorized-write/SKILL.md
[2026-08-11 08:14:40] 检测到未授权写入: /workspace/.opencode/skills/no-unauthorized-write/SKILL.md
[2026-08-11 08:14:40] 违规已记录: 第1124次 - 检测到未授权文件修改: /workspace/.opencode/skills/no-unauthorized-write/SKILL.md
[2026-08-11 08:14:41] 检测到未授权写入: /workspace/.opencode/skills/no-unauthorized-write/SKILL.md
[2026-08-11 08:14:41] 违规已记录: 第1125次 - 检测到未授权文件修改: /workspace/.opencode/skills/no-unauthorized-write/SKILL.md
[2026-08-11 08:14:41] 检测到未授权写入: /workspace/.opencode/skills/no-unauthorized-write/SKILL.md
[2026-08-11 08:14:41] 违规已记录: 第1126次 - 检测到未授权文件修改: /workspace/.opencode/skills/no-unauthorized-write/SKILL.md
[2026-08-11 08:14:41] 检测到未授权写入: /workspace/.opencode/skills/no-unauthorized-write/SKILL.md
[2026-08-11 08:14:41] 违规已记录: 第1127次 - 检测到未授权文件修改: /workspace/.opencode/skills/no-unauthorized-write/SKILL.md
[2026-08-11 08:14:41] 检测到未授权写入: /workspace/.opencode/skills/no-unauthorized-write/SKILL.md
[2026-08-11 08:14:41] 违规已记录: 第1128次 - 检测到未授权文件修改: /workspace/.opencode/skills/no-unauthorized-write/SKILL.md
[2026-08-11 08:14:41] 检测到未授权写入: /workspace/.opencode/skills/no-unauthorized-write/SKILL.md
[2026-08-11 08:14:41] 违规已记录: 第1129次 - 检测到未授权文件修改: /workspace/.opencode/skills/no-unauthorized-write/SKILL.md
[2026-08-11 08:14:41] 检测到未授权写入: /workspace/.opencode/skills/no-unauthorized-write/SKILL.md
[2026-08-11 08:14:41] 违规已记录: 第1130次 - 检测到未授权文件修改: /workspace/.opencode/skills/no-unauthorized-write/SKILL.md
[2026-08-11 08:14:41] 检测到未授权写入: /workspace/.opencode/skills/no-unauthorized-write/SKILL.md
[2026-08-11 08:14:41] 违规已记录: 第1131次 - 检测到未授权文件修改: /workspace/.opencode/skills/no-unauthorized-write/SKILL.md
[2026-08-11 08:14:41] 检测到未授权写入: /workspace/.opencode/skills/no-unauthorized-write/SKILL.md
[2026-08-11 08:14:41] 违规已记录: 第1132次 - 检测到未授权文件修改: /workspace/.opencode/skills/no-unauthorized-write/SKILL.md
[2026-08-11 08:14:41] 检测到未授权写入: /workspace/.opencode/skills/no-unauthorized-write/SKILL.md
[2026-08-11 08:14:41] 违规已记录: 第1133次 - 检测到未授权文件修改: /workspace/.opencode/skills/no-unauthorized-write/SKILL.md
[2026-08-11 08:14:42] 检测到未授权写入: /workspace/.opencode/skills/no-unauthorized-write/SKILL.md
[2026-08-11 08:14:42] 违规已记录: 第1134次 - 检测到未授权文件修改: /workspace/.opencode/skills/no-unauthorized-write/SKILL.md
[2026-08-11 08:14:42] 检测到未授权写入: /workspace/.opencode/skills/no-unauthorized-write/SKILL.md
[2026-08-11 08:14:42] 违规已记录: 第1135次 - 检测到未授权文件修改: /workspace/.opencode/skills/no-unauthorized-write/SKILL.md
[2026-08-11 08:14:42] 检测到未授权写入: /workspace/.opencode/skills/no-unauthorized-write/SKILL.md
[2026-08-11 08:14:42] 违规已记录: 第1136次 - 检测到未授权文件修改: /workspace/.opencode/skills/no-unauthorized-write/SKILL.md
[2026-08-11 08:14:42] 检测到未授权写入: /workspace/.opencode/skills/no-unauthorized-write/SKILL.md
[2026-08-11 08:14:42] 违规已记录: 第1137次 - 检测到未授权文件修改: /workspace/.opencode/skills/no-unauthorized-write/SKILL.md
[2026-08-11 08:14:42] 检测到未授权写入: /workspace/.opencode/skills/no-unauthorized-write/SKILL.md
[2026-08-11 08:14:42] 违规已记录: 第1138次 - 检测到未授权文件修改: /workspace/.opencode/skills/no-unauthorized-write/SKILL.md
[2026-08-11 08:14:42] 检测到未授权写入: /workspace/.opencode/skills/no-unauthorized-write/SKILL.md
[2026-08-11 08:14:42] 违规已记录: 第1139次 - 检测到未授权文件修改: /workspace/.opencode/skills/no-unauthorized-write/SKILL.md
[2026-08-11 08:14:42] 检测到未授权写入: /workspace/.opencode/skills/no-unauthorized-write/SKILL.md
[2026-08-11 08:14:42] 违规已记录: 第1140次 - 检测到未授权文件修改: /workspace/.opencode/skills/no-unauthorized-write/SKILL.md
[2026-08-11 08:14:42] 检测到未授权写入: /workspace/.opencode/skills/no-unauthorized-write/SKILL.md
[2026-08-11 08:14:42] 违规已记录: 第1141次 - 检测到未授权文件修改: /workspace/.opencode/skills/no-unauthorized-write/SKILL.md
[2026-08-11 08:14:42] 检测到未授权写入: /workspace/.opencode/skills/no-unauthorized-write/SKILL.md
[2026-08-11 08:14:42] 违规已记录: 第1142次 - 检测到未授权文件修改: /workspace/.opencode/skills/no-unauthorized-write/SKILL.md
[2026-08-11 08:14:42] 检测到未授权写入: /workspace/.opencode/skills/no-unauthorized-write/SKILL.md
[2026-08-11 08:14:42] 违规已记录: 第1143次 - 检测到未授权文件修改: /workspace/.opencode/skills/no-unauthorized-write/SKILL.md
[2026-08-11 08:14:43] 检测到未授权写入: /workspace/.opencode/skills/no-unauthorized-write/SKILL.md
[2026-08-11 08:14:43] 违规已记录: 第1144次 - 检测到未授权文件修改: /workspace/.opencode/skills/no-unauthorized-write/SKILL.md
[2026-08-11 08:14:43] 检测到未授权写入: /workspace/.opencode/skills/no-unauthorized-write/SKILL.md
[2026-08-11 08:14:43] 违规已记录: 第1145次 - 检测到未授权文件修改: /workspace/.opencode/skills/no-unauthorized-write/SKILL.md
[2026-08-11 08:14:43] 检测到未授权写入: /workspace/.opencode/skills/no-unauthorized-write/SKILL.md
[2026-08-11 08:14:43] 违规已记录: 第1146次 - 检测到未授权文件修改: /workspace/.opencode/skills/no-unauthorized-write/SKILL.md
[2026-08-11 08:14:43] 检测到未授权写入: /workspace/.opencode/skills/no-unauthorized-write/SKILL.md
[2026-08-11 08:14:43] 违规已记录: 第1147次 - 检测到未授权文件修改: /workspace/.opencode/skills/no-unauthorized-write/SKILL.md
[2026-08-11 08:14:43] 检测到未授权写入: /workspace/.opencode/skills/no-unauthorized-write/SKILL.md
[2026-08-11 08:14:43] 违规已记录: 第1148次 - 检测到未授权文件修改: /workspace/.opencode/skills/no-unauthorized-write/SKILL.md
[2026-08-11 08:14:43] 检测到未授权写入: /workspace/.opencode/skills/no-unauthorized-write/SKILL.md
[2026-08-11 08:14:43] 违规已记录: 第1149次 - 检测到未授权文件修改: /workspace/.opencode/skills/no-unauthorized-write/SKILL.md
[2026-08-11 08:14:43] 检测到未授权写入: /workspace/.opencode/skills/no-unauthorized-write/SKILL.md
[2026-08-11 08:14:43] 违规已记录: 第1150次 - 检测到未授权文件修改: /workspace/.opencode/skills/no-unauthorized-write/SKILL.md
[2026-08-11 08:14:43] 检测到未授权写入: /workspace/.opencode/skills/no-unauthorized-write/SKILL.md
[2026-08-11 08:14:43] 违规已记录: 第1151次 - 检测到未授权文件修改: /workspace/.opencode/skills/no-unauthorized-write/SKILL.md
[2026-08-11 08:14:43] 检测到未授权写入: /workspace/.opencode/skills/no-unauthorized-write/SKILL.md
[2026-08-11 08:14:43] 违规已记录: 第1152次 - 检测到未授权文件修改: /workspace/.opencode/skills/no-unauthorized-write/SKILL.md
[2026-08-11 08:14:44] 检测到未授权写入: /workspace/.opencode/skills/no-unauthorized-write/SKILL.md
[2026-08-11 08:14:44] 违规已记录: 第1153次 - 检测到未授权文件修改: /workspace/.opencode/skills/no-unauthorized-write/SKILL.md
[2026-08-11 08:14:44] 检测到未授权写入: /workspace/.opencode/skills/no-unauthorized-write/SKILL.md
[2026-08-11 08:14:44] 违规已记录: 第1154次 - 检测到未授权文件修改: /workspace/.opencode/skills/no-unauthorized-write/SKILL.md
[2026-08-11 08:14:44] 检测到未授权写入: /workspace/.opencode/skills/no-unauthorized-write/SKILL.md
[2026-08-11 08:14:44] 违规已记录: 第1155次 - 检测到未授权文件修改: /workspace/.opencode/skills/no-unauthorized-write/SKILL.md
[2026-08-11 08:14:44] 检测到未授权写入: /workspace/.opencode/skills/no-unauthorized-write/SKILL.md
[2026-08-11 08:14:44] 违规已记录: 第1156次 - 检测到未授权文件修改: /workspace/.opencode/skills/no-unauthorized-write/SKILL.md
[2026-08-11 08:14:44] 检测到未授权写入: /workspace/.opencode/skills/no-unauthorized-write/SKILL.md
[2026-08-11 08:14:44] 违规已记录: 第1157次 - 检测到未授权文件修改: /workspace/.opencode/skills/no-unauthorized-write/SKILL.md
[2026-08-11 08:14:44] 检测到未授权写入: /workspace/.opencode/skills/no-unauthorized-write/SKILL.md
[2026-08-11 08:14:44] 违规已记录: 第1158次 - 检测到未授权文件修改: /workspace/.opencode/skills/no-unauthorized-write/SKILL.md
[2026-08-11 08:14:44] 检测到未授权写入: /workspace/.opencode/skills/no-unauthorized-write/SKILL.md
[2026-08-11 08:14:44] 违规已记录: 第1159次 - 检测到未授权文件修改: /workspace/.opencode/skills/no-unauthorized-write/SKILL.md
[2026-08-11 08:14:44] 检测到未授权写入: /workspace/.opencode/skills/no-unauthorized-write/SKILL.md
[2026-08-11 08:14:44] 违规已记录: 第1160次 - 检测到未授权文件修改: /workspace/.opencode/skills/no-unauthorized-write/SKILL.md
[2026-08-11 08:14:44] 检测到未授权写入: /workspace/.opencode/skills/no-unauthorized-write/SKILL.md
[2026-08-11 08:14:44] 违规已记录: 第1161次 - 检测到未授权文件修改: /workspace/.opencode/skills/no-unauthorized-write/SKILL.md
[2026-08-11 08:14:44] 检测到未授权写入: /workspace/.opencode/skills/no-unauthorized-write/SKILL.md
[2026-08-11 08:14:44] 违规已记录: 第1162次 - 检测到未授权文件修改: /workspace/.opencode/skills/no-unauthorized-write/SKILL.md
[2026-08-11 08:14:45] 检测到未授权写入: /workspace/.opencode/skills/no-unauthorized-write/SKILL.md
[2026-08-11 08:14:45] 违规已记录: 第1163次 - 检测到未授权文件修改: /workspace/.opencode/skills/no-unauthorized-write/SKILL.md
[2026-08-11 08:14:45] 检测到未授权写入: /workspace/.opencode/skills/no-unauthorized-write/SKILL.md
[2026-08-11 08:14:45] 违规已记录: 第1164次 - 检测到未授权文件修改: /workspace/.opencode/skills/no-unauthorized-write/SKILL.md
[2026-08-11 08:14:45] 检测到未授权写入: /workspace/.opencode/skills/no-unauthorized-write/SKILL.md
[2026-08-11 08:14:45] 违规已记录: 第1165次 - 检测到未授权文件修改: /workspace/.opencode/skills/no-unauthorized-write/SKILL.md
[2026-08-11 08:14:45] 检测到未授权写入: /workspace/.opencode/skills/no-unauthorized-write/SKILL.md
[2026-08-11 08:14:45] 违规已记录: 第1166次 - 检测到未授权文件修改: /workspace/.opencode/skills/no-unauthorized-write/SKILL.md
[2026-08-11 08:14:45] 检测到未授权写入: /workspace/.opencode/skills/no-unauthorized-write/SKILL.md
[2026-08-11 08:14:45] 违规已记录: 第1167次 - 检测到未授权文件修改: /workspace/.opencode/skills/no-unauthorized-write/SKILL.md
[2026-08-11 08:14:45] 检测到未授权写入: /workspace/.opencode/skills/no-unauthorized-write/SKILL.md
[2026-08-11 08:14:45] 违规已记录: 第1168次 - 检测到未授权文件修改: /workspace/.opencode/skills/no-unauthorized-write/SKILL.md
[2026-08-11 08:14:45] 检测到未授权写入: /workspace/.opencode/skills/no-unauthorized-write/SKILL.md
[2026-08-11 08:14:45] 违规已记录: 第1169次 - 检测到未授权文件修改: /workspace/.opencode/skills/no-unauthorized-write/SKILL.md
[2026-08-11 08:14:45] 检测到未授权写入: /workspace/.opencode/skills/no-unauthorized-write/SKILL.md
[2026-08-11 08:14:45] 违规已记录: 第1170次 - 检测到未授权文件修改: /workspace/.opencode/skills/no-unauthorized-write/SKILL.md
[2026-08-11 08:14:45] 检测到未授权写入: /workspace/.opencode/skills/no-unauthorized-write/SKILL.md
[2026-08-11 08:14:45] 违规已记录: 第1171次 - 检测到未授权文件修改: /workspace/.opencode/skills/no-unauthorized-write/SKILL.md
[2026-08-11 08:14:46] 检测到未授权写入: /workspace/.opencode/skills/no-unauthorized-write/SKILL.md
[2026-08-11 08:14:46] 违规已记录: 第1172次 - 检测到未授权文件修改: /workspace/.opencode/skills/no-unauthorized-write/SKILL.md
[2026-08-11 08:14:46] 检测到未授权写入: /workspace/.opencode/skills/no-unauthorized-write/SKILL.md
[2026-08-11 08:14:46] 违规已记录: 第1173次 - 检测到未授权文件修改: /workspace/.opencode/skills/no-unauthorized-write/SKILL.md
[2026-08-11 08:14:46] 检测到未授权写入: /workspace/.opencode/skills/no-unauthorized-write/SKILL.md
[2026-08-11 08:14:46] 违规已记录: 第1174次 - 检测到未授权文件修改: /workspace/.opencode/skills/no-unauthorized-write/SKILL.md
[2026-08-11 08:14:46] 检测到未授权写入: /workspace/.opencode/skills/no-unauthorized-write/SKILL.md
[2026-08-11 08:14:46] 违规已记录: 第1175次 - 检测到未授权文件修改: /workspace/.opencode/skills/no-unauthorized-write/SKILL.md
[2026-08-11 08:14:46] 检测到未授权写入: /workspace/.opencode/skills/no-unauthorized-write/SKILL.md
[2026-08-11 08:14:46] 违规已记录: 第1176次 - 检测到未授权文件修改: /workspace/.opencode/skills/no-unauthorized-write/SKILL.md
[2026-08-11 08:14:46] 检测到未授权写入: /workspace/.opencode/skills/no-unauthorized-write/SKILL.md
[2026-08-11 08:14:46] 违规已记录: 第1177次 - 检测到未授权文件修改: /workspace/.opencode/skills/no-unauthorized-write/SKILL.md
[2026-08-11 08:14:46] 检测到未授权写入: /workspace/.opencode/skills/no-unauthorized-write/SKILL.md
[2026-08-11 08:14:46] 违规已记录: 第1178次 - 检测到未授权文件修改: /workspace/.opencode/skills/no-unauthorized-write/SKILL.md
[2026-08-11 08:14:46] 检测到未授权写入: /workspace/.opencode/skills/no-unauthorized-write/SKILL.md
[2026-08-11 08:14:46] 违规已记录: 第1179次 - 检测到未授权文件修改: /workspace/.opencode/skills/no-unauthorized-write/SKILL.md
[2026-08-11 08:14:46] 检测到未授权写入: /workspace/.opencode/skills/no-unauthorized-write/SKILL.md
[2026-08-11 08:14:46] 违规已记录: 第1180次 - 检测到未授权文件修改: /workspace/.opencode/skills/no-unauthorized-write/SKILL.md
[2026-08-11 08:14:46] 检测到未授权写入: /workspace/.opencode/skills/no-unauthorized-write/SKILL.md
[2026-08-11 08:14:46] 违规已记录: 第1181次 - 检测到未授权文件修改: /workspace/.opencode/skills/no-unauthorized-write/SKILL.md
[2026-08-11 08:14:47] 检测到未授权写入: /workspace/.opencode/skills/no-unauthorized-write/SKILL.md
[2026-08-11 08:14:47] 违规已记录: 第1182次 - 检测到未授权文件修改: /workspace/.opencode/skills/no-unauthorized-write/SKILL.md
[2026-08-11 08:14:47] 检测到未授权写入: /workspace/.opencode/skills/no-unauthorized-write/SKILL.md
[2026-08-11 08:14:47] 违规已记录: 第1183次 - 检测到未授权文件修改: /workspace/.opencode/skills/no-unauthorized-write/SKILL.md
[2026-08-11 08:14:47] 检测到未授权写入: /workspace/.opencode/skills/no-unauthorized-write/SKILL.md
[2026-08-11 08:14:47] 违规已记录: 第1184次 - 检测到未授权文件修改: /workspace/.opencode/skills/no-unauthorized-write/SKILL.md
[2026-08-11 08:14:47] 检测到未授权写入: /workspace/.opencode/skills/no-unauthorized-write/SKILL.md
[2026-08-11 08:14:47] 违规已记录: 第1185次 - 检测到未授权文件修改: /workspace/.opencode/skills/no-unauthorized-write/SKILL.md
[2026-08-11 08:14:47] 检测到未授权写入: /workspace/.opencode/skills/no-unauthorized-write/SKILL.md
[2026-08-11 08:14:47] 违规已记录: 第1186次 - 检测到未授权文件修改: /workspace/.opencode/skills/no-unauthorized-write/SKILL.md
[2026-08-11 08:14:47] 检测到未授权写入: /workspace/.opencode/skills/no-unauthorized-write/SKILL.md
[2026-08-11 08:14:47] 违规已记录: 第1187次 - 检测到未授权文件修改: /workspace/.opencode/skills/no-unauthorized-write/SKILL.md
[2026-08-11 08:14:47] 检测到未授权写入: /workspace/.opencode/skills/no-unauthorized-write/SKILL.md
[2026-08-11 08:14:47] 违规已记录: 第1188次 - 检测到未授权文件修改: /workspace/.opencode/skills/no-unauthorized-write/SKILL.md
[2026-08-11 08:14:47] 检测到未授权写入: /workspace/.opencode/skills/no-unauthorized-write/SKILL.md
[2026-08-11 08:14:47] 违规已记录: 第1189次 - 检测到未授权文件修改: /workspace/.opencode/skills/no-unauthorized-write/SKILL.md
[2026-08-11 08:14:47] 检测到未授权写入: /workspace/.opencode/skills/no-unauthorized-write/SKILL.md
[2026-08-11 08:14:47] 违规已记录: 第1190次 - 检测到未授权文件修改: /workspace/.opencode/skills/no-unauthorized-write/SKILL.md
[2026-08-11 08:14:48] 检测到未授权写入: /workspace/.opencode/skills/no-unauthorized-write/SKILL.md
[2026-08-11 08:14:48] 违规已记录: 第1191次 - 检测到未授权文件修改: /workspace/.opencode/skills/no-unauthorized-write/SKILL.md
[2026-08-11 08:14:48] 检测到未授权写入: /workspace/.opencode/skills/no-unauthorized-write/SKILL.md
[2026-08-11 08:14:48] 违规已记录: 第1192次 - 检测到未授权文件修改: /workspace/.opencode/skills/no-unauthorized-write/SKILL.md
[2026-08-11 08:14:48] 检测到未授权写入: /workspace/.opencode/skills/no-unauthorized-write/SKILL.md
[2026-08-11 08:14:48] 违规已记录: 第1193次 - 检测到未授权文件修改: /workspace/.opencode/skills/no-unauthorized-write/SKILL.md
[2026-08-11 08:14:48] 检测到未授权写入: /workspace/.opencode/skills/no-unauthorized-write/SKILL.md
[2026-08-11 08:14:48] 违规已记录: 第1194次 - 检测到未授权文件修改: /workspace/.opencode/skills/no-unauthorized-write/SKILL.md
[2026-08-11 08:14:48] 检测到未授权写入: /workspace/.opencode/skills/no-unauthorized-write/SKILL.md
[2026-08-11 08:14:48] 违规已记录: 第1195次 - 检测到未授权文件修改: /workspace/.opencode/skills/no-unauthorized-write/SKILL.md
[2026-08-11 08:14:48] 检测到未授权写入: /workspace/.opencode/skills/no-unauthorized-write/SKILL.md
[2026-08-11 08:14:48] 违规已记录: 第1196次 - 检测到未授权文件修改: /workspace/.opencode/skills/no-unauthorized-write/SKILL.md
[2026-08-11 08:14:48] 检测到未授权写入: /workspace/.opencode/skills/no-unauthorized-write/SKILL.md
[2026-08-11 08:14:48] 违规已记录: 第1197次 - 检测到未授权文件修改: /workspace/.opencode/skills/no-unauthorized-write/SKILL.md
[2026-08-11 08:14:48] 检测到未授权写入: /workspace/.opencode/skills/no-unauthorized-write/SKILL.md
[2026-08-11 08:14:48] 违规已记录: 第1198次 - 检测到未授权文件修改: /workspace/.opencode/skills/no-unauthorized-write/SKILL.md
[2026-08-11 08:14:48] 检测到未授权写入: /workspace/.opencode/skills/no-unauthorized-write/SKILL.md
[2026-08-11 08:14:48] 违规已记录: 第1199次 - 检测到未授权文件修改: /workspace/.opencode/skills/no-unauthorized-write/SKILL.md
[2026-08-11 08:14:48] 检测到未授权写入: /workspace/.opencode/skills/no-unauthorized-write/SKILL.md
[2026-08-11 08:14:48] 违规已记录: 第1200次 - 检测到未授权文件修改: /workspace/.opencode/skills/no-unauthorized-write/SKILL.md
[2026-08-11 08:14:49] 检测到未授权写入: /workspace/.opencode/skills/no-unauthorized-write/SKILL.md
[2026-08-11 08:14:49] 违规已记录: 第1201次 - 检测到未授权文件修改: /workspace/.opencode/skills/no-unauthorized-write/SKILL.md
[2026-08-11 08:14:49] 检测到未授权写入: /workspace/.opencode/skills/no-unauthorized-write/SKILL.md
[2026-08-11 08:14:49] 违规已记录: 第1202次 - 检测到未授权文件修改: /workspace/.opencode/skills/no-unauthorized-write/SKILL.md
[2026-08-11 08:14:49] 检测到未授权写入: /workspace/.opencode/skills/no-unauthorized-write/SKILL.md
[2026-08-11 08:14:49] 违规已记录: 第1203次 - 检测到未授权文件修改: /workspace/.opencode/skills/no-unauthorized-write/SKILL.md
[2026-08-11 08:14:49] 检测到未授权写入: /workspace/.opencode/skills/no-unauthorized-write/SKILL.md
[2026-08-11 08:14:49] 违规已记录: 第1204次 - 检测到未授权文件修改: /workspace/.opencode/skills/no-unauthorized-write/SKILL.md
[2026-08-11 08:14:49] 检测到未授权写入: /workspace/.opencode/skills/no-unauthorized-write/SKILL.md
[2026-08-11 08:14:49] 违规已记录: 第1205次 - 检测到未授权文件修改: /workspace/.opencode/skills/no-unauthorized-write/SKILL.md
[2026-08-11 08:14:49] 检测到未授权写入: /workspace/.opencode/skills/no-unauthorized-write/SKILL.md
[2026-08-11 08:14:49] 违规已记录: 第1206次 - 检测到未授权文件修改: /workspace/.opencode/skills/no-unauthorized-write/SKILL.md
[2026-08-11 08:14:49] 检测到未授权写入: /workspace/.opencode/skills/no-unauthorized-write/SKILL.md
[2026-08-11 08:14:49] 违规已记录: 第1207次 - 检测到未授权文件修改: /workspace/.opencode/skills/no-unauthorized-write/SKILL.md
[2026-08-11 08:14:49] 检测到未授权写入: /workspace/.opencode/skills/no-unauthorized-write/SKILL.md
[2026-08-11 08:14:49] 违规已记录: 第1208次 - 检测到未授权文件修改: /workspace/.opencode/skills/no-unauthorized-write/SKILL.md
[2026-08-11 08:14:49] 检测到未授权写入: /workspace/.opencode/skills/no-unauthorized-write/SKILL.md
[2026-08-11 08:14:49] 违规已记录: 第1209次 - 检测到未授权文件修改: /workspace/.opencode/skills/no-unauthorized-write/SKILL.md
[2026-08-11 08:14:50] 检测到未授权写入: /workspace/.opencode/skills/no-unauthorized-write/SKILL.md
[2026-08-11 08:14:50] 违规已记录: 第1210次 - 检测到未授权文件修改: /workspace/.opencode/skills/no-unauthorized-write/SKILL.md
[2026-08-11 08:14:50] 检测到未授权写入: /workspace/.opencode/skills/no-unauthorized-write/SKILL.md
[2026-08-11 08:14:50] 违规已记录: 第1211次 - 检测到未授权文件修改: /workspace/.opencode/skills/no-unauthorized-write/SKILL.md
[2026-08-11 08:14:50] 检测到未授权写入: /workspace/.opencode/skills/no-unauthorized-write/SKILL.md
[2026-08-11 08:14:50] 违规已记录: 第1212次 - 检测到未授权文件修改: /workspace/.opencode/skills/no-unauthorized-write/SKILL.md
[2026-08-11 08:14:50] 检测到未授权写入: /workspace/.opencode/skills/no-unauthorized-write/SKILL.md
[2026-08-11 08:14:50] 违规已记录: 第1213次 - 检测到未授权文件修改: /workspace/.opencode/skills/no-unauthorized-write/SKILL.md
[2026-08-11 08:14:50] 检测到未授权写入: /workspace/.opencode/skills/no-unauthorized-write/SKILL.md
[2026-08-11 08:14:50] 违规已记录: 第1214次 - 检测到未授权文件修改: /workspace/.opencode/skills/no-unauthorized-write/SKILL.md
[2026-08-11 08:14:50] 检测到未授权写入: /workspace/.opencode/skills/no-unauthorized-write/SKILL.md
[2026-08-11 08:14:50] 违规已记录: 第1215次 - 检测到未授权文件修改: /workspace/.opencode/skills/no-unauthorized-write/SKILL.md
[2026-08-11 08:14:50] 检测到未授权写入: /workspace/.opencode/skills/no-unauthorized-write/SKILL.md
[2026-08-11 08:14:50] 违规已记录: 第1216次 - 检测到未授权文件修改: /workspace/.opencode/skills/no-unauthorized-write/SKILL.md
[2026-08-11 08:14:50] 检测到未授权写入: /workspace/.opencode/skills/no-unauthorized-write/SKILL.md
[2026-08-11 08:14:50] 违规已记录: 第1217次 - 检测到未授权文件修改: /workspace/.opencode/skills/no-unauthorized-write/SKILL.md
[2026-08-11 08:14:50] 检测到未授权写入: /workspace/.opencode/skills/no-unauthorized-write/SKILL.md
[2026-08-11 08:14:50] 违规已记录: 第1218次 - 检测到未授权文件修改: /workspace/.opencode/skills/no-unauthorized-write/SKILL.md
[2026-08-11 08:14:50] 检测到未授权写入: /workspace/.opencode/skills/no-unauthorized-write/SKILL.md
[2026-08-11 08:14:50] 违规已记录: 第1219次 - 检测到未授权文件修改: /workspace/.opencode/skills/no-unauthorized-write/SKILL.md
[2026-08-11 08:14:51] 检测到未授权写入: /workspace/.opencode/skills/no-unauthorized-write/SKILL.md
[2026-08-11 08:14:51] 违规已记录: 第1220次 - 检测到未授权文件修改: /workspace/.opencode/skills/no-unauthorized-write/SKILL.md
[2026-08-11 08:14:51] 检测到未授权写入: /workspace/.opencode/skills/no-unauthorized-write/SKILL.md
[2026-08-11 08:14:51] 违规已记录: 第1221次 - 检测到未授权文件修改: /workspace/.opencode/skills/no-unauthorized-write/SKILL.md
[2026-08-11 08:14:51] 检测到未授权写入: /workspace/.opencode/skills/no-unauthorized-write/SKILL.md
[2026-08-11 08:14:51] 违规已记录: 第1222次 - 检测到未授权文件修改: /workspace/.opencode/skills/no-unauthorized-write/SKILL.md
[2026-08-11 08:14:51] 检测到未授权写入: /workspace/.opencode/skills/no-unauthorized-write/SKILL.md
[2026-08-11 08:14:51] 违规已记录: 第1223次 - 检测到未授权文件修改: /workspace/.opencode/skills/no-unauthorized-write/SKILL.md
[2026-08-11 08:14:51] 检测到未授权写入: /workspace/.opencode/skills/no-unauthorized-write/SKILL.md
[2026-08-11 08:14:51] 违规已记录: 第1224次 - 检测到未授权文件修改: /workspace/.opencode/skills/no-unauthorized-write/SKILL.md
[2026-08-11 08:14:51] 检测到未授权写入: /workspace/.opencode/skills/no-unauthorized-write/SKILL.md
[2026-08-11 08:14:51] 违规已记录: 第1225次 - 检测到未授权文件修改: /workspace/.opencode/skills/no-unauthorized-write/SKILL.md
[2026-08-11 08:14:51] 检测到未授权写入: /workspace/.opencode/skills/no-unauthorized-write/SKILL.md
[2026-08-11 08:14:51] 违规已记录: 第1226次 - 检测到未授权文件修改: /workspace/.opencode/skills/no-unauthorized-write/SKILL.md
[2026-08-11 08:14:51] 检测到未授权写入: /workspace/.opencode/skills/no-unauthorized-write/SKILL.md
[2026-08-11 08:14:51] 违规已记录: 第1227次 - 检测到未授权文件修改: /workspace/.opencode/skills/no-unauthorized-write/SKILL.md
[2026-08-11 08:14:51] 检测到未授权写入: /workspace/.opencode/skills/no-unauthorized-write/SKILL.md
[2026-08-11 08:14:51] 违规已记录: 第1228次 - 检测到未授权文件修改: /workspace/.opencode/skills/no-unauthorized-write/SKILL.md
[2026-08-11 08:14:52] 检测到未授权写入: /workspace/.opencode/skills/no-unauthorized-write/SKILL.md
[2026-08-11 08:14:52] 违规已记录: 第1229次 - 检测到未授权文件修改: /workspace/.opencode/skills/no-unauthorized-write/SKILL.md
[2026-08-11 08:14:52] 检测到未授权写入: /workspace/.opencode/skills/no-unauthorized-write/SKILL.md
[2026-08-11 08:14:52] 违规已记录: 第1230次 - 检测到未授权文件修改: /workspace/.opencode/skills/no-unauthorized-write/SKILL.md
[2026-08-11 08:14:52] 检测到未授权写入: /workspace/.opencode/skills/no-unauthorized-write/SKILL.md
[2026-08-11 08:14:52] 违规已记录: 第1231次 - 检测到未授权文件修改: /workspace/.opencode/skills/no-unauthorized-write/SKILL.md
[2026-08-11 08:14:52] 检测到未授权写入: /workspace/.opencode/skills/no-unauthorized-write/SKILL.md
[2026-08-11 08:14:52] 违规已记录: 第1232次 - 检测到未授权文件修改: /workspace/.opencode/skills/no-unauthorized-write/SKILL.md
[2026-08-11 08:14:52] 检测到未授权写入: /workspace/.opencode/skills/no-unauthorized-write/SKILL.md
[2026-08-11 08:14:52] 违规已记录: 第1233次 - 检测到未授权文件修改: /workspace/.opencode/skills/no-unauthorized-write/SKILL.md
[2026-08-11 08:14:52] 检测到未授权写入: /workspace/.opencode/skills/no-unauthorized-write/SKILL.md
[2026-08-11 08:14:52] 违规已记录: 第1234次 - 检测到未授权文件修改: /workspace/.opencode/skills/no-unauthorized-write/SKILL.md
[2026-08-11 08:14:52] 检测到未授权写入: /workspace/.opencode/skills/no-unauthorized-write/SKILL.md
[2026-08-11 08:14:52] 违规已记录: 第1235次 - 检测到未授权文件修改: /workspace/.opencode/skills/no-unauthorized-write/SKILL.md
[2026-08-11 08:14:52] 检测到未授权写入: /workspace/.opencode/skills/no-unauthorized-write/SKILL.md
[2026-08-11 08:14:52] 违规已记录: 第1236次 - 检测到未授权文件修改: /workspace/.opencode/skills/no-unauthorized-write/SKILL.md
[2026-08-11 08:14:52] 检测到未授权写入: /workspace/.opencode/skills/no-unauthorized-write/SKILL.md
[2026-08-11 08:14:52] 违规已记录: 第1237次 - 检测到未授权文件修改: /workspace/.opencode/skills/no-unauthorized-write/SKILL.md
[2026-08-11 08:14:52] 检测到未授权写入: /workspace/.opencode/skills/no-unauthorized-write/SKILL.md
[2026-08-11 08:14:52] 违规已记录: 第1238次 - 检测到未授权文件修改: /workspace/.opencode/skills/no-unauthorized-write/SKILL.md
[2026-08-11 08:14:53] 检测到未授权写入: /workspace/.opencode/skills/no-unauthorized-write/SKILL.md
[2026-08-11 08:14:53] 违规已记录: 第1239次 - 检测到未授权文件修改: /workspace/.opencode/skills/no-unauthorized-write/SKILL.md
[2026-08-11 08:14:53] 检测到未授权写入: /workspace/.opencode/skills/no-unauthorized-write/SKILL.md
[2026-08-11 08:14:53] 违规已记录: 第1240次 - 检测到未授权文件修改: /workspace/.opencode/skills/no-unauthorized-write/SKILL.md
[2026-08-11 08:14:53] 检测到未授权写入: /workspace/.opencode/skills/no-unauthorized-write/SKILL.md
[2026-08-11 08:14:53] 违规已记录: 第1241次 - 检测到未授权文件修改: /workspace/.opencode/skills/no-unauthorized-write/SKILL.md
[2026-08-11 08:14:53] 检测到未授权写入: /workspace/.opencode/skills/no-unauthorized-write/SKILL.md
[2026-08-11 08:14:53] 违规已记录: 第1242次 - 检测到未授权文件修改: /workspace/.opencode/skills/no-unauthorized-write/SKILL.md
[2026-08-11 08:14:53] 检测到未授权写入: /workspace/.opencode/skills/no-unauthorized-write/SKILL.md
[2026-08-11 08:14:53] 违规已记录: 第1243次 - 检测到未授权文件修改: /workspace/.opencode/skills/no-unauthorized-write/SKILL.md
[2026-08-11 08:14:53] 检测到未授权写入: /workspace/.opencode/skills/no-unauthorized-write/SKILL.md
[2026-08-11 08:14:53] 违规已记录: 第1244次 - 检测到未授权文件修改: /workspace/.opencode/skills/no-unauthorized-write/SKILL.md
[2026-08-11 08:14:53] 检测到未授权写入: /workspace/.opencode/skills/no-unauthorized-write/SKILL.md
[2026-08-11 08:14:53] 违规已记录: 第1245次 - 检测到未授权文件修改: /workspace/.opencode/skills/no-unauthorized-write/SKILL.md
[2026-08-11 08:14:53] 检测到未授权写入: /workspace/.opencode/skills/no-unauthorized-write/SKILL.md
[2026-08-11 08:14:53] 违规已记录: 第1246次 - 检测到未授权文件修改: /workspace/.opencode/skills/no-unauthorized-write/SKILL.md
[2026-08-11 08:14:53] 检测到未授权写入: /workspace/.opencode/skills/no-unauthorized-write/SKILL.md
[2026-08-11 08:14:53] 违规已记录: 第1247次 - 检测到未授权文件修改: /workspace/.opencode/skills/no-unauthorized-write/SKILL.md
[2026-08-11 08:14:54] 检测到未授权写入: /workspace/.opencode/skills/no-unauthorized-write/SKILL.md
[2026-08-11 08:14:54] 违规已记录: 第1248次 - 检测到未授权文件修改: /workspace/.opencode/skills/no-unauthorized-write/SKILL.md
[2026-08-11 08:14:54] 检测到未授权写入: /workspace/.opencode/skills/no-unauthorized-write/SKILL.md
[2026-08-11 08:14:54] 违规已记录: 第1249次 - 检测到未授权文件修改: /workspace/.opencode/skills/no-unauthorized-write/SKILL.md
[2026-08-11 08:14:54] 检测到未授权写入: /workspace/.opencode/skills/no-unauthorized-write/SKILL.md
[2026-08-11 08:14:54] 违规已记录: 第1250次 - 检测到未授权文件修改: /workspace/.opencode/skills/no-unauthorized-write/SKILL.md
[2026-08-11 08:14:54] 检测到未授权写入: /workspace/.opencode/skills/no-unauthorized-write/SKILL.md
[2026-08-11 08:14:54] 违规已记录: 第1251次 - 检测到未授权文件修改: /workspace/.opencode/skills/no-unauthorized-write/SKILL.md
[2026-08-11 08:14:54] 检测到未授权写入: /workspace/.opencode/skills/no-unauthorized-write/SKILL.md
[2026-08-11 08:14:54] 违规已记录: 第1252次 - 检测到未授权文件修改: /workspace/.opencode/skills/no-unauthorized-write/SKILL.md
[2026-08-11 08:14:54] 检测到未授权写入: /workspace/.opencode/skills/no-unauthorized-write/SKILL.md
[2026-08-11 08:14:54] 违规已记录: 第1253次 - 检测到未授权文件修改: /workspace/.opencode/skills/no-unauthorized-write/SKILL.md
[2026-08-11 08:14:54] 检测到未授权写入: /workspace/.opencode/skills/no-unauthorized-write/SKILL.md
[2026-08-11 08:14:54] 违规已记录: 第1254次 - 检测到未授权文件修改: /workspace/.opencode/skills/no-unauthorized-write/SKILL.md
[2026-08-11 08:14:54] 检测到未授权写入: /workspace/.opencode/skills/no-unauthorized-write/SKILL.md
[2026-08-11 08:14:54] 违规已记录: 第1255次 - 检测到未授权文件修改: /workspace/.opencode/skills/no-unauthorized-write/SKILL.md
[2026-08-11 08:14:54] 检测到未授权写入: /workspace/.opencode/skills/no-unauthorized-write/SKILL.md
[2026-08-11 08:14:54] 违规已记录: 第1256次 - 检测到未授权文件修改: /workspace/.opencode/skills/no-unauthorized-write/SKILL.md
[2026-08-11 08:14:54] 检测到未授权写入: /workspace/.opencode/skills/no-unauthorized-write/SKILL.md
[2026-08-11 08:14:54] 违规已记录: 第1257次 - 检测到未授权文件修改: /workspace/.opencode/skills/no-unauthorized-write/SKILL.md
[2026-08-11 08:14:55] 检测到未授权写入: /workspace/.opencode/skills/no-unauthorized-write/SKILL.md
[2026-08-11 08:14:55] 违规已记录: 第1258次 - 检测到未授权文件修改: /workspace/.opencode/skills/no-unauthorized-write/SKILL.md
[2026-08-11 08:14:55] 检测到未授权写入: /workspace/.opencode/skills/no-unauthorized-write/SKILL.md
[2026-08-11 08:14:55] 违规已记录: 第1259次 - 检测到未授权文件修改: /workspace/.opencode/skills/no-unauthorized-write/SKILL.md
[2026-08-11 08:14:55] 检测到未授权写入: /workspace/.opencode/skills/no-unauthorized-write/SKILL.md
[2026-08-11 08:14:55] 违规已记录: 第1260次 - 检测到未授权文件修改: /workspace/.opencode/skills/no-unauthorized-write/SKILL.md
[2026-08-11 08:14:55] 检测到未授权写入: /workspace/.opencode/skills/no-unauthorized-write/SKILL.md
[2026-08-11 08:14:55] 违规已记录: 第1261次 - 检测到未授权文件修改: /workspace/.opencode/skills/no-unauthorized-write/SKILL.md
[2026-08-11 08:14:55] 检测到未授权写入: /workspace/.opencode/skills/no-unauthorized-write/SKILL.md
[2026-08-11 08:14:55] 违规已记录: 第1262次 - 检测到未授权文件修改: /workspace/.opencode/skills/no-unauthorized-write/SKILL.md
[2026-08-11 08:14:55] 检测到未授权写入: /workspace/.opencode/skills/no-unauthorized-write/SKILL.md
[2026-08-11 08:14:55] 违规已记录: 第1263次 - 检测到未授权文件修改: /workspace/.opencode/skills/no-unauthorized-write/SKILL.md
[2026-08-11 08:14:55] 检测到未授权写入: /workspace/.opencode/skills/no-unauthorized-write/SKILL.md
[2026-08-11 08:14:55] 违规已记录: 第1264次 - 检测到未授权文件修改: /workspace/.opencode/skills/no-unauthorized-write/SKILL.md
[2026-08-11 08:14:55] 检测到未授权写入: /workspace/.opencode/skills/no-unauthorized-write/SKILL.md
[2026-08-11 08:14:55] 违规已记录: 第1265次 - 检测到未授权文件修改: /workspace/.opencode/skills/no-unauthorized-write/SKILL.md
[2026-08-11 08:14:55] 检测到未授权写入: /workspace/.opencode/skills/no-unauthorized-write/SKILL.md
[2026-08-11 08:14:55] 违规已记录: 第1266次 - 检测到未授权文件修改: /workspace/.opencode/skills/no-unauthorized-write/SKILL.md
[2026-08-11 08:14:56] 检测到未授权写入: /workspace/.opencode/skills/no-unauthorized-write/SKILL.md
[2026-08-11 08:14:56] 违规已记录: 第1267次 - 检测到未授权文件修改: /workspace/.opencode/skills/no-unauthorized-write/SKILL.md
[2026-08-11 08:14:56] 检测到未授权写入: /workspace/.opencode/skills/no-unauthorized-write/SKILL.md
[2026-08-11 08:14:56] 违规已记录: 第1268次 - 检测到未授权文件修改: /workspace/.opencode/skills/no-unauthorized-write/SKILL.md
[2026-08-11 08:14:56] 检测到未授权写入: /workspace/.opencode/skills/no-unauthorized-write/SKILL.md
[2026-08-11 08:14:56] 违规已记录: 第1269次 - 检测到未授权文件修改: /workspace/.opencode/skills/no-unauthorized-write/SKILL.md
[2026-08-11 08:14:56] 检测到未授权写入: /workspace/.opencode/skills/no-unauthorized-write/SKILL.md
[2026-08-11 08:14:56] 违规已记录: 第1270次 - 检测到未授权文件修改: /workspace/.opencode/skills/no-unauthorized-write/SKILL.md
[2026-08-11 08:14:56] 检测到未授权写入: /workspace/.opencode/skills/no-unauthorized-write/SKILL.md
[2026-08-11 08:14:56] 违规已记录: 第1271次 - 检测到未授权文件修改: /workspace/.opencode/skills/no-unauthorized-write/SKILL.md
[2026-08-11 08:14:56] 检测到未授权写入: /workspace/.opencode/skills/no-unauthorized-write/SKILL.md
[2026-08-11 08:14:56] 违规已记录: 第1272次 - 检测到未授权文件修改: /workspace/.opencode/skills/no-unauthorized-write/SKILL.md
[2026-08-11 08:14:56] 检测到未授权写入: /workspace/.opencode/skills/no-unauthorized-write/SKILL.md
[2026-08-11 08:14:56] 违规已记录: 第1273次 - 检测到未授权文件修改: /workspace/.opencode/skills/no-unauthorized-write/SKILL.md
[2026-08-11 08:14:56] 检测到未授权写入: /workspace/.opencode/skills/no-unauthorized-write/SKILL.md
[2026-08-11 08:14:56] 违规已记录: 第1274次 - 检测到未授权文件修改: /workspace/.opencode/skills/no-unauthorized-write/SKILL.md
[2026-08-11 08:14:56] 检测到未授权写入: /workspace/.opencode/skills/no-unauthorized-write/SKILL.md
[2026-08-11 08:14:56] 违规已记录: 第1275次 - 检测到未授权文件修改: /workspace/.opencode/skills/no-unauthorized-write/SKILL.md
[2026-08-11 08:14:56] 检测到未授权写入: /workspace/.opencode/skills/no-unauthorized-write/SKILL.md
[2026-08-11 08:14:56] 违规已记录: 第1276次 - 检测到未授权文件修改: /workspace/.opencode/skills/no-unauthorized-write/SKILL.md
[2026-08-11 08:14:57] 检测到未授权写入: /workspace/.opencode/skills/no-unauthorized-write/SKILL.md
[2026-08-11 08:14:57] 违规已记录: 第1277次 - 检测到未授权文件修改: /workspace/.opencode/skills/no-unauthorized-write/SKILL.md
[2026-08-11 08:14:57] 检测到未授权写入: /workspace/.opencode/skills/no-unauthorized-write/SKILL.md
[2026-08-11 08:14:57] 违规已记录: 第1278次 - 检测到未授权文件修改: /workspace/.opencode/skills/no-unauthorized-write/SKILL.md
[2026-08-11 08:14:57] 检测到未授权写入: /workspace/.opencode/skills/no-unauthorized-write/SKILL.md
[2026-08-11 08:14:57] 违规已记录: 第1279次 - 检测到未授权文件修改: /workspace/.opencode/skills/no-unauthorized-write/SKILL.md
[2026-08-11 08:14:57] 检测到未授权写入: /workspace/.opencode/skills/no-unauthorized-write/SKILL.md
[2026-08-11 08:14:57] 违规已记录: 第1280次 - 检测到未授权文件修改: /workspace/.opencode/skills/no-unauthorized-write/SKILL.md
[2026-08-11 08:14:57] 检测到未授权写入: /workspace/.opencode/skills/no-unauthorized-write/SKILL.md
[2026-08-11 08:14:57] 违规已记录: 第1281次 - 检测到未授权文件修改: /workspace/.opencode/skills/no-unauthorized-write/SKILL.md
[2026-08-11 08:14:57] 检测到未授权写入: /workspace/.opencode/skills/no-unauthorized-write/SKILL.md
[2026-08-11 08:14:57] 违规已记录: 第1282次 - 检测到未授权文件修改: /workspace/.opencode/skills/no-unauthorized-write/SKILL.md
[2026-08-11 08:14:57] 检测到未授权写入: /workspace/.opencode/skills/no-unauthorized-write/SKILL.md
[2026-08-11 08:14:57] 违规已记录: 第1283次 - 检测到未授权文件修改: /workspace/.opencode/skills/no-unauthorized-write/SKILL.md
[2026-08-11 08:14:57] 检测到未授权写入: /workspace/.opencode/skills/no-unauthorized-write/SKILL.md
[2026-08-11 08:14:57] 违规已记录: 第1284次 - 检测到未授权文件修改: /workspace/.opencode/skills/no-unauthorized-write/SKILL.md
[2026-08-11 08:14:57] 检测到未授权写入: /workspace/.opencode/skills/no-unauthorized-write/SKILL.md
[2026-08-11 08:14:57] 违规已记录: 第1285次 - 检测到未授权文件修改: /workspace/.opencode/skills/no-unauthorized-write/SKILL.md
[2026-08-11 08:14:58] 检测到未授权写入: /workspace/.opencode/skills/no-unauthorized-write/SKILL.md
[2026-08-11 08:14:58] 违规已记录: 第1286次 - 检测到未授权文件修改: /workspace/.opencode/skills/no-unauthorized-write/SKILL.md
[2026-08-11 08:14:58] 检测到未授权写入: /workspace/.opencode/skills/no-unauthorized-write/SKILL.md
[2026-08-11 08:14:58] 违规已记录: 第1287次 - 检测到未授权文件修改: /workspace/.opencode/skills/no-unauthorized-write/SKILL.md
[2026-08-11 08:14:58] 检测到未授权写入: /workspace/.opencode/skills/no-unauthorized-write/SKILL.md
[2026-08-11 08:14:58] 违规已记录: 第1288次 - 检测到未授权文件修改: /workspace/.opencode/skills/no-unauthorized-write/SKILL.md
[2026-08-11 08:14:58] 检测到未授权写入: /workspace/.opencode/skills/no-unauthorized-write/SKILL.md
[2026-08-11 08:14:58] 违规已记录: 第1289次 - 检测到未授权文件修改: /workspace/.opencode/skills/no-unauthorized-write/SKILL.md
[2026-08-11 08:14:58] 检测到未授权写入: /workspace/.opencode/skills/no-unauthorized-write/SKILL.md
[2026-08-11 08:14:58] 违规已记录: 第1290次 - 检测到未授权文件修改: /workspace/.opencode/skills/no-unauthorized-write/SKILL.md
[2026-08-11 08:14:58] 检测到未授权写入: /workspace/.opencode/skills/no-unauthorized-write/SKILL.md
[2026-08-11 08:14:58] 违规已记录: 第1291次 - 检测到未授权文件修改: /workspace/.opencode/skills/no-unauthorized-write/SKILL.md
[2026-08-11 08:14:58] 检测到未授权写入: /workspace/.opencode/skills/no-unauthorized-write/SKILL.md
[2026-08-11 08:14:58] 违规已记录: 第1292次 - 检测到未授权文件修改: /workspace/.opencode/skills/no-unauthorized-write/SKILL.md
[2026-08-11 08:14:58] 检测到未授权写入: /workspace/.opencode/skills/no-unauthorized-write/SKILL.md
[2026-08-11 08:14:58] 违规已记录: 第1293次 - 检测到未授权文件修改: /workspace/.opencode/skills/no-unauthorized-write/SKILL.md
[2026-08-11 08:14:58] 检测到未授权写入: /workspace/.opencode/skills/no-unauthorized-write/SKILL.md
[2026-08-11 08:14:58] 违规已记录: 第1294次 - 检测到未授权文件修改: /workspace/.opencode/skills/no-unauthorized-write/SKILL.md
[2026-08-11 08:14:58] 检测到未授权写入: /workspace/.opencode/skills/no-unauthorized-write/SKILL.md
[2026-08-11 08:14:58] 违规已记录: 第1295次 - 检测到未授权文件修改: /workspace/.opencode/skills/no-unauthorized-write/SKILL.md
[2026-08-11 08:14:59] 检测到未授权写入: /workspace/.opencode/skills/no-unauthorized-write/SKILL.md
[2026-08-11 08:14:59] 违规已记录: 第1296次 - 检测到未授权文件修改: /workspace/.opencode/skills/no-unauthorized-write/SKILL.md
[2026-08-11 08:14:59] 检测到未授权写入: /workspace/.opencode/skills/no-unauthorized-write/SKILL.md
[2026-08-11 08:14:59] 违规已记录: 第1297次 - 检测到未授权文件修改: /workspace/.opencode/skills/no-unauthorized-write/SKILL.md
[2026-08-11 08:14:59] 检测到未授权写入: /workspace/.opencode/skills/no-unauthorized-write/SKILL.md
[2026-08-11 08:14:59] 违规已记录: 第1298次 - 检测到未授权文件修改: /workspace/.opencode/skills/no-unauthorized-write/SKILL.md
[2026-08-11 08:14:59] 检测到未授权写入: /workspace/.opencode/skills/no-unauthorized-write/SKILL.md
[2026-08-11 08:14:59] 违规已记录: 第1299次 - 检测到未授权文件修改: /workspace/.opencode/skills/no-unauthorized-write/SKILL.md
[2026-08-11 08:14:59] 检测到未授权写入: /workspace/.opencode/skills/no-unauthorized-write/SKILL.md
[2026-08-11 08:14:59] 违规已记录: 第1300次 - 检测到未授权文件修改: /workspace/.opencode/skills/no-unauthorized-write/SKILL.md
[2026-08-11 08:14:59] 检测到未授权写入: /workspace/.opencode/skills/no-unauthorized-write/SKILL.md
[2026-08-11 08:14:59] 违规已记录: 第1301次 - 检测到未授权文件修改: /workspace/.opencode/skills/no-unauthorized-write/SKILL.md
[2026-08-11 08:14:59] 检测到未授权写入: /workspace/.opencode/skills/no-unauthorized-write/SKILL.md
[2026-08-11 08:14:59] 违规已记录: 第1302次 - 检测到未授权文件修改: /workspace/.opencode/skills/no-unauthorized-write/SKILL.md
[2026-08-11 08:14:59] 检测到未授权写入: /workspace/.opencode/skills/no-unauthorized-write/SKILL.md
[2026-08-11 08:14:59] 违规已记录: 第1303次 - 检测到未授权文件修改: /workspace/.opencode/skills/no-unauthorized-write/SKILL.md
[2026-08-11 08:14:59] 检测到未授权写入: /workspace/.opencode/skills/no-unauthorized-write/SKILL.md
[2026-08-11 08:14:59] 违规已记录: 第1304次 - 检测到未授权文件修改: /workspace/.opencode/skills/no-unauthorized-write/SKILL.md
[2026-08-11 08:15:00] 检测到未授权写入: /workspace/.opencode/skills/no-unauthorized-write/SKILL.md
[2026-08-11 08:15:00] 违规已记录: 第1305次 - 检测到未授权文件修改: /workspace/.opencode/skills/no-unauthorized-write/SKILL.md
[2026-08-11 08:15:00] 检测到未授权写入: /workspace/.opencode/skills/no-unauthorized-write/SKILL.md
[2026-08-11 08:15:00] 违规已记录: 第1306次 - 检测到未授权文件修改: /workspace/.opencode/skills/no-unauthorized-write/SKILL.md
[2026-08-11 08:15:00] 检测到未授权写入: /workspace/.opencode/skills/no-unauthorized-write/SKILL.md
[2026-08-11 08:15:00] 违规已记录: 第1307次 - 检测到未授权文件修改: /workspace/.opencode/skills/no-unauthorized-write/SKILL.md
[2026-08-11 08:15:00] 检测到未授权写入: /workspace/.opencode/skills/no-unauthorized-write/SKILL.md
[2026-08-11 08:15:00] 违规已记录: 第1308次 - 检测到未授权文件修改: /workspace/.opencode/skills/no-unauthorized-write/SKILL.md
[2026-08-11 08:15:00] 检测到未授权写入: /workspace/.opencode/skills/no-unauthorized-write/SKILL.md
[2026-08-11 08:15:00] 违规已记录: 第1309次 - 检测到未授权文件修改: /workspace/.opencode/skills/no-unauthorized-write/SKILL.md
[2026-08-11 08:15:00] 检测到未授权写入: /workspace/.opencode/skills/no-unauthorized-write/SKILL.md
[2026-08-11 08:15:00] 违规已记录: 第1310次 - 检测到未授权文件修改: /workspace/.opencode/skills/no-unauthorized-write/SKILL.md
[2026-08-11 08:15:00] 检测到未授权写入: /workspace/.opencode/skills/no-unauthorized-write/SKILL.md
[2026-08-11 08:15:00] 违规已记录: 第1311次 - 检测到未授权文件修改: /workspace/.opencode/skills/no-unauthorized-write/SKILL.md
[2026-08-11 08:15:00] 检测到未授权写入: /workspace/.opencode/skills/no-unauthorized-write/SKILL.md
[2026-08-11 08:15:00] 违规已记录: 第1312次 - 检测到未授权文件修改: /workspace/.opencode/skills/no-unauthorized-write/SKILL.md
[2026-08-11 08:15:00] 检测到未授权写入: /workspace/.opencode/skills/no-unauthorized-write/SKILL.md
[2026-08-11 08:15:00] 违规已记录: 第1313次 - 检测到未授权文件修改: /workspace/.opencode/skills/no-unauthorized-write/SKILL.md
[2026-08-11 08:15:00] 检测到未授权写入: /workspace/.opencode/skills/no-unauthorized-write/SKILL.md
[2026-08-11 08:15:00] 违规已记录: 第1314次 - 检测到未授权文件修改: /workspace/.opencode/skills/no-unauthorized-write/SKILL.md
[2026-08-11 08:15:01] 检测到未授权写入: /workspace/.opencode/skills/no-unauthorized-write/SKILL.md
[2026-08-11 08:15:01] 违规已记录: 第1315次 - 检测到未授权文件修改: /workspace/.opencode/skills/no-unauthorized-write/SKILL.md
[2026-08-11 08:15:01] 检测到未授权写入: /workspace/.opencode/skills/no-unauthorized-write/SKILL.md
[2026-08-11 08:15:01] 违规已记录: 第1316次 - 检测到未授权文件修改: /workspace/.opencode/skills/no-unauthorized-write/SKILL.md
[2026-08-11 08:15:01] 检测到未授权写入: /workspace/.opencode/skills/no-unauthorized-write/SKILL.md
[2026-08-11 08:15:01] 违规已记录: 第1317次 - 检测到未授权文件修改: /workspace/.opencode/skills/no-unauthorized-write/SKILL.md
